BLOCK	CLONE	genotype	TREE	Trait	X	Y	XP	YP	x	y	tlsX	tlsY	tlsH	tlsDBH	tlsCurveWidth	tlsCurveRatio.x	tlsStemFormFactor	tlsVolume	tlsFieldRow	tlsGlobalID	WIDTH	SUM_RING_W	VOL_3M	Trial	trial	BLUPtlsCurveRatio
14	83-0184	UME_081104_P19_WG11_1	1	UME_081104_P19_WG11	772043.7	7095744.7	772044.7311	7095742.774	94	24	772044.477	7095743.003	13.272	25.78	0.08895582	1.532096	0.432255154	0.299457884	38	2518	6.269788651	100.25	169412.5655	Trial1	Trial1	1.96388672141543
14	83-0158	UME_081104_P20_WB08_1	1	UME_081104_P20_WB08	772049.7	7095764.7	772051.1654	7095762.656	100	44	772051.071	7095762.938	11.686	20.026	0.04232229	0.9543738	0.481383217	0.177198352	34	2224	4.615676015	83.45	95960.43363	Trial1	Trial1	1.85540218308482
14	83-0158	UME_081104_P20_WB08_2	2	UME_081104_P20_WB08	772047.7	7095764.7	772049.1643	7095762.699	98	44	772048.99	7095763	8.812	13.389	0.019283185	0.9226924	0.449847776	0.055813511	34	2218	-1	-1	39032.68397	Trial1	Trial1	1.84770333815547
33	83-0493	UME_081104_P22_WH02_1	1	UME_081104_P22_WH02	771959.7	7095740.7	771960.5987	7095740.583	10	20	771960.209	7095740.731	11.885	21.43	0.028386524	1.2364766	0.535360165	0.229491657	40	2591	-1	-1	123727.2211	Trial1	Trial1	1.76045641230966
33	83-0493	UME_081104_P22_WH02_2	2	UME_081104_P22_WH02	771957.7	7095740.7	771958.5976	7095740.626	8	20	771958.196	7095740.68	11.109	25.667	0.058380346	2.5591355	0.505400246	0.290503165	40	2590	5.079236737	100.725	159511.1939	Trial1	Trial1	1.94073644082758
33	83-0493	UME_081104_P22_WH02_3	3	UME_081104_P22_WH02	771955.7	7095740.7	771956.5965	7095740.669	6	20	771956.259	7095740.778	8.284	19.446	0.047314654	1.61407	0.388169454	0.095505693	40	2585	-1	-1	80821.16183	Trial1	Trial1	1.81782664150528
14	83-0155	UME_081104_P23_WB09_2	2	UME_081104_P23_WB09	772047.7	7095752.7	772048.9057	7095750.693	98	32	772048.744	7095750.94	11.371	21.503	0.118183771	2.3647746	0.452418816	0.18682212	36	2374	4.924523407	87.25	113634.0158	Trial1	Trial1	2.07069887980065
14	83-0155	UME_081104_P23_WB09_1	1	UME_081104_P23_WB09	772049.7	7095752.7	772050.9068	7095750.649	100	32	772050.772	7095750.91	11.526	19.778	0.039786055	1.5739329	0.592654832	0.209857429	36	2371	-1	-1	98432.81412	Trial1	Trial1	1.97110074038032
14	83-0155	UME_081104_P23_WB09_3	3	UME_081104_P23_WB09	772045.7	7095752.7	772046.9046	7095750.736	96	32	772046.765	7095750.983	8.996	19.339	0.023730364	0.6912846	0.54460584	0.143909854	36	2369	-1	-1	86052.81316	Trial1	Trial1	1.8408779936726
59	83-0880	UME_081104_P24_WA12_1	1	UME_081104_P24_WA12	772013.7	7095866.7	772017.344	7095865.488	64	146	772017.786	7095865.344	10.888	18.541	0.046352797	1.6269967	0.51947837	0.15271586	8	322	-1	-1	81394.6538	Trial1	Trial1	1.93849666728748
59	83-0880	UME_081104_P24_WA12_3	3	UME_081104_P24_WA12	772009.7	7095866.7	772013.3418	7095865.574	60	146	772013.548	7095865.42	7.174	17.047	0.02808577	0.8791962	0.589684386	0.09655573	8	319	-1	-1	67102.8314	Trial1	Trial1	1.84209439820452
59	83-0880	UME_081104_P24_WA12_2	2	UME_081104_P24_WA12	772011.7	7095866.7	772015.3429	7095865.531	62	146	772015.625	7095865.469	11.602	25.241	0.017711735	0.7821842	0.480119707	0.278726783	8	318	5.056046822	97.5	156361.4468	Trial1	Trial1	1.82751293453995
63	83-0943	UME_081104_P24_WC12_1	1	UME_081104_P24_WC12	771995.7	7095866.7	771999.3342	7095865.876	46	146	771999.52	7095865.709	11.285	17.991	0.046526798	1.1665655	0.453584876	0.130119145	8	309	3.408893049	68.675	79698.9824	Trial1	Trial1	1.87354305412404
63	83-0943	UME_081104_P24_WC12_2	2	UME_081104_P24_WC12	771993.7	7095866.7	771997.3331	7095865.919	44	146	771997.531	7095865.713	6.564	15.737	0.006988508	0.2259571	0.60877608	0.077724857	8	306	-1	-1	55782.38504	Trial1	Trial1	1.74489478170226
63	83-0943	UME_081104_P24_WC12_3	3	UME_081104_P24_WC12	771991.7	7095866.7	771995.332	7095865.962	42	146	771995.543	7095865.753	9.363	17.529	0.075881684	2.2693545	0.414118479	0.093574139	8	305	-1	-1	72783.68776	Trial1	Trial1	2.01425851073273
63	83-0971	UME_081104_P24_WD11_1	1	UME_081104_P24_WD11	771989.7	7095862.7	771993.2447	7095862.003	40	142	771993.27	7095862.042	8.94	15.268	0.082541634	2.6152049	0.516788921	0.084592137	10	437	-1	-1	61117.61724	Trial1	Trial1	2.06262281869017
11	83-0116	UME_081104_P24_WD12_1	1	UME_081104_P24_WD12	772061.7	7095772.7	772063.3444	7095770.402	112	52	772063.21	7095770.617	12.845	9.376	0.081024664	1.6793466	2.09495516	0.185785473	32	2070	-1	-1	92967.49892	Trial1	Trial1	2.01204322451149
11	83-0116	UME_081104_P24_WD12_2	2	UME_081104_P24_WD12	772059.7	7095772.7	772061.3433	7095770.445	110	52	772061.149	7095770.655	13.33	19.496	0.017641914	0.7414302	0.453249903	0.180362935	32	2069	4.742117432	75.8	89873.84987	Trial1	Trial1	1.88515872166173
18	83-0268	UME_081104_P24_WE12_1	1	UME_081104_P24_WE12	772019.7	7095760.7	772021.0627	7095759.3	70	40	772020.881	7095759.463	9.744	20.306	0.079231788	1.9075063	0.668511969	0.210944837	34	2194	-1	-1	103276.6671	Trial1	Trial1	1.93620096429642
18	83-0268	UME_081104_P24_WE12_2	2	UME_081104_P24_WE12	772017.7	7095760.7	772019.0616	7095759.344	68	40	772018.911	7095759.529	8.904	20.177	0.0272156	0.8553704	0.581812269	0.165644766	34	2189	-1	-1	104438.6335	Trial1	Trial1	1.79284446944348
18	83-0268	UME_081104_P24_WE12_3	3	UME_081104_P24_WE12	772015.7	7095760.7	772017.0605	7095759.387	66	40	772016.935	7095759.465	12.336	22.971	0.019756806	0.8762564	0.482413154	0.246629331	34	2185	4.976694462	91.225	127194.375	Trial1	Trial1	1.79302557783939
18	83-0243	UME_081104_P24_WF11_1	1	UME_081104_P24_WF11	772025.7	7095752.7	772026.8936	7095751.167	76	32	772026.737	7095751.168	9.341	19.809	0.099806621	1.8566813	0.523186413	0.150620933	36	2352	-1	-1	92276.61658	Trial1	Trial1	1.94125795732175
18	83-0243	UME_081104_P24_WF11_2	2	UME_081104_P24_WF11	772023.7	7095752.7	772024.8925	7095751.21	74	32	772024.655	7095751.362	9.972	21.857	0.029859631	0.9450165	0.529074957	0.197954201	36	2349	4.871651646	85.175	114456.9975	Trial1	Trial1	1.81500879674126
18	83-0243	UME_081104_P24_WF11_3	3	UME_081104_P24_WF11	772021.7	7095752.7	772022.8914	7095751.253	72	32	772022.717	7095751.314	6.712	12.435	0.027834702	0.912181	0.576738212	0.04701404	36	2342	-1	-1	34880.64661	Trial1	Trial1	1.80643123316591
36	83-0478	UME_081104_P24_WF12_2	2	UME_081104_P24_WF12	771957.7	7095800.7	771959.8908	7095800.659	8	80	771959.94	7095800.513	12.75	20.281	0.176035049	2.3046227	0.450233894	0.185442804	24	1374	-1	-1	100206.3185	Trial1	Trial1	1.98087474308819
36	83-0478	UME_081104_P24_WF12_1	1	UME_081104_P24_WF12	771959.7	7095800.7	771961.8919	7095800.616	10	80	771961.959	7095800.458	5.608	20.518	0.018682523	0.5352226	0.773454913	0.143405635	24	1369	-1	-1	101058.4222	Trial1	Trial1	1.74464071312043
36	83-0478	UME_081104_P24_WF12_3	3	UME_081104_P24_WF12	771955.7	7095800.7	771957.8897	7095800.702	6	80	771958.031	7095800.563	12.017	22.66	0.044650586	1.7182068	0.283581158	0.137428396	24	1361	4.808323494	82.45	118402.0067	Trial1	Trial1	1.90231868118042
17	83-0235	UME_081104_P24_WH11_1	1	UME_081104_P24_WH11	772025.7	7095720.7	772026.2039	7095719.149	76	0	772025.824	7095719.413	10.478	20.561	0.012011382	0.4819778	0.46699698	0.162471806	44	2949	4.320373407	80.525	98616.28554	Trial1	Trial1	1.76465764211395
17	83-0235	UME_081104_P24_WH11_2	2	UME_081104_P24_WH11	772023.7	7095720.7	772024.2028	7095719.192	74	0	772023.785	7095719.386	7.715	18.775	0.023299806	1.0184548	0.556079446	0.118773263	44	2948	-1	-1	88386.20196	Trial1	Trial1	1.82660269437639
17	83-0235	UME_081104_P24_WH11_3	3	UME_081104_P24_WH11	772021.7	7095720.7	772022.2017	7095719.235	72	0	772021.814	7095719.395	4.852	11.962	0.16516029	4.4761883	0.760573239	0.041469969	44	2947	-1	-1	35041.35477	Trial1	Trial1	2.27935505039398
26	83-0397	UME_081104_P24_WH12_1	1	UME_081104_P24_WH12	771983.7	7095748.7	771984.7843	7095748.07	34	28	771984.491	7095748.202	6.787	10.942	0.116847003	4.7272104	0.796632036	0.050839	38	2463	-1	-1	34428.96167	Trial1	Trial1	2.60701347964005
26	83-0397	UME_081104_P24_WH12_2	2	UME_081104_P24_WH12	771981.7	7095748.7	771982.7832	7095748.113	32	28	771982.359	7095748.086	5.721	10.6	0.078155139	1.9423702	0.565190729	0.028533542	38	2460	-1	-1	25262.94903	Trial1	Trial1	1.77138642216334
26	83-0397	UME_081104_P24_WH12_3	3	UME_081104_P24_WH12	771979.7	7095748.7	771980.7821	7095748.156	30	28	771980.611	7095748.203	7.033	13.543	0.024928357	1.2140569	0.50651789	0.051314525	38	2459	3.990400677	48.425	40830.62667	Trial1	Trial1	1.68781985323112
27	83-0397	UME_081104_P24_WH12_3	3	UME_081104_P24_WH12	771979.7	7095772.7	771981.2994	7095772.169	30	52	771981.202	7095772.042	8.957	24.235	0.081239748	0.9836231	0.499926858	0.206566857	32	1995	3.990400677	48.425	134555.8786	Trial1	Trial1	1.68781985323112
27	83-0397	UME_081104_P24_WH12_1	1	UME_081104_P24_WH12	771983.7	7095772.7	771985.3016	7095772.083	34	52	771985.096	7095771.828	10.081	23.911	0.115171289	5.3754595	0.375335137	0.169909211	32	1992	-1	-1	116229.185	Trial1	Trial1	2.60701347964005
27	83-0397	UME_081104_P24_WH12_2	2	UME_081104_P24_WH12	771981.7	7095772.7	771983.3005	7095772.126	32	52	771983.158	7095772.016	10.062	20.91	0.02531455	1.017945	0.558287728	0.192906732	32	1989	-1	-1	103244.7689	Trial1	Trial1	1.77138642216334
42	83-0644	UME_081104_P25_WA02_1	1	UME_081104_P25_WA02	772073.7	7095842.7	772076.8597	7095840.182	124	122	772077.011	7095840.378	10.884	23.299	0.071797618	2.4023541	0.465366168	0.21595588	14	787	-1	-1	146284.232	Trial1	Trial1	2.05393044234064
42	83-0644	UME_081104_P25_WA02_2	2	UME_081104_P25_WA02	772071.7	7095842.7	772074.8586	7095840.225	122	122	772075.028	7095840.373	5.216	22.92	0.015432869	0.4526015	0.755952207	0.16268936	14	786	8.04443315	112.85	125034.2308	Trial1	Trial1	1.79595308168253
42	83-0644	UME_081104_P25_WA02_3	3	UME_081104_P25_WA02	772069.7	7095842.7	772072.8575	7095840.268	120	122	772072.977	7095840.411	11.41	29.527	0.022949274	1.043377	0.454224228	0.354872059	14	780	-1	-1	213258.7661	Trial1	Trial1	1.87764731489093
54	83-0809	UME_081104_P25_WA03_2	2	UME_081104_P25_WA03	772029.7	7095850.7	772033.008	7095849.134	80	130	772033.119	7095849.122	11.614	21.977	0.039913878	1.5026796	0.488266226	0.215111552	12	601	4.686531763	82.575	118552.9193	Trial1	Trial1	1.86389115207804
54	83-0809	UME_081104_P25_WA03_1	1	UME_081104_P25_WA03	772031.7	7095850.7	772035.0091	7095849.091	82	130	772035.216	7095849.026	10.603	21.171	0.012678044	0.7004858	0.433688467	0.161881587	12	600	-1	-1	101156.0229	Trial1	Trial1	1.75243428669802
25	83-0410	UME_081104_P25_WA06_1	1	UME_081104_P25_WA06	771983.7	7095720.7	771984.1809	7095720.054	34	0	771983.785	7095719.994	6.515	17.945	0.036419624	1.7773389	0.532173358	0.087690077	44	2908	-1	-1	68932.98704	Trial1	Trial1	1.89523050940748
25	83-0410	UME_081104_P25_WA06_2	2	UME_081104_P25_WA06	771981.7	7095720.7	771982.1798	7095720.097	32	0	771981.863	7095720.173	10.842	27.047	0.041643367	1.6146076	0.463217874	0.288554342	44	2900	6.067245383	95.475	161519.0605	Trial1	Trial1	1.87734817226972
25	83-0410	UME_081104_P25_WA06_3	3	UME_081104_P25_WA06	771979.7	7095720.7	771980.1787	7095720.141	30	0	771980.064	7095719.99	8.11	5.716	0.019227452	0.8310537	1.585033651	0.032987051	44	2899	-1	-1	12901.32404	Trial1	Trial1	1.7770165099265
35	83-0512	UME_081104_P25_WA07_1	1	UME_081104_P25_WA07	771953.7	7095772.7	771955.2851	7095772.729	4	52	771955.152	7095772.493	9.403	14.926	0.060222256	2.1872859	0.559521862	0.092055742	32	1967	3.111109165	56.375	58385.41005	Trial1	Trial1	2.01647010482873
35	83-0512	UME_081104_P25_WA07_2	2	UME_081104_P25_WA07	771951.7	7095772.7	771953.284	7095772.773	2	52	771953.144	7095772.461	8.826	15.612	0.063047605	1.9852175	0.474868338	0.080236159	32	1966	-1	-1	55270.52801	Trial1	Trial1	1.99087420469105
35	83-0512	UME_081104_P25_WA07_3	3	UME_081104_P25_WA07	771949.7	7095772.7	771951.2829	7095772.816	0	52	771951.087	7095772.633	6.78	17.231	0.114415098	3.9432383	0.675632985	0.106824775	32	1965	-1	-1	60623.26913	Trial1	Trial1	2.25386702745583
59	83-0929	UME_081104_P25_WA08_1	1	UME_081104_P25_WA08	772001.7	7095878.7	772005.5961	7095877.753	52	158	772005.869	7095877.562	11.04	17.749	0.044015796	1.7481007	0.869409518	0.237483864	6	183	4.553131146	89.325	96337.79453	Trial1	Trial1	1.94566108686057
59	83-0929	UME_081104_P25_WA08_2	2	UME_081104_P25_WA08	771999.7	7095878.7	772003.595	7095877.796	50	158	772003.775	7095877.607	10.563	21.312	0.041363349	1.6463384	0.500776626	0.188693468	6	182	-1	-1	109050.4991	Trial1	Trial1	1.93064659102079
59	83-0929	UME_081104_P25_WA08_3	3	UME_081104_P25_WA08	771997.7	7095878.7	772001.5939	7095877.839	48	158	772001.944	7095877.637	4.683	19.513	0.021304474	1.2956546	0.665957633	0.093260944	6	181	-1	-1	86596.74827	Trial1	Trial1	1.88158858338251
24	83-0303	UME_081104_P25_WA09_1	1	UME_081104_P25_WA09	772007.7	7095796.7	772009.832	7095795.579	58	76	772009.754	7095795.477	11.756	22.007	0.099116172	2.1806575	0.444924112	0.198953326	26	1575	-1	-1	129427.5089	Trial1	Trial1	2.02961377907334
24	83-0303	UME_081104_P25_WA09_2	2	UME_081104_P25_WA09	772005.7	7095796.7	772007.8309	7095795.622	56	76	772007.829	7095795.693	8.819	19.324	0.044650589	1.9746637	0.521201536	0.134807206	26	1574	-1	-1	90398.42376	Trial1	Trial1	2.00341919769234
24	83-0303	UME_081104_P25_WA09_3	3	UME_081104_P25_WA09	772003.7	7095796.7	772005.8298	7095795.665	54	76	772005.8	7095795.566	9.66	20.211	0.022845264	1.1311914	0.519438563	0.160988182	26	1573	4.059545698	75.5	102998.6903	Trial1	Trial1	1.89206271927929
13	83-0148	UME_081104_P25_WA11_1	1	UME_081104_P25_WA11	772049.7	7095724.7	772050.3033	7095722.634	100	4	772049.927	7095722.907	12.06	22.599	0.132541882	2.4101398	0.374134179	0.180981137	44	2976	-1	-1	129014.9618	Trial1	Trial1	1.9580292991087
13	83-0148	UME_081104_P25_WA11_2	2	UME_081104_P25_WA11	772047.7	7095724.7	772048.3022	7095722.677	98	4	772047.94	7095722.921	12.253	26.03	0.073120017	2.6795017	0.431387958	0.281283816	44	2973	5.551798709	100.375	176174.1558	Trial1	Trial1	1.98172089064467
13	83-0148	UME_081104_P25_WA11_3	3	UME_081104_P25_WA11	772045.7	7095724.7	772046.3011	7095722.72	96	4	772045.975	7095723.02	6.854	15.556	0.040203487	1.7315364	0.693193808	0.090295101	44	2970	-1	-1	69581.17791	Trial1	Trial1	1.84265155110855
15	83-0160	UME_081104_P25_WB01_1	1	UME_081104_P25_WB01	772049.7	7095772.7	772051.3378	7095770.66	100	52	772051.168	7095770.874	12.068	20.115	0.021833604	0.8611734	0.541072838	0.207507879	32	2060	4.338286249	82.725	108282.1826	Trial1	Trial1	1.84473798493881
15	83-0160	UME_081104_P25_WB01_2	2	UME_081104_P25_WB01	772047.7	7095772.7	772049.3367	7095770.704	98	52	772049.297	7095770.806	11.076	20.516	0.029540639	1.1865062	0.489972133	0.179402848	32	2058	-1	-1	97852.99989	Trial1	Trial1	1.88626309824555
15	83-0160	UME_081104_P25_WB01_3	3	UME_081104_P25_WB01	772045.7	7095772.7	772047.3356	7095770.747	96	52	772047.175	7095770.778	6.339	17.215	0.015350301	0.638687	0.607595094	0.089649765	32	2056	-1	-1	67032.73774	Trial1	Trial1	1.81102226205766
29	83-0415	UME_081104_P25_WB02_3	3	UME_081104_P25_WB02	771973.7	7095736.7	771974.5202	7095736.279	24	16	771974.266	7095736.379	12.908	24.097	0.183283925	3.7572716	0.37682594	0.221835711	40	2599	6.562956582	103.275	149544.4011	Trial1	Trial1	2.238643894924
29	83-0415	UME_081104_P25_WB02_2	2	UME_081104_P25_WB02	771975.7	7095736.7	771976.5213	7095736.236	26	16	771976.096	7095736.295	12.097	23.781	0.049883441	1.6719814	0.561166935	0.301527319	40	2598	-1	-1	136414.2368	Trial1	Trial1	1.9550054760206
29	83-0413	UME_081104_P25_WB05_2	2	UME_081104_P25_WB05	771975.7	7095728.7	771976.3489	7095728.231	26	8	771976.012	7095728.332	12.218	20.229	0.185380871	2.4690671	0.466794459	0.183294229	42	2763	4.920978146	81.1	101984.6627	Trial1	Trial1	2.04775678710353
29	83-0413	UME_081104_P25_WB05_1	1	UME_081104_P25_WB05	771977.7	7095728.7	771978.35	7095728.188	28	8	771978.016	7095728.218	9.198	16.495	0.033312332	1.2914415	0.511696541	0.100580741	42	2749	-1	-1	63484.24109	Trial1	Trial1	1.88538016854856
50	83-0766	UME_081104_P25_WB06_2	2	UME_081104_P25_WB06	772041.7	7095838.7	772044.7559	7095836.869	92	118	772044.877	7095836.803	10.858	20.367	0.069404443	2.0325048	0.434451503	0.153679437	16	899	-1	-1	97575.32497	Trial1	Trial1	1.98663385732673
50	83-0766	UME_081104_P25_WB06_3	3	UME_081104_P25_WB06	772039.7	7095838.7	772042.7548	7095836.912	90	118	772042.782	7095836.871	11.334	25.181	0.01065231	0.6562246	0.441975805	0.249474849	16	893	4.283657612	83.3	144227.624	Trial1	Trial1	1.80728537282411
70	83-1106	UME_081104_P25_WB07_1	1	UME_081104_P25_WB07	771953.7	7095850.7	771956.9663	7095850.772	4	130	771957.085	7095850.325	11.869	23.864	0.077087077	7.2483901	0.40720917	0.216174169	12	535	-1	-1	115081.2341	Trial1	Trial1	2.58609296132704
70	83-1106	UME_081104_P25_WB07_2	2	UME_081104_P25_WB07	771951.7	7095850.7	771954.9652	7095850.815	2	130	771955.105	7095850.387	10.754	19.38	0.035707737	1.3598024	0.464664504	0.147402823	12	534	4.776661207	83.475	86900.91662	Trial1	Trial1	1.79498815917598
70	83-1106	UME_081104_P25_WB07_3	3	UME_081104_P25_WB07	771949.7	7095850.7	771952.9641	7095850.859	0	130	771952.952	7095850.59	8.488	21.221	0.071906787	2.4774269	0.518851805	0.155762602	12	533	-1	-1	103581.8052	Trial1	Trial1	1.94008510406624
34	83-0490	UME_081104_P25_WB09_3	3	UME_081104_P25_WB09	771955.7	7095752.7	771956.8552	7095752.675	6	32	771956.637	7095752.707	8.415	22.391	0.018582962	0.6876715	0.620089376	0.205467173	36	2282	5.394684667	84.55	126422.6947	Trial1	Trial1	1.82576199723725
34	83-0490	UME_081104_P25_WB09_1	1	UME_081104_P25_WB09	771959.7	7095752.7	771960.8574	7095752.589	10	32	771960.513	7095752.545	12.626	29.235	0.168454377	4.8160178	0.304992022	0.258493273	36	2281	-1	-1	168473.9304	Trial1	Trial1	2.37193808527937
34	83-0490	UME_081104_P25_WB09_2	2	UME_081104_P25_WB09	771957.7	7095752.7	771958.8563	7095752.632	8	32	771958.644	7095752.721	7.896	21.681	0.026041959	0.8626098	0.598957147	0.174608034	36	2279	-1	-1	121581.2514	Trial1	Trial1	1.84649945394444
68	AC1008	UME_081104_P25_WB10_3	3	UME_081104_P25_WB10	771973.7	7095886.7	771977.7531	7095886.361	24	166	771978.022	7095886.566	11.529	24.948	0.007211814	0.4687938	0.41173419	0.232053886	4	30	-1	-1	138827.1345	Trial1	Trial1	1.89762290726069
68	AC1008	UME_081104_P25_WB10_2	2	UME_081104_P25_WB10	771969.7	7095886.7	771973.7509	7095886.447	20	166	771973.999	7095886.529	11.877	24.144	0.078832314	1.5624972	0.355076434	0.193076774	4	27	-1	-1	127744.5337	Trial1	Trial1	2.02696304449992
68	AC1008	UME_081104_P25_WB10_1	1	UME_081104_P25_WB10	771971.7	7095886.7	771975.752	7095886.404	22	166	771976.081	7095886.466	9.231	19.542	0.038161895	1.4252188	0.516113809	0.140217242	4	25	-1	-1	96508.29905	Trial1	Trial1	2.01699508382629
18	83-0227	UME_081104_P25_WB11_2	2	UME_081104_P25_WB11	772029.7	7095748.7	772030.8096	7095747.078	80	28	772030.647	7095747.233	10.086	23.434	0.010539163	0.3785354	0.577909377	0.251417223	38	2506	4.714651913	95.125	138166.8009	Trial1	Trial1	1.75693521727489
18	83-0227	UME_081104_P25_WB11_3	3	UME_081104_P25_WB11	772027.7	7095748.7	772028.8085	7095747.121	78	28	772028.604	7095747.28	10.482	18.514	0.021969647	0.8431845	0.475050424	0.134054133	38	2505	-1	-1	83567.47947	Trial1	Trial1	1.81331970255288
7	83-0030	UME_081104_P25_WB12_1	1	UME_081104_P25_WB12	772085.7	7095780.7	772087.53	7095777.889	136	60	772087.415	7095778.192	12.07	20.937	0.022653163	0.9371152	0.467931862	0.194453867	30	1942	4.182029507	77.9	103096.2648	Trial1	Trial1	1.8741622803732
17	83-0231	UME_081104_P25_WC01_1	1	UME_081104_P25_WC01	772031.7	7095732.7	772032.4658	7095731.026	82	12	772032.166	7095731.139	5.649	16.503	0.035699283	1.1767887	0.647456366	0.07823626	42	2808	-1	-1	60664.08834	Trial1	Trial1	1.87840537202684
17	83-0231	UME_081104_P25_WC01_2	2	UME_081104_P25_WC01	772029.7	7095732.7	772030.4647	7095731.07	80	12	772030.135	7095731.163	10.568	19.117	0.00936978	0.4206146	0.483606977	0.146699148	42	2807	-1	-1	85261.21697	Trial1	Trial1	1.76838714145323
17	83-0231	UME_081104_P25_WC01_3	3	UME_081104_P25_WC01	772027.7	7095732.7	772028.4636	7095731.113	78	12	772028.161	7095731.254	8.886	18.162	0.013250538	0.6913805	0.469764659	0.108143812	42	2806	4.416963714	76.325	74508.48975	Trial1	Trial1	1.79605396619903
34	83-0508	UME_081104_P25_WC02_1	1	UME_081104_P25_WC02	771953.7	7095756.7	771954.9403	7095756.721	4	36	771954.683	7095756.673	10.302	22.523	0.030254327	1.1987159	0.499652035	0.205079019	36	2277	4.65972822	90.2	117595.9122	Trial1	Trial1	1.89872509360004
34	83-0508	UME_081104_P25_WC02_2	2	UME_081104_P25_WC02	771951.7	7095756.7	771952.9392	7095756.764	2	36	771952.74	7095756.711	5.572	23.721	0.010009369	0.3858863	0.631299031	0.155451198	36	2276	-1	-1	126825.1829	Trial1	Trial1	1.792325538709
34	83-0508	UME_081104_P25_WC02_3	3	UME_081104_P25_WC02	771949.7	7095756.7	771950.9381	7095756.807	0	36	771950.779	7095756.767	7.764	19.405	0.145317026	3.6997208	0.521418054	0.119722949	36	2275	-1	-1	78474.2195	Trial1	Trial1	2.23730300589696
35	83-0515	UME_081104_P25_WC04_3	3	UME_081104_P25_WC04	771949.7	7095784.7	771951.5416	7095784.822	0	64	771951.536	7095784.743	9.064	24.747	0.03674672	0.7169964	0.477982622	0.208383193	28	1672	4.955642557	99.3	136507.1849	Trial1	Trial1	1.81112744352088
35	83-0515	UME_081104_P25_WC04_1	1	UME_081104_P25_WC04	771953.7	7095784.7	771955.5438	7095784.736	4	64	771955.414	7095784.772	6.29	11.913	0.055648175	2.0262526	0.538769531	0.037772493	28	1668	-1	-1	30893.52905	Trial1	Trial1	1.9845382198931
35	83-0515	UME_081104_P25_WC04_2	2	UME_081104_P25_WC04	771951.7	7095784.7	771953.5427	7095784.779	2	64	771953.484	7095784.612	6.359	12.2	0.020880006	0.7173042	0.549627618	0.040860458	28	1667	-1	-1	30938.23217	Trial1	Trial1	1.81042254070589
8	83-0036	UME_081104_P25_WC05_1	1	UME_081104_P25_WC05	772085.7	7095804.7	772088.0473	7095801.902	136	84	772088.066	7095802.16	10.764	20.566	0.138689849	4.5937549	0.289801563	0.103620047	24	1492	-1	-1	91595.9662	Trial1	Trial1	2.27584881313343
8	83-0036	UME_081104_P25_WC05_2	2	UME_081104_P25_WC05	772083.7	7095804.7	772086.0462	7095801.945	134	84	772085.983	7095802.167	7.595	15.743	0.011291198	0.3880158	0.528199687	0.078091499	24	1489	4.797709625	72.325	60175.52294	Trial1	Trial1	1.71445382230476
8	83-0036	UME_081104_P25_WC05_3	3	UME_081104_P25_WC05	772081.7	7095804.7	772084.0451	7095801.988	132	84	772084.001	7095802.247	8.54	24.047	0.029175721	1.136981	0.567922433	0.220290791	24	1488	-1	-1	135401.9451	Trial1	Trial1	1.81520491476373
9	83-0141	UME_081104_P25_WC06_2	2	UME_081104_P25_WC06	772053.7	7095740.7	772054.6503	7095738.557	104	20	772054.343	7095738.84	11.417	18.545	0.048968899	1.3854968	0.483138317	0.148994849	40	2686	4.397339781	69.675	83042.60546	Trial1	Trial1	1.76576006655524
9	83-0141	UME_081104_P25_WC06_1	1	UME_081104_P25_WC06	772055.7	7095740.7	772056.6514	7095738.514	106	20	772056.459	7095738.834	7.868	17.37	0.100249686	4.5592259	0.603322585	0.112487857	40	2685	-1	-1	86560.1179	Trial1	Trial1	2.19807607225284
9	83-0141	UME_081104_P25_WC06_3	3	UME_081104_P25_WC06	772051.7	7095740.7	772052.6492	7095738.6	102	20	772052.501	7095738.854	7.92	16.853	0.058100431	2.1993071	0.544463258	0.096194713	40	2678	-1	-1	68409.66677	Trial1	Trial1	1.86605685293269
6	83-0393	UME_081104_P25_WC07_1	1	UME_081104_P25_WC07	772079.7	7095748.7	772080.837	7095746.001	130	28	772080.604	7095746.426	5.628	6.532	0.019578762	2.0727666	0.711185916	0.013415599	38	2554	-1	-1	11872.54261	Trial1	Trial1	1.832849115196
6	83-0393	UME_081104_P25_WC07_2	2	UME_081104_P25_WC07	772077.7	7095748.7	772078.8359	7095746.044	128	28	772078.804	7095746.48	6.697	11.06	0.041410611	2.2596115	0.510172017	0.032825906	38	2552	-1	-1	27513.8912	Trial1	Trial1	1.91912236544214
6	83-0393	UME_081104_P25_WC07_3	3	UME_081104_P25_WC07	772075.7	7095748.7	772076.8348	7095746.087	126	28	772076.881	7095746.489	8.804	13.873	0.03270759	1.5565192	0.461160663	0.061372782	38	2547	4.352230504	49.65	42708.46826	Trial1	Trial1	1.90263243740705
27	83-0393	UME_081104_P25_WC07_1	1	UME_081104_P25_WC07	771983.7	7095788.7	771985.6464	7095788.092	34	68	771985.551	7095787.993	10.581	24.974	0.028130383	1.1303705	0.508747176	0.263683768	28	1701	-1	-1	149520.7133	Trial1	Trial1	1.832849115196
27	83-0393	UME_081104_P25_WC07_2	2	UME_081104_P25_WC07	771981.7	7095788.7	771983.6454	7095788.135	32	68	771983.617	7095788.004	9.847	20.423	0.040826313	1.6959644	0.463373674	0.149481347	28	1697	-1	-1	100902.0196	Trial1	Trial1	1.91912236544214
27	83-0393	UME_081104_P25_WC07_3	3	UME_081104_P25_WC07	771979.7	7095788.7	771981.6443	7095788.178	30	68	771981.532	7095788.067	5.916	22.728	0.068663	2.2808843	0.774802831	0.185956619	28	1696	4.352230504	49.65	131773.9287	Trial1	Trial1	1.90263243740705
6	83-0068	UME_081104_P25_WC08_3	3	UME_081104_P25_WC08	772069.7	7095756.7	772071.004	7095754.221	120	36	772070.983	7095754.575	7.103	16.655	0.025712001	1.5485547	0.496492436	0.076828757	36	2394	4.944711124	75.75	60828.4909	Trial1	Trial1	1.84395461115278
6	83-0068	UME_081104_P25_WC08_2	2	UME_081104_P25_WC08	772071.7	7095756.7	772073.0051	7095754.177	122	36	772072.843	7095754.525	7.925	19.597	0.055489867	3.63242	0.510789959	0.12209621	36	2392	-1	-1	90322.71246	Trial1	Trial1	2.12595732555191
54	83-0994	UME_081104_P25_WC09_1	1	UME_081104_P25_WC09	772031.7	7095846.7	772034.9229	7095845.089	82	126	772035.044	7095845.086	7.525	15.095	0.084722258	1.7831086	0.486117789	0.065466683	14	753	5.917249167	117.825	50173.42287	Trial1	Trial1	1.89644036177582
54	83-0994	UME_081104_P25_WC09_2	2	UME_081104_P25_WC09	772029.7	7095846.7	772032.9218	7095845.132	80	126	772032.906	7095845.143	8.651	12.345	0.03125842	1.0482863	0.52997126	0.054879585	14	750	-1	-1	37289.54457	Trial1	Trial1	1.84561887661552
54	83-0994	UME_081104_P25_WC09_3	3	UME_081104_P25_WC09	772027.7	7095846.7	772030.9207	7095845.175	78	126	772030.898	7095845.202	9.81	12.602	0.038617577	1.2549477	0.502398839	0.061476	14	749	-1	-1	39905.56965	Trial1	Trial1	1.94700822867565
62	83-0994	UME_081104_P25_WC09_1	1	UME_081104_P25_WC09	771983.7	7095846.7	771986.8965	7095846.124	34	126	771987.012	7095846.032	12.622	30.619	0.051916559	1.8892916	0.488090706	0.453623855	14	706	5.917249167	117.825	209324.3673	Trial1	Trial1	1.89644036177582
62	83-0994	UME_081104_P25_WC09_2	2	UME_081104_P25_WC09	771981.7	7095846.7	771984.8954	7095846.167	32	126	771984.942	7095846.088	9.324	19.884	0.069007508	2.1937792	0.414998058	0.120156956	14	705	-1	-1	87946.52963	Trial1	Trial1	1.84561887661552
62	83-0994	UME_081104_P25_WC09_3	3	UME_081104_P25_WC09	771979.7	7095846.7	771982.8943	7095846.21	30	126	771982.962	7095846.1	6.752	21.957	0.075919656	2.8511303	0.465041593	0.118885446	14	702	-1	-1	110516.955	Trial1	Trial1	1.94700822867565
16	83-0210	UME_081104_P25_WC10_1	1	UME_081104_P25_WC10	772037.7	7095796.7	772039.8485	7095794.932	88	76	772039.81	7095794.948	10.5	23.863	0.00938833	0.4159117	0.510002616	0.239493165	26	1608	4.914389125	99.3	135955.0465	Trial1	Trial1	1.80723039869169
16	83-0210	UME_081104_P25_WC10_2	2	UME_081104_P25_WC10	772035.7	7095796.7	772037.8474	7095794.975	86	76	772037.848	7095794.985	9.501	22.758	0.107426915	1.9251721	0.360615731	0.139370733	26	1607	-1	-1	124900.4669	Trial1	Trial1	2.01018494138894
25	83-0363	UME_081104_P25_WC11_1	1	UME_081104_P25_WC11	771995.7	7095732.7	771996.4461	7095731.802	46	12	771996.135	7095731.723	12.682	25.862	0.024852383	0.8662478	0.478137806	0.318536855	42	2774	-1	-1	175148.4654	Trial1	Trial1	1.78352397239433
25	83-0363	UME_081104_P25_WC11_2	2	UME_081104_P25_WC11	771993.7	7095732.7	771994.445	7095731.845	44	12	771994.499	7095731.763	7.03	22.342	0.076689665	2.1844867	0.714422767	0.196905179	42	2771	5.127276979	90.075	128348.5531	Trial1	Trial1	1.95957881393471
25	83-0363	UME_081104_P25_WC11_3	3	UME_081104_P25_WC11	771991.7	7095732.7	771992.4439	7095731.889	42	12	771992.494	7095731.905	12.166	23.412	0.036569051	1.0004751	0.543523065	0.284660745	42	2768	-1	-1	144601.0494	Trial1	Trial1	1.80206656163069
29	83-0414	UME_081104_P25_WC12_1	1	UME_081104_P25_WC12	771977.7	7095732.7	771978.4362	7095732.19	28	12	771978.16	7095732.236	12.323	24.973	0.033876623	1.3095646	0.426826409	0.257636937	42	2753	4.96435856	97.725	135854.7943	Trial1	Trial1	1.89475649269254
29	83-0414	UME_081104_P25_WC12_2	2	UME_081104_P25_WC12	771975.7	7095732.7	771976.4351	7095732.233	26	12	771976.099	7095732.225	10.435	21.076	0.032878594	1.1937772	0.4192223	0.152613837	42	2752	-1	-1	104993.8406	Trial1	Trial1	1.88424535094553
29	83-0414	UME_081104_P25_WC12_3	3	UME_081104_P25_WC12	771973.7	7095732.7	771974.434	7095732.276	24	12	771974.135	7095732.167	7.361	22.924	0.039765301	1.4146516	0.61714011	0.187487919	42	2748	-1	-1	129358.6606	Trial1	Trial1	1.9188732028318
63	83-0941	UME_081104_P25_WD01_1	1	UME_081104_P25_WD01	771995.7	7095874.7	771999.5066	7095873.88	46	154	771999.681	7095873.602	6.531	19.072	0.031986835	0.9833789	0.584116404	0.108983231	6	184	-1	-1	85455.05016	Trial1	Trial1	1.83801574956394
63	83-0941	UME_081104_P25_WD01_2	2	UME_081104_P25_WD01	771993.7	7095874.7	771997.5055	7095873.923	44	154	771997.783	7095873.618	9.441	18.74	0.113895406	2.9724283	0.466030511	0.121363711	6	177	-1	-1	80917.98736	Trial1	Trial1	2.10026372144446
63	83-0941	UME_081104_P25_WD01_3	3	UME_081104_P25_WD01	771991.7	7095874.7	771995.5044	7095873.966	42	154	771995.786	7095873.799	10.492	22.28	0.13543051	3.6220883	0.426452533	0.174446535	6	175	4.167091587	83.225	118313.3305	Trial1	Trial1	2.18279440085183
39	83-0572	UME_081104_P25_WD02_2	2	UME_081104_P25_WD02	772089.7	7095878.7	772093.6444	7095875.856	140	158	772093.918	7095876.325	10.877	18.064	0.179003838	2.4604637	0.475437699	0.132529869	6	257	4.357520789	71.675	77490.02909	Trial1	Trial1	1.83592441727561
39	83-0572	UME_081104_P25_WD02_1	1	UME_081104_P25_WD02	772091.7	7095878.7	772095.6455	7095875.813	142	158	772095.695	7095876.416	7.937	12.73	0.022653596	0.4025873	0.579812038	0.058572483	6	254	-1	-1	34495.30699	Trial1	Trial1	1.55617923431256
39	83-0572	UME_081104_P25_WD02_3	3	UME_081104_P25_WD02	772087.7	7095878.7	772091.6433	7095875.9	138	158	772091.632	7095876.067	4.101	9.035	0.022229345	5.6039123	0.553806699	0.014561097	6	251	-1	-1	14129.1672	Trial1	Trial1	2.26057372443767
37	83-0584	UME_081104_P25_WD03_1	1	UME_081104_P25_WD03	772091.7	7095830.7	772094.6109	7095827.787	142	110	772094.703	7095828.144	11.918	18.925	0.077392084	1.7641182	0.373805068	0.125320592	18	1069	4.726690052	67.125	85475.76575	Trial1	Trial1	1.99550585964001
37	83-0584	UME_081104_P25_WD03_3	3	UME_081104_P25_WD03	772087.7	7095830.7	772090.6087	7095827.873	138	110	772090.851	7095828.145	7.551	9.946	0.031986554	1.0177766	0.969829739	0.056892093	18	1067	-1	-1	24358.25495	Trial1	Trial1	1.89941132649528
15	83-0206	UME_081104_P25_WD04_1	1	UME_081104_P25_WD04	772037.7	7095780.7	772039.5037	7095778.923	88	60	772039.409	7095778.991	8.853	15.426	0.078764463	5.8476423	0.514954292	0.085199638	30	1899	-1	-1	55325.85109	Trial1	Trial1	2.48622222713749
15	83-0206	UME_081104_P25_WD04_2	2	UME_081104_P25_WD04	772035.7	7095780.7	772037.5026	7095778.967	86	60	772037.429	7095778.988	10.759	18.01	0.182920377	7.2670122	0.477934416	0.130995878	30	1896	4.847983542	80.225	73940.17336	Trial1	Trial1	2.67493361236414
15	83-0206	UME_081104_P25_WD04_3	3	UME_081104_P25_WD04	772033.7	7095780.7	772035.5015	7095779.01	84	60	772035.389	7095779.128	4.513	15.575	0.016776181	0.6359453	0.734991718	0.063192158	30	1895	-1	-1	55553.89912	Trial1	Trial1	1.78795540905009
62	83-0964	UME_081104_P25_WD05_1	1	UME_081104_P25_WD05	771989.7	7095834.7	771992.6412	7095833.988	40	114	771992.725	7095833.908	12.471	17.661	0.092187989	2.7004849	0.501575159	0.153229096	16	849	-1	-1	74161.2776	Trial1	Trial1	2.08947739736428
62	83-0964	UME_081104_P25_WD05_2	2	UME_081104_P25_WD05	771987.7	7095834.7	771990.6401	7095834.031	38	114	771990.602	7095834.023	12.547	21.019	0.084825684	2.1604873	0.40656674	0.177000151	16	848	4.741363853	83.075	98017.23224	Trial1	Trial1	2.01492356833971
62	83-0964	UME_081104_P25_WD05_3	3	UME_081104_P25_WD05	771985.7	7095834.7	771988.639	7095834.074	36	114	771988.713	7095834.14	8.641	17.104	0.125399626	3.721596	0.456643622	0.090662958	16	844	-1	-1	68332.1127	Trial1	Trial1	2.22080335594734
25	83-0365	UME_081104_P25_WD08_1	1	UME_081104_P25_WD08	771995.7	7095724.7	771996.2737	7095723.798	46	4	771995.748	7095723.69	7.175	18.304	0.052077017	2.6329971	0.498452692	0.094111446	44	2920	5.497353331	66.425	72471.21951	Trial1	Trial1	2.00832265975796
26	83-0355	UME_081104_P25_WD09_1	1	UME_081104_P25_WD09	771995.7	7095764.7	771997.1358	7095763.82	46	44	771996.947	7095763.775	9.983	16.578	0.032606182	1.2205273	0.482408664	0.103948757	34	2165	-1	-1	64479.10677	Trial1	Trial1	1.8242635110685
26	83-0355	UME_081104_P25_WD09_3	3	UME_081104_P25_WD09	771991.7	7095764.7	771993.1336	7095763.906	42	44	771992.937	7095763.877	8.481	19.612	0.075748524	1.5925543	0.511605115	0.131078979	34	2164	3.998338569	80.925	92338.87015	Trial1	Trial1	1.87864065957347
47	83-0669	UME_081104_P25_WD10_1	1	UME_081104_P25_WD10	772067.7	7095858.7	772071.2013	7095856.32	118	138	772071.308	7095856.419	7.648	15.512	0.044726937	1.6710264	0.552839578	0.079906591	10	500	-1	-1	54213.67201	Trial1	Trial1	1.8955121188142
47	83-0669	UME_081104_P25_WD10_2	2	UME_081104_P25_WD10	772065.7	7095858.7	772069.2002	7095856.363	116	138	772069.493	7095856.539	11.996	27.91	0.07681971	3.3489171	0.426718113	0.313176421	10	499	-1	-1	182969.9427	Trial1	Trial1	2.12360411975621
47	83-0669	UME_081104_P25_WD10_3	3	UME_081104_P25_WD10	772063.7	7095858.7	772067.1991	7095856.406	114	138	772067.324	7095856.462	12.893	25.875	0.018450327	1.0418092	0.441307345	0.299194923	10	498	5.822330494	99.8	157686.2488	Trial1	Trial1	1.81952813638028
59	83-0897	UME_081104_P25_WE01_2	2	UME_081104_P25_WE01	772005.7	7095866.7	772009.3396	7095865.66	56	146	772009.601	7095865.493	11.969	23.745	0.128225629	1.9933457	0.42723912	0.226448911	8	321	4.80044661	89.1	137057.5968	Trial1	Trial1	1.99318867384223
59	83-0897	UME_081104_P25_WE01_1	1	UME_081104_P25_WE01	772007.7	7095866.7	772011.3407	7095865.617	58	146	772011.636	7095865.494	10.573	21.545	0.070325515	2.2488765	0.938118982	0.361593018	8	320	-1	-1	117126.5546	Trial1	Trial1	2.02640426150627
15	83-0176	UME_081104_P25_WE02_1	1	UME_081104_P25_WE02	772043.7	7095776.7	772045.4207	7095774.792	94	56	772045.348	7095774.943	12.763	22.839	0.134475079	3.0276528	0.459131731	0.240059152	30	1906	4.455514143	91.35	132099.9761	Trial1	Trial1	2.12000545100859
15	83-0176	UME_081104_P25_WE02_2	2	UME_081104_P25_WE02	772041.7	7095776.7	772043.4196	7095774.835	92	56	772043.325	7095774.884	10.067	20.612	0.04908918	1.0265164	0.427243986	0.143517312	30	1902	-1	-1	93611.77809	Trial1	Trial1	1.85111910571497
7	83-0031	UME_081104_P25_WE03_1	1	UME_081104_P25_WE03	772085.7	7095784.7	772087.6162	7095781.891	136	64	772087.467	7095782.249	11.102	20.007	0.048868805	1.7630776	0.459795995	0.160481851	28	1795	-1	-1	95257.95918	Trial1	Trial1	1.96765295950542
7	83-0031	UME_081104_P25_WE03_2	2	UME_081104_P25_WE03	772083.7	7095784.7	772085.6151	7095781.934	134	64	772085.484	7095782.165	11.308	23.322	0.032296929	1.3572492	0.460986478	0.222684964	28	1792	4.123659592	83.725	135945.3847	Trial1	Trial1	1.91254794454106
7	83-0031	UME_081104_P25_WE03_3	3	UME_081104_P25_WE03	772081.7	7095784.7	772083.614	7095781.977	132	64	772083.537	7095782.209	5.148	7.225	0.009719798	0.4480676	0.654294034	0.013808306	28	1786	-1	-1	12349.89303	Trial1	Trial1	1.79027694306755
27	83-0396	UME_081104_P25_WE04_1	1	UME_081104_P25_WE04	771983.7	7095776.7	771985.3878	7095776.085	34	56	771985.275	7095775.971	6.748	27.486	0.036167478	0.9922875	0.626855862	0.250996087	30	1847	7.188235231	123.775	189641.3374	Trial1	Trial1	1.78798239396783
27	83-0396	UME_081104_P25_WE04_3	3	UME_081104_P25_WE04	771979.7	7095776.7	771981.3856	7095776.171	30	56	771981.355	7095776.009	11.754	24.587	0.226946327	5.7212147	0.385297787	0.215022996	30	1841	-1	-1	140468.162	Trial1	Trial1	2.42512076564806
27	83-0396	UME_081104_P25_WE04_2	2	UME_081104_P25_WE04	771981.7	7095776.7	771983.3867	7095776.128	32	56	771983.261	7095775.99	11.02	24.653	0.025924993	1.1069927	0.391085681	0.205713934	30	1840	-1	-1	137795.3513	Trial1	Trial1	1.80600123529013
22	83-0316	UME_081104_P25_WE05_1	1	UME_081104_P25_WE05	772007.7	7095744.7	772008.7113	7095743.55	58	24	772008.51	7095743.622	11.069	22.351	0.019512287	0.9212859	0.494091568	0.214584456	38	2483	-1	-1	122495.4409	Trial1	Trial1	1.81939568902784
22	83-0316	UME_081104_P25_WE05_3	3	UME_081104_P25_WE05	772003.7	7095744.7	772004.7091	7095743.636	54	24	772004.501	7095743.658	9.05	19.961	0.046101781	1.5865331	0.673230777	0.190664014	38	2481	4.447334741	80.05	96366.05247	Trial1	Trial1	1.90271468270207
5	83-0060	UME_081104_P25_WE06_1	1	UME_081104_P25_WE06	772073.7	7095724.7	772074.3165	7095722.117	124	4	772073.896	7095722.545	8.21	17.089	0.032158028	0.9609646	0.569748121	0.107290314	44	2996	-1	-1	77540.24053	Trial1	Trial1	1.8003547607618
5	83-0060	UME_081104_P25_WE06_3	3	UME_081104_P25_WE06	772069.7	7095724.7	772070.3143	7095722.203	120	4	772069.797	7095722.702	11.947	25.62	0.040908336	1.7763521	0.417868215	0.257372771	44	2994	5.562645441	78.175	145500.9598	Trial1	Trial1	1.89085807769522
5	83-0060	UME_081104_P25_WE06_2	2	UME_081104_P25_WE06	772071.7	7095724.7	772072.3154	7095722.16	122	4	772071.603	7095722.425	6.331	10.948	0.095334626	4.0276051	0.550991892	0.032838232	44	2993	-1	-1	30854.91949	Trial1	Trial1	2.20108273894254
14	83-0201	UME_081104_P25_WE07_1	1	UME_081104_P25_WE07	772037.7	7095760.7	772039.0726	7095758.912	88	40	772038.896	7095759.106	11.83	21.02	0.109313429	2.9616859	0.377500841	0.154979894	34	2212	-1	-1	110184.7882	Trial1	Trial1	2.10724414456915
14	83-0201	UME_081104_P25_WE07_2	2	UME_081104_P25_WE07	772035.7	7095760.7	772037.0715	7095758.956	86	40	772036.892	7095759.151	11.942	22.093	0.071948647	1.8525565	0.473193391	0.216629612	34	2208	5.233584185	94.125	116902.86	Trial1	Trial1	1.95455437945408
22	83-0287	UME_081104_P25_WE08_1	1	UME_081104_P25_WE08	772013.7	7095752.7	772014.887	7095751.425	64	32	772014.723	7095751.601	11.171	22.775	0.040866188	1.6083989	0.46417549	0.211242146	36	2337	6.768374704	89.6	120863.1858	Trial1	Trial1	1.92538848337202
22	83-0287	UME_081104_P25_WE08_2	2	UME_081104_P25_WE08	772011.7	7095752.7	772012.8859	7095751.468	62	32	772012.695	7095751.482	12.024	22.895	0.118167525	2.9979841	0.537089223	0.265868424	36	2334	-1	-1	144118.85	Trial1	Trial1	2.10794853272699
14	83-0180	UME_081104_P25_WE09_1	1	UME_081104_P25_WE09	772043.7	7095760.7	772045.0759	7095758.783	94	40	772044.943	7095758.979	12.564	26.403	0.080784762	1.5650313	0.49908075	0.343311188	34	2219	5.449276875	102.475	174209.3162	Trial1	Trial1	1.93436134362189
14	83-0180	UME_081104_P25_WE09_2	2	UME_081104_P25_WE09	772041.7	7095760.7	772043.0748	7095758.826	92	40	772042.89	7095759.086	6.174	13.528	0.017969039	0.5370793	0.63577558	0.056418547	34	2214	-1	-1	42119.04305	Trial1	Trial1	1.79243616437023
14	83-0180	UME_081104_P25_WE09_3	3	UME_081104_P25_WE09	772039.7	7095760.7	772041.0737	7095758.869	90	40	772040.944	7095759.285	5.631	9.051	0.056241189	1.6053328	0.668611269	0.024221336	34	2213	-1	-1	19431.19938	Trial1	Trial1	1.93057115739254
30	83-0421	UME_081104_P25_WE11_1	1	UME_081104_P25_WE11	771977.7	7095760.7	771979.0397	7095760.206	28	40	771978.92	7095760.147	7.665	23.104	0.041362241	1.6710882	0.509765126	0.163816062	34	2148	-1	-1	113715.1199	Trial1	Trial1	1.95830332263015
30	83-0421	UME_081104_P25_WE11_2	2	UME_081104_P25_WE11	771975.7	7095760.7	771977.0386	7095760.249	26	40	771976.849	7095760.366	8.068	20.776	0.079036009	3.0993971	0.571181863	0.156220491	34	2146	-1	-1	111428.4417	Trial1	Trial1	2.15291163176527
30	83-0421	UME_081104_P25_WE11_3	3	UME_081104_P25_WE11	771973.7	7095760.7	771975.0375	7095760.292	24	40	771974.902	7095760.167	11.877	32.294	0.05522219	2.1052874	0.255069013	0.248143025	34	2142	5.507822849	102.075	221909.5492	Trial1	Trial1	2.02379773667597
45	83-0726	UME_081104_P25_WE12_1	1	UME_081104_P25_WE12	772055.7	7095814.7	772058.2463	7095812.554	106	94	772058.511	7095812.916	10.315	22.044	0.029245769	1.1813356	0.560087523	0.220502219	22	1319	4.687795657	80.675	122488.0036	Trial1	Trial1	1.96059344941851
45	83-0726	UME_081104_P25_WE12_2	2	UME_081104_P25_WE12	772053.7	7095814.7	772056.2452	7095812.597	104	94	772056.485	7095812.923	11.532	21.294	0.03178572	1.1784055	0.577941789	0.23735618	22	1315	-1	-1	115680.4179	Trial1	Trial1	1.96294126720574
45	83-0726	UME_081104_P25_WE12_3	3	UME_081104_P25_WE12	772051.7	7095814.7	772054.2441	7095812.64	102	94	772054.479	7095812.978	8.935	17.953	0.035961484	1.5617658	0.493993773	0.11173465	22	1312	-1	-1	75226.70106	Trial1	Trial1	2.01695836806305
25	83-0367	UME_081104_P25_WF02_1	1	UME_081104_P25_WF02	771989.7	7095720.7	771990.1841	7095719.925	40	0	771989.828	7095720.07	11.278	22.67	0.184673773	5.2740552	0.299286867	0.136237557	44	2916	5.180989098	87.225	118052.5406	Trial1	Trial1	2.3549153365917
25	83-0367	UME_081104_P25_WF02_2	2	UME_081104_P25_WF02	771987.7	7095720.7	771988.1831	7095719.968	38	0	771987.76	7095720.073	9.116	19.4	0.357678664	9.5599592	0.394957934	0.106427772	44	2915	-1	-1	87718.83583	Trial1	Trial1	2.92932705673636
25	83-0367	UME_081104_P25_WF02_3	3	UME_081104_P25_WF02	771985.7	7095720.7	771986.182	7095720.011	36	0	771985.828	7095720.076	6.569	15.018	0.021308672	0.8434647	0.600308125	0.069854955	44	2909	-1	-1	53378.72661	Trial1	Trial1	1.76719106061016
17	83-0278	UME_081104_P25_WF04_2	2	UME_081104_P25_WF04	772017.7	7095720.7	772018.1995	7095719.322	68	0	772017.741	7095719.511	9.723	26.558	0.075453982	2.5287783	0.542552311	0.292234423	44	2943	5.663276588	104.55	150911.7816	Trial1	Trial1	2.00199742921551
17	83-0278	UME_081104_P25_WF04_3	3	UME_081104_P25_WF04	772015.7	7095720.7	772016.1984	7095719.365	66	0	772015.744	7095719.616	11.531	25.369	0.072683388	2.3867092	0.487274337	0.284010075	44	2942	-1	-1	156897.0792	Trial1	Trial1	1.97512819949433
28	83-0347	UME_081104_P25_WF05_1	1	UME_081104_P25_WF05	771995.7	7095796.7	771997.8255	7095795.837	46	76	771997.86	7095795.812	4.697	10.618	0.13164326	6.4119913	0.696113521	0.028949512	26	1565	-1	-1	26385.75954	Trial1	Trial1	2.47462893687833
28	83-0347	UME_081104_P25_WF05_3	3	UME_081104_P25_WF05	771991.7	7095796.7	771993.8233	7095795.924	42	76	771993.827	7095795.864	6.968	19.517	0.117337504	3.9783165	0.63535011	0.132445799	26	1559	5.729681459	82.35	94606.98799	Trial1	Trial1	2.15212951067124
70	83-1105	UME_081104_P25_WF06_1	1	UME_081104_P25_WF06	771953.7	7095846.7	771956.88	7095846.77	4	126	771957.088	7095846.545	12.213	20.129	0.099751898	1.6388837	0.592467829	0.230264667	14	680	4.935126372	83.05	100658.0409	Trial1	Trial1	1.84776981297027
70	83-1105	UME_081104_P25_WF06_2	2	UME_081104_P25_WF06	771951.7	7095846.7	771954.879	7095846.813	2	126	771955.063	7095846.502	12.04	17.796	0.180870089	4.0658986	0.437396442	0.130984521	14	679	-1	-1	79941.25516	Trial1	Trial1	2.1680597352519
70	83-1105	UME_081104_P25_WF06_3	3	UME_081104_P25_WF06	771949.7	7095846.7	771952.8779	7095846.856	0	126	771953.053	7095846.66	8.728	13.266	0.026985851	0.7819964	0.582361742	0.070253323	14	674	-1	-1	40007.94204	Trial1	Trial1	1.72529232566295
38	83-0580	UME_081104_P25_WF09_1	1	UME_081104_P25_WF09	772091.7	7095846.7	772094.9558	7095843.796	142	126	772095.077	7095843.958	9.176	15.549	0.033918541	1.3779408	0.554113391	0.096556387	14	805	-1	-1	59423.89615	Trial1	Trial1	1.96497419946993
38	83-0580	UME_081104_P25_WF09_2	2	UME_081104_P25_WF09	772089.7	7095846.7	772092.9547	7095843.839	140	126	772093.054	7095844.038	8.713	15.516	0.0175189	0.8510907	0.467759173	0.077058822	14	804	3.44810691	58.225	54215.94819	Trial1	Trial1	1.89732859071258
38	83-0580	UME_081104_P25_WF09_3	3	UME_081104_P25_WF09	772087.7	7095846.7	772090.9536	7095843.882	138	126	772091.098	7095844.081	6.862	13.542	0.020507397	0.8318985	0.579848198	0.057310304	14	803	-1	-1	42768.34803	Trial1	Trial1	1.89742718081473
17	83-0244	UME_081104_P25_WF11_3	3	UME_081104_P25_WF11	772015.7	7095732.7	772016.4571	7095731.371	66	12	772016.128	7095731.519	6.711	10.895	0.045763139	1.2286805	0.524874004	0.032841418	42	2799	-1	-1	24873.32412	Trial1	Trial1	1.90561522223764
17	83-0244	UME_081104_P25_WF11_2	2	UME_081104_P25_WF11	772017.7	7095732.7	772018.4582	7095731.328	68	12	772018.145	7095731.542	5.128	12.13	0.037445301	1.4525303	0.723652563	0.042881011	42	2796	4.192495509	48.15	35669.00774	Trial1	Trial1	1.76679574676787
18	83-0244	UME_081104_P25_WF11_1	1	UME_081104_P25_WF11	772025.7	7095756.7	772026.9798	7095755.169	76	36	772026.887	7095755.268	11.256	26.364	0.244573078	9.2773807	0.363084753	0.22309578	36	2351	-1	-1	147792.9933	Trial1	Trial1	2.93105876111931
18	83-0244	UME_081104_P25_WF11_2	2	UME_081104_P25_WF11	772023.7	7095756.7	772024.9787	7095755.212	74	36	772024.781	7095755.42	6.946	24.842	0.029381135	1.1941793	0.534544956	0.179947179	36	2350	4.192495509	48.15	136574.1907	Trial1	Trial1	1.76679574676787
18	83-0244	UME_081104_P25_WF11_3	3	UME_081104_P25_WF11	772021.7	7095756.7	772022.9776	7095755.255	72	36	772022.914	7095755.361	5.042	18.09	0.078092729	2.6691217	1.057648763	0.137073552	36	2347	-1	-1	113567.1238	Trial1	Trial1	1.90561522223764
21	83-0280	UME_081104_P25_WF12_1	1	UME_081104_P25_WF12	772013.7	7095724.7	772014.2835	7095723.41	64	4	772013.966	7095723.531	12.323	21.659	0.116258954	3.8146867	0.245337969	0.111394152	44	2939	4.6736307	91.775	106699.2243	Trial1	Trial1	2.22759999649954
21	83-0280	UME_081104_P25_WF12_2	2	UME_081104_P25_WF12	772011.7	7095724.7	772012.2824	7095723.453	62	4	772011.856	7095723.689	12.387	22.83	0.049407859	1.9776521	0.324634344	0.164611878	44	2936	-1	-1	113706.3387	Trial1	Trial1	1.9756974090618
51	83-0789	UME_081104_P25_WG01_3	3	UME_081104_P25_WG01	772033.7	7095870.7	772037.4412	7095869.059	84	150	772037.633	7095868.973	11.695	20.005	0.031842911	1.5334339	0.424863081	0.156181482	8	343	4.747639105	81.9	90903.66965	Trial1	Trial1	1.86812519038579
31	83-0423	UME_081104_P25_WG02_1	1	UME_081104_P25_WG02	771977.7	7095768.7	771979.2121	7095768.21	28	48	771979.147	7095768.23	8.298	17.425	0.036952654	1.2245056	0.713415373	0.141164974	32	1987	-1	-1	75538.85757	Trial1	Trial1	1.83360478017947
31	83-0423	UME_081104_P25_WG02_3	3	UME_081104_P25_WG02	771973.7	7095768.7	771975.2099	7095768.296	24	48	771975.244	7095768.442	11.694	22.601	0.079508078	1.7669894	0.370922536	0.174018284	32	1986	4.647412378	72.75	117969.8527	Trial1	Trial1	1.91221798071792
31	83-0423	UME_081104_P25_WG02_2	2	UME_081104_P25_WG02	771975.7	7095768.7	771977.211	7095768.253	26	48	771977.153	7095768.292	7.805	15.425	0.073217349	2.6296708	0.533397178	0.0777966	32	1985	-1	-1	60035.2712	Trial1	Trial1	2.02446611268799
54	83-0808	UME_081104_P25_WG03_1	1	UME_081104_P25_WG03	772031.7	7095854.7	772035.0953	7095853.093	82	134	772035.4	7095852.9	8.355	26.554	0.256155661	8.7010639	0.442649749	0.204808698	12	606	4.410222319	76.525	167088.4716	Trial1	Trial1	2.81691200634265
54	83-0808	UME_081104_P25_WG03_2	2	UME_081104_P25_WG03	772029.7	7095854.7	772033.0942	7095853.136	80	134	772033.249	7095853.077	3.71	21.871	0.040938876	1.700832	0.851806691	0.118724358	12	605	-1	-1	114546.8541	Trial1	Trial1	1.88588074058112
54	83-0808	UME_081104_P25_WG03_3	3	UME_081104_P25_WG03	772027.7	7095854.7	772031.0931	7095853.18	78	134	772031.229	7095853.107	9.4	22.729	0.063232638	2.9698612	0.543460179	0.207282835	12	603	-1	-1	133676.0849	Trial1	Trial1	2.05951757088248
24	83-0343	UME_081104_P25_WG06_2	2	UME_081104_P25_WG06	771999.7	7095800.7	772001.9139	7095799.753	50	80	772001.844	7095799.816	8.726	18.598	0.023872134	1.1196498	0.440516283	0.104427109	24	1406	-1	-1	78457.28934	Trial1	Trial1	1.89382843384383
24	83-0343	UME_081104_P25_WG06_3	3	UME_081104_P25_WG06	771997.7	7095800.7	771999.9128	7095799.797	48	80	771999.851	7095799.876	10.777	21.951	0.036742705	1.3888117	0.52921756	0.21583725	24	1405	4.599493546	95.95	116831.2485	Trial1	Trial1	1.93102885905899
61	83-0954	UME_081104_P25_WG07_1	1	UME_081104_P25_WG07	771995.7	7095822.7	771998.3858	7095821.852	46	102	771998.31	7095821.83	6.727	21.527	0.028408114	1.7457951	0.578058016	0.141535096	20	1127	-1	-1	108116.6034	Trial1	Trial1	1.97271955256437
61	83-0954	UME_081104_P25_WG07_2	2	UME_081104_P25_WG07	771993.7	7095822.7	771996.3847	7095821.895	44	102	771996.421	7095821.973	5.462	15.2	0.018104166	0.9280869	0.891243772	0.088330295	20	1124	5.132859987	79.775	64099.36479	Trial1	Trial1	1.86293507299185
61	83-0954	UME_081104_P25_WG07_3	3	UME_081104_P25_WG07	771991.7	7095822.7	771994.3836	7095821.938	42	102	771994.33	7095821.91	11.361	24.656	0.018637932	0.9303653	0.483338244	0.262187885	20	1123	-1	-1	152082.4349	Trial1	Trial1	1.86243351792225
47	83-0711	UME_081104_P25_WG08_2	2	UME_081104_P25_WG08	772053.7	7095874.7	772057.5384	7095872.63	104	154	772057.91	7095872.703	10.752	16.847	0.053308343	1.3364308	0.452097644	0.108352717	6	232	-1	-1	67602.83605	Trial1	Trial1	1.86302716638138
47	83-0711	UME_081104_P25_WG08_1	1	UME_081104_P25_WG08	772055.7	7095874.7	772059.5395	7095872.587	106	154	772059.962	7095872.762	8.587	16.376	0.031485061	0.9809078	0.552400393	0.099905939	6	230	-1	-1	67485.99881	Trial1	Trial1	1.80983498260199
47	83-0711	UME_081104_P25_WG08_3	3	UME_081104_P25_WG08	772051.7	7095874.7	772055.5373	7095872.673	102	154	772055.838	7095872.743	10.912	19.824	0.065649389	1.4588762	0.375177564	0.126365241	6	228	4.101374363	83.2	94943.84947	Trial1	Trial1	1.88517664979115
62	83-0950	UME_081104_P25_WG10_1	1	UME_081104_P25_WG10	771995.7	7095838.7	771998.7307	7095837.86	46	118	771998.83	7095837.838	10.875	24.023	0.012884692	0.5841572	0.477342701	0.235294332	16	856	-1	-1	133609.7846	Trial1	Trial1	1.80820657169668
62	83-0950	UME_081104_P25_WG10_2	2	UME_081104_P25_WG10	771993.7	7095838.7	771996.7296	7095837.904	44	118	771996.806	7095837.828	11.077	20.49	0.012886588	0.4530852	0.648254015	0.236774879	16	851	4.739958493	75.925	102382.8369	Trial1	Trial1	1.78923251586615
62	83-0950	UME_081104_P25_WG10_3	3	UME_081104_P25_WG10	771991.7	7095838.7	771994.7285	7095837.947	42	118	771994.891	7095837.92	8.39	18.058	0.035205923	1.1967577	0.616843209	0.132552693	16	847	-1	-1	83318.22712	Trial1	Trial1	1.88668289080129
59	83-0899	UME_081104_P25_WG11_1	1	UME_081104_P25_WG11	772007.7	7095858.7	772011.1683	7095857.613	58	138	772011.3	7095857.559	11.97	27.078	0.164737756	3.6524731	0.320043891	0.220617531	10	453	4.993905656	97.5	168602.985	Trial1	Trial1	2.2220178614966
59	83-0899	UME_081104_P25_WG11_2	2	UME_081104_P25_WG11	772005.7	7095858.7	772009.1672	7095857.656	56	138	772009.139	7095857.56	9.96	16.084	0.059293942	1.4016954	0.506272088	0.102450998	10	450	-1	-1	58134.68052	Trial1	Trial1	1.92237928239089
59	83-0925	UME_081104_P25_WH01_1	1	UME_081104_P25_WH01	772001.7	7095862.7	772005.2512	7095861.744	52	142	772005.383	7095861.629	10.346	21.418	0.083745961	3.2545093	0.901723374	0.336114395	10	444	5.826410004	109.5	140907.9073	Trial1	Trial1	2.16624734758853
59	83-0925	UME_081104_P25_WH01_2	2	UME_081104_P25_WH01	771999.7	7095862.7	772003.2501	7095861.787	50	142	772003.476	7095861.751	6.135	18.464	0.035042502	2.1515901	0.58232759	0.09565761	10	443	-1	-1	78143.93434	Trial1	Trial1	2.01831427651151
59	83-0925	UME_081104_P25_WH01_3	3	UME_081104_P25_WH01	771997.7	7095862.7	772001.249	7095861.831	48	142	772001.561	7095861.769	7.897	18.92	0.024253927	1.2049797	0.659952468	0.146536667	10	442	-1	-1	96938.1726	Trial1	Trial1	1.89057707567973
58	83-0921	UME_081104_P25_WH02_1	1	UME_081104_P25_WH02	772001.7	7095846.7	772004.9064	7095845.736	52	126	772005.1	7095845.827	8.773	15.781	0.057549561	3.1341678	1.412917296	0.242454169	14	722	-1	-1	113020.9942	Trial1	Trial1	1.99086886085778
58	83-0921	UME_081104_P25_WH02_3	3	UME_081104_P25_WH02	771997.7	7095846.7	772000.9042	7095845.822	48	126	772001.173	7095845.942	11.396	22.033	0.013717978	0.5475148	0.490522622	0.213140212	14	721	4.469372048	82.75	117064.759	Trial1	Trial1	1.64441860487558
21	83-0282	UME_081104_P25_WH03_1	1	UME_081104_P25_WH03	772013.7	7095732.7	772014.456	7095731.414	64	12	772014.187	7095731.454	11.227	21.923	0.029051646	1.2161969	0.540349638	0.228991764	42	2790	4.375172648	88.575	118837.7343	Trial1	Trial1	1.88517870379094
21	83-0282	UME_081104_P25_WH03_2	2	UME_081104_P25_WH03	772011.7	7095732.7	772012.4549	7095731.457	62	12	772012.119	7095731.614	3.492	16.695	0.033528206	1.1463417	0.966393142	0.073875809	42	2787	-1	-1	68926.11467	Trial1	Trial1	1.8704116887597
21	83-0282	UME_081104_P25_WH03_3	3	UME_081104_P25_WH03	772009.7	7095732.7	772010.4538	7095731.501	60	12	772010.051	7095731.629	11.329	20.643	0.038488107	1.6571483	0.488552606	0.185234214	42	2786	-1	-1	105940.0682	Trial1	Trial1	1.93360853854792
9	83-0144	UME_081104_P25_WH04_1	1	UME_081104_P25_WH04	772055.7	7095728.7	772056.3928	7095726.507	106	8	772056.15	7095726.614	10.283	21.285	0.076349947	1.5046314	0.471769001	0.172617644	42	2832	5.12083123	80.525	109816.8274	Trial1	Trial1	1.83162339242889
9	83-0144	UME_081104_P25_WH04_3	3	UME_081104_P25_WH04	772051.7	7095728.7	772052.3906	7095726.593	102	8	772051.809	7095727.381	7.335	17.362	0.023214275	0.7360533	0.447886213	0.077778076	42	2828	-1	-1	61941.64783	Trial1	Trial1	1.70680800864604
33	83-0499	UME_081104_P25_WH05_1	1	UME_081104_P25_WH05	771953.7	7095720.7	771954.1644	7095720.701	4	0	771953.776	7095720.866	10.255	21.054	0.037005877	1.3557498	0.580250288	0.207160896	44	2877	3.945878487	75.6	98903.64614	Trial1	Trial1	1.76516711539391
33	83-0499	UME_081104_P25_WH05_2	2	UME_081104_P25_WH05	771951.7	7095720.7	771952.1633	7095720.744	2	0	771951.773	7095720.718	6.606	17.06	0.008609118	0.4711327	0.605078347	0.091371998	44	2876	-1	-1	71485.47057	Trial1	Trial1	1.65169398937353
33	83-0499	UME_081104_P25_WH05_3	3	UME_081104_P25_WH05	771949.7	7095720.7	771950.1622	7095720.787	0	0	771949.695	7095720.796	7.478	20.894	0.027372146	1.0080912	0.556839748	0.142778306	44	2875	-1	-1	102174.3712	Trial1	Trial1	1.72818163907755
57	83-0908	UME_081104_P25_WH06_1	1	UME_081104_P25_WH06	772007.7	7095822.7	772010.3924	7095821.593	58	102	772010.442	7095821.715	11.251	24.44	0.024222177	0.8156386	0.695795635	0.367243943	20	1139	5.306726402	113.525	156334.7888	Trial1	Trial1	1.81243821882636
57	83-0908	UME_081104_P25_WH06_2	2	UME_081104_P25_WH06	772005.7	7095822.7	772008.3913	7095821.636	56	102	772008.362	7095821.637	9.149	19.278	0.049033664	1.813383	0.818430386	0.218563577	20	1138	-1	-1	92573.67545	Trial1	Trial1	1.94712913641173
57	83-0908	UME_081104_P25_WH06_3	3	UME_081104_P25_WH06	772003.7	7095822.7	772006.3902	7095821.679	54	102	772006.453	7095821.665	3.717	23.308	0.027372658	1.0579	0.933767213	0.148086347	20	1134	-1	-1	139762.8543	Trial1	Trial1	1.84725122080429
59	83-0898	UME_081104_P25_WH07_2	2	UME_081104_P25_WH07	772005.7	7095862.7	772009.2534	7095861.658	56	142	772009.43	7095861.6	9.681	15.704	0.031458023	0.9320619	0.477315183	0.089502945	10	455	-1	-1	56073.9307	Trial1	Trial1	1.85528340918947
59	83-0898	UME_081104_P25_WH07_3	3	UME_081104_P25_WH07	772003.7	7095862.7	772007.2523	7095861.701	54	142	772007.431	7095861.562	8.162	22.958	0.023272005	1.0136709	0.542863331	0.183412058	10	449	4.897894737	95.5	125009.3915	Trial1	Trial1	1.86677587374694
12	83-0127	UME_081104_P25_WH09_1	1	UME_081104_P25_WH09	772055.7	7095796.7	772057.8584	7095794.544	106	76	772057.821	7095794.803	8.425	21.921	0.031708863	0.9772364	0.621748959	0.168961248	26	1624	-1	-1	107094.5955	Trial1	Trial1	1.84957268953973
12	83-0127	UME_081104_P25_WH09_2	2	UME_081104_P25_WH09	772053.7	7095796.7	772055.8573	7095794.587	104	76	772055.792	7095794.845	10.947	21.483	0.025569944	1.1233322	0.501156527	0.198862125	26	1623	3.463109224	71.7	118471.3643	Trial1	Trial1	1.87055176162548
12	83-0127	UME_081104_P25_WH09_3	3	UME_081104_P25_WH09	772051.7	7095796.7	772053.8562	7095794.63	102	76	772053.873	7095794.958	9.74	20.948	0.08204247	1.7286518	0.449982409	0.151059788	26	1619	-1	-1	97045.17912	Trial1	Trial1	1.95286863768529
53	83-0823	UME_081104_P25_WH10_1	1	UME_081104_P25_WH10	772025.7	7095822.7	772028.4023	7095821.205	76	102	772028.401	7095821.326	11.743	26.208	0.10269915	1.94793	0.437536529	0.277164089	20	1153	-1	-1	175554.853	Trial1	Trial1	1.90698727778153
53	83-0823	UME_081104_P25_WH10_3	3	UME_081104_P25_WH10	772021.7	7095822.7	772024.4001	7095821.291	72	102	772024.327	7095821.514	7.802	26.475	0.050320741	1.4720149	0.679645414	0.291933735	20	1150	-1	-1	152930.4536	Trial1	Trial1	1.84953762924745
53	83-0823	UME_081104_P25_WH10_2	2	UME_081104_P25_WH10	772023.7	7095822.7	772026.4012	7095821.248	74	102	772026.454	7095821.393	12.081	28.256	0.097460463	3.2138332	0.401850422	0.304433375	20	1148	6.784433471	126	201925.0523	Trial1	Trial1	2.07925258579247
25	83-0310	UME_081104_P25_WH11_1	1	UME_081104_P25_WH11	771983.7	7095732.7	771984.4395	7095732.061	34	12	771984.146	7095732.21	5.745	11.801	0.059347879	3.0871269	0.613101534	0.038527115	42	2760	-1	-1	31256.30426	Trial1	Trial1	2.12181486625755
25	83-0310	UME_081104_P25_WH11_2	2	UME_081104_P25_WH11	771981.7	7095732.7	771982.4384	7095732.104	32	12	771982	7095732.027	5.468	8.951	0.101392442	4.2086715	0.673026212	0.023155965	42	2756	5.128439031	59.975	20569.62261	Trial1	Trial1	2.50061513993639
25	83-0310	UME_081104_P25_WH11_3	3	UME_081104_P25_WH11	771979.7	7095732.7	771980.4373	7095732.147	30	12	771979.893	7095731.722	9.407	12.398	0.021834266	1.5394642	0.688542511	0.078199337	42	2755	-1	-1	38013.89315	Trial1	Trial1	1.99583973778435
23	83-0310	UME_081104_P25_WH11_1	1	UME_081104_P25_WH11	772007.7	7095768.7	772009.2286	7095767.563	58	48	772009.055	7095767.486	11.762	20.777	0.079015096	2.1488658	0.530622405	0.211601446	32	2021	-1	-1	105995.7585	Trial1	Trial1	2.12181486625755
23	83-0310	UME_081104_P25_WH11_3	3	UME_081104_P25_WH11	772003.7	7095768.7	772005.2264	7095767.65	54	48	772005.069	7095767.562	7.406	18.128	0.101356574	2.5730219	0.508843482	0.097265336	32	2017	-1	-1	80312.72598	Trial1	Trial1	1.99583973778435
23	83-0310	UME_081104_P25_WH11_2	2	UME_081104_P25_WH11	772005.7	7095768.7	772007.2275	7095767.607	56	48	772007.05	7095767.45	6.442	4.939	0.097057045	4.2165771	1.009014017	0.012454931	32	2015	5.128439031	59.975	8970.044382	Trial1	Trial1	2.50061513993639
33	83-0498	UME_081104_P25_WH12_1	1	UME_081104_P25_WH12	771959.7	7095720.7	771960.1677	7095720.572	10	0	771959.742	7095720.564	10.394	24.762	0.024550818	1.1612923	0.556331432	0.278460338	44	2883	-1	-1	155394.2246	Trial1	Trial1	1.72460098784012
33	83-0498	UME_081104_P25_WH12_2	2	UME_081104_P25_WH12	771957.7	7095720.7	771958.1666	7095720.615	8	0	771957.768	7095720.667	9.623	21.894	0.011894424	0.4584641	0.535643951	0.194048855	44	2881	4.986460586	93.075	113303.1551	Trial1	Trial1	1.6356387773169
33	83-0498	UME_081104_P25_WH12_3	3	UME_081104_P25_WH12	771955.7	7095720.7	771956.1655	7095720.658	6	0	771956.478	7095720.92	6.003	4.732	0.020906377	10.579676	0.620007067	0.006546076	44	2879	-1	-1	5527.797384	Trial1	Trial1	2.99287644951219
64	83-0938	UME_081104_P26_WA01_1	1	UME_081104_P26_WA01	771995.7	7095886.7	771999.7652	7095885.887	46	166	772000.058	7095885.897	10.506	24.857	0.032033039	1.2577703	0.591803159	0.301729296	4	45	-1	-1	159427.8071	Trial1	Trial1	1.83322289404634
64	83-0938	UME_081104_P26_WA01_2	2	UME_081104_P26_WA01	771993.7	7095886.7	771997.7641	7095885.93	44	166	771998.086	7095885.725	7.905	22.374	0.084844967	3.190157	0.542990552	0.168766578	4	44	-1	-1	115460.3313	Trial1	Trial1	2.08699554821173
64	83-0938	UME_081104_P26_WA01_3	3	UME_081104_P26_WA01	771991.7	7095886.7	771995.763	7095885.973	42	166	771995.996	7095885.877	10.456	23.741	0.026777633	0.9748078	0.615638319	0.284966815	4	40	4.320753587	78.925	145433.8727	Trial1	Trial1	1.78577672073209
19	83-0217	UME_081104_P26_WA02_1	1	UME_081104_P26_WA02	772031.7	7095788.7	772033.6728	7095787.057	82	68	772033.642	7095787.113	11.853	19.827	0.03338142	1.2802831	0.533642542	0.195297196	28	1742	-1	-1	99462.24541	Trial1	Trial1	1.93426102022234
19	83-0217	UME_081104_P26_WA02_2	2	UME_081104_P26_WA02	772029.7	7095788.7	772031.6717	7095787.1	80	68	772031.663	7095787.272	8.547	15.84	0.023185027	1.1131624	0.639607429	0.107725621	28	1741	-1	-1	66371.05839	Trial1	Trial1	1.91211396445973
19	83-0217	UME_081104_P26_WA02_3	3	UME_081104_P26_WA02	772027.7	7095788.7	772029.6706	7095787.143	78	68	772029.726	7095787.212	7.078	21.727	0.082693793	2.9678459	0.403187293	0.105804668	28	1740	6.219786743	89.575	102258.5806	Trial1	Trial1	2.16011925714355
19	83-0248	UME_081104_P26_WA03_1	1	UME_081104_P26_WA03	772025.7	7095772.7	772027.3247	7095771.178	76	52	772027.189	7095771.203	9.8	21.368	0.027243434	1.084922	0.500978604	0.176068138	32	2038	-1	-1	108956.9814	Trial1	Trial1	1.91793508941897
19	83-0248	UME_081104_P26_WA03_2	2	UME_081104_P26_WA03	772023.7	7095772.7	772025.3236	7095771.221	74	52	772025.141	7095771.261	7.423	19.647	0.054446467	2.0146471	0.535852191	0.12058655	32	2037	-1	-1	90285.30217	Trial1	Trial1	2.04041536733365
19	83-0248	UME_081104_P26_WA03_3	3	UME_081104_P26_WA03	772021.7	7095772.7	772023.3225	7095771.264	72	52	772023.272	7095771.391	6.049	18.487	0.031788229	1.2255221	0.611988129	0.099373134	32	2031	7.188435259	91.8	83096.13741	Trial1	Trial1	1.93334548945026
21	83-0317	UME_081104_P26_WA04_1	1	UME_081104_P26_WA04	772007.7	7095740.7	772008.6251	7095739.548	58	20	772008.237	7095739.639	7.258	16.615	0.041537045	2.3354147	0.539520093	0.084896178	40	2640	4.258596732	68.35	65393.15574	Trial1	Trial1	2.02595508647946
21	83-0317	UME_081104_P26_WA04_2	2	UME_081104_P26_WA04	772005.7	7095740.7	772006.624	7095739.591	56	20	772006.403	7095739.516	10.699	18.389	0.096232933	3.1890195	0.568448392	0.161524685	40	2636	-1	-1	90806.4917	Trial1	Trial1	2.13659693255307
21	83-0317	UME_081104_P26_WA04_3	3	UME_081104_P26_WA04	772003.7	7095740.7	772004.6229	7095739.634	54	20	772004.212	7095739.776	4.575	18.059	0.04218412	1.5489047	0.768549057	0.09006585	40	2635	-1	-1	78809.86512	Trial1	Trial1	1.91451873285117
25	83-0364	UME_081104_P26_WA05_1	1	UME_081104_P26_WA05	771995.7	7095728.7	771996.3599	7095727.8	46	8	771996.131	7095727.849	10.941	19.847	0.091524729	2.4285956	0.502073542	0.169934452	42	2770	5.336318016	78.675	96260.22525	Trial1	Trial1	1.98649789811323
25	83-0364	UME_081104_P26_WA05_2	2	UME_081104_P26_WA05	771993.7	7095728.7	771994.3588	7095727.843	44	8	771994.088	7095727.814	5.96	12.267	0.038755671	1.6448476	0.724819517	0.051052365	42	2769	-1	-1	36630.31758	Trial1	Trial1	1.88139684491481
25	83-0364	UME_081104_P26_WA05_3	3	UME_081104_P26_WA05	771991.7	7095728.7	771992.3577	7095727.886	42	8	771992.12	7095727.914	8.113	15.423	0.049618805	2.4968109	0.527951365	0.080023391	42	2766	-1	-1	56924.93906	Trial1	Trial1	1.99567307860749
11	83-0130	UME_081104_P26_WA06_2	2	UME_081104_P26_WA06	772053.7	7095784.7	772055.5987	7095782.581	104	64	772055.781	7095782.816	8.428	18.165	0.027412093	1.0018862	0.646827566	0.141281778	28	1764	-1	-1	95742.25323	Trial1	Trial1	1.88255957485385
11	83-0130	UME_081104_P26_WA06_1	1	UME_081104_P26_WA06	772055.7	7095784.7	772057.5998	7095782.538	106	64	772057.729	7095782.852	7.824	20.01	0.018113489	0.7172178	0.527731041	0.129842607	28	1763	-1	-1	93813.3046	Trial1	Trial1	1.84442306825468
11	83-0130	UME_081104_P26_WA06_3	3	UME_081104_P26_WA06	772051.7	7095784.7	772053.5976	7095782.624	102	64	772053.821	7095782.946	11.542	27.634	0.02149439	0.9249321	0.582030725	0.402904823	28	1757	5.650990047	110.95	201424.9921	Trial1	Trial1	1.87232176522446
42	83-0596	UME_081104_P26_WA07_2	2	UME_081104_P26_WA07	772083.7	7095834.7	772086.6928	7095831.962	134	114	772086.74	7095832.228	11.51	22.062	0.058267539	1.6019099	0.413919241	0.182133334	16	936	-1	-1	111754.758	Trial1	Trial1	1.95286712413178
42	83-0596	UME_081104_P26_WA07_1	1	UME_081104_P26_WA07	772085.7	7095834.7	772088.6939	7095831.919	136	114	772088.803	7095832.091	11.068	21.112	0.112162343	2.3317758	0.442206683	0.171339222	16	935	4.591161083	92.875	132806.116	Trial1	Trial1	2.04841282555665
6	83-0025	UME_081104_P26_WA08_1	1	UME_081104_P26_WA08	772085.7	7095760.7	772087.099	7095757.878	136	40	772086.967	7095758.19	11.089	21.069	0.046168661	1.2091334	0.649093315	0.250948173	34	2256	5.790061092	92.95	101013.1847	Trial1	Trial1	1.80345725351979
6	83-0025	UME_081104_P26_WA08_2	2	UME_081104_P26_WA08	772083.7	7095760.7	772085.0979	7095757.921	134	40	772085.03	7095758.221	11.282	20.811	0.022813346	0.7675607	0.497076052	0.190761115	34	2254	-1	-1	101062.4921	Trial1	Trial1	1.74141899952131
6	83-0025	UME_081104_P26_WA08_3	3	UME_081104_P26_WA08	772081.7	7095760.7	772083.0968	7095757.964	132	40	772083.005	7095758.314	10.101	21.56	0.045361013	1.1790855	0.524156773	0.193293674	34	2253	-1	-1	108091.2642	Trial1	Trial1	1.79346761763639
9	83-0324	UME_081104_P26_WA09_1	1	UME_081104_P26_WA09	772055.7	7095724.7	772056.3066	7095722.505	106	4	772056.589	7095721.648	4.451	9.424	0.024463044	0.8326023	0.936257496	0.029066818	44	2982	-1	-1	19561.21198	Trial1	Trial1	1.79237306839084
9	83-0324	UME_081104_P26_WA09_3	3	UME_081104_P26_WA09	772051.7	7095724.7	772052.3044	7095722.591	102	4	772052.106	7095722.984	7.956	11.061	0.039741003	1.5722307	0.462717054	0.035377316	44	2974	3.577924936	37.275	25174.44176	Trial1	Trial1	1.69320059365333
21	83-0324	UME_081104_P26_WA09_1	1	UME_081104_P26_WA09	772001.7	7095724.7	772002.2769	7095723.669	52	4	772001.908	7095723.805	10.206	20.841	0.107715363	2.2158826	0.556789074	0.193849864	44	2924	-1	-1	105204.0449	Trial1	Trial1	1.79237306839084
21	83-0324	UME_081104_P26_WA09_2	2	UME_081104_P26_WA09	771999.7	7095724.7	772000.2758	7095723.712	50	4	771999.865	7095723.881	11.857	21.552	0.096391895	2.2245579	0.453175456	0.196029552	44	2923	-1	-1	107779.0441	Trial1	Trial1	1.98060167503025
21	83-0324	UME_081104_P26_WA09_3	3	UME_081104_P26_WA09	771997.7	7095724.7	771998.2748	7095723.755	48	4	771997.95	7095723.799	6.075	19.682	0.02062586	0.8547294	0.617824988	0.114197271	44	2919	3.577924936	37.275	90707.34864	Trial1	Trial1	1.69320059365333
10	83-0093	UME_081104_P26_WA10_2	2	UME_081104_P26_WA10	772065.7	7095756.7	772067.0018	7095754.307	116	36	772066.843	7095754.599	11.449	27.954	0.030521312	1.5205238	0.331077556	0.232640158	36	2391	5.092878823	95.325	157637.0203	Trial1	Trial1	1.87870491033414
10	83-0093	UME_081104_P26_WA10_1	1	UME_081104_P26_WA10	772067.7	7095756.7	772069.0029	7095754.264	118	36	772068.889	7095753.42	6.142	10.688	0.032833928	1.0821321	0.711271835	0.03919645	36	2390	-1	-1	26936.66899	Trial1	Trial1	1.82402904547731
10	83-0093	UME_081104_P26_WA10_3	3	UME_081104_P26_WA10	772063.7	7095756.7	772065.0007	7095754.35	114	36	772064.753	7095754.741	8.039	22.851	0.020379031	0.9231022	0.438405657	0.144535452	36	2385	-1	-1	112135.0173	Trial1	Trial1	1.79479588464063
7	83-0045	UME_081104_P26_WA12_1	1	UME_081104_P26_WA12	772079.7	7095772.7	772081.3543	7095770.014	130	52	772081.241	7095770.264	11.984	20.907	0.048867823	1.2907213	0.420876393	0.173151471	32	2093	4.008802617	76.25	105326.9146	Trial1	Trial1	1.95350414564844
7	83-0045	UME_081104_P26_WA12_2	2	UME_081104_P26_WA12	772077.7	7095772.7	772079.3532	7095770.057	128	52	772079.211	7095770.372	7.226	18.566	0.018641062	1.0848818	0.521620042	0.102045246	32	2090	-1	-1	79013.64821	Trial1	Trial1	1.9243695601684
7	83-0045	UME_081104_P26_WA12_3	3	UME_081104_P26_WA12	772075.7	7095772.7	772077.3521	7095770.1	126	52	772077.28	7095770.324	10.458	20	0.083434936	1.6567473	0.472030116	0.155090833	32	2087	-1	-1	101152.9375	Trial1	Trial1	1.99919248628473
23	83-0305	UME_081104_P26_WB01_2	2	UME_081104_P26_WB01	772005.7	7095788.7	772007.6585	7095787.618	56	68	772007.56	7095787.59	10.71	21.454	0.016280442	0.6191073	0.400706963	0.155145511	28	1718	4.5997335	84.575	98975.79178	Trial1	Trial1	1.8248848713321
23	83-0305	UME_081104_P26_WB01_3	3	UME_081104_P26_WB01	772003.7	7095788.7	772005.6574	7095787.661	54	68	772005.66	7095787.591	10.146	17.778	0.04132729	1.4782372	0.45722109	0.115151606	28	1716	-1	-1	77631.9373	Trial1	Trial1	1.94075109248239
6	83-0245	UME_081104_P26_WB02_2	2	UME_081104_P26_WB02	772071.7	7095764.7	772073.1775	7095762.182	122	44	772073.086	7095762.468	10.069	13.042	0.033459757	1.377433	0.409610893	0.055098927	34	2246	-1	-1	39401.3331	Trial1	Trial1	1.66055407668058
6	83-0245	UME_081104_P26_WB02_1	1	UME_081104_P26_WB02	772073.7	7095764.7	772075.1786	7095762.139	124	44	772074.915	7095762.56	7.39	11.534	0.018782944	1.0159543	0.483370378	0.037326277	34	2245	6.149858187	100.051	29499.93778	Trial1	Trial1	1.73116781664029
6	83-0245	UME_081104_P26_WB02_3	3	UME_081104_P26_WB02	772069.7	7095764.7	772071.1764	7095762.225	120	44	772070.974	7095762.558	8.147	15.036	0.017555626	0.7772853	0.490933564	0.071016003	34	2244	-1	-1	52753.57971	Trial1	Trial1	1.72075814004612
18	83-0245	UME_081104_P26_WB02_1	1	UME_081104_P26_WB02	772025.7	7095760.7	772027.066	7095759.171	76	40	772026.95	7095759.183	5.207	21.667	0.055559894	1.7662507	0.722284191	0.138666672	34	2195	6.149858187	100.051	107433.0436	Trial1	Trial1	1.73116781664029
18	83-0245	UME_081104_P26_WB02_2	2	UME_081104_P26_WB02	772023.7	7095760.7	772025.0649	7095759.214	74	40	772024.904	7095759.246	4.373	13.353	0.023723528	0.8486896	0.759292379	0.046495199	34	2191	-1	-1	41592.44014	Trial1	Trial1	1.66055407668058
18	83-0245	UME_081104_P26_WB02_3	3	UME_081104_P26_WB02	772021.7	7095760.7	772023.0638	7095759.257	72	40	772023.014	7095759.344	12.622	23.375	0.0473625	2.0015989	0.431278836	0.233612133	34	2190	-1	-1	125781.5969	Trial1	Trial1	1.72075814004612
68	AC1002	UME_081104_P26_WB03_3	3	UME_081104_P26_WB03	771967.7	7095882.7	771971.6636	7095882.488	18	162	771972.031	7095882.465	10.288	15.3	0.079003742	1.3115571	0.43581294	0.082437515	4	26	-1	-1	51797.58506	Trial1	Trial1	1.99626823760209
68	AC1002	UME_081104_P26_WB03_1	1	UME_081104_P26_WB03	771971.7	7095882.7	771975.6658	7095882.402	22	162	771976.116	7095882.48	6.97	16.546	0.031718971	1.015919	0.583360942	0.08742245	4	24	-1	-1	60300.98492	Trial1	Trial1	1.97265499068418
62	83-0951	UME_081104_P26_WB05_2	2	UME_081104_P26_WB05	771993.7	7095834.7	771996.6434	7095833.901	44	114	771996.755	7095833.955	8.44	23.009	0.079307227	2.3654976	0.566443292	0.198784097	16	852	4.640163803	95.275	134176.3692	Trial1	Trial1	2.04843651793856
62	83-0951	UME_081104_P26_WB05_3	3	UME_081104_P26_WB05	771991.7	7095834.7	771994.6423	7095833.945	42	114	771994.754	7095833.866	8.896	24.9	0.055815711	1.480766	0.564099226	0.244358447	16	850	-1	-1	162220.325	Trial1	Trial1	1.92854969377414
9	83-0323	UME_081104_P26_WB06_1	1	UME_081104_P26_WB06	772061.7	7095724.7	772062.3099	7095722.375	112	4	772061.879	7095722.809	7.346	14.79	0.051107922	1.187293	0.774656004	0.097767017	44	2984	-1	-1	65270.08433	Trial1	Trial1	2.03533186334588
9	83-0323	UME_081104_P26_WB06_3	3	UME_081104_P26_WB06	772057.7	7095724.7	772058.3077	7095722.462	108	4	772057.843	7095722.822	5.869	12.358	0.146858141	14.3179933	0.427835073	0.030116055	44	2983	-1	-1	24364.46108	Trial1	Trial1	3.27242654470257
21	83-0323	UME_081104_P26_WB06_1	1	UME_081104_P26_WB06	772001.7	7095720.7	772002.1907	7095719.666	52	0	772001.791	7095719.899	11.311	22.486	0.194795048	3.6966296	0.61213457	0.274954361	44	2922	-1	-1	129693.4007	Trial1	Trial1	2.03533186334588
21	83-0323	UME_081104_P26_WB06_2	2	UME_081104_P26_WB06	771999.7	7095720.7	772000.1896	7095719.71	50	0	771999.81	7095719.878	10.459	23.33	0.140366527	4.3245428	0.341626775	0.152744917	44	2921	4.619609236	81.4	130629.6504	Trial1	Trial1	2.25629289988168
21	83-0323	UME_081104_P26_WB06_3	3	UME_081104_P26_WB06	771997.7	7095720.7	771998.1885	7095719.753	48	0	771997.781	7095719.886	6.369	18.39	0.027856476	1.2793715	0.629917896	0.106563012	44	2917	-1	-1	84879.12411	Trial1	Trial1	3.27242654470257
13	83-0185	UME_081104_P26_WB07_1	1	UME_081104_P26_WB07	772043.7	7095740.7	772044.6448	7095738.772	94	20	772044.286	7095738.968	10.17	21.347	0.182293345	6.0004851	0.442016094	0.160888286	40	2673	5.205453068	80.275	115177.1782	Trial1	Trial1	2.36566081881577
13	83-0185	UME_081104_P26_WB07_2	2	UME_081104_P26_WB07	772041.7	7095740.7	772042.6437	7095738.815	92	20	772042.454	7095739.087	8.448	11.693	0.023305868	0.9740036	0.521618864	0.047317275	40	2669	-1	-1	32722.96683	Trial1	Trial1	1.6848804686169
13	83-0185	UME_081104_P26_WB07_3	3	UME_081104_P26_WB07	772039.7	7095740.7	772040.6426	7095738.858	90	20	772040.376	7095739.183	6.22	10.942	0.033412792	2.2642195	0.558272596	0.032653963	40	2668	-1	-1	27736.46983	Trial1	Trial1	1.84815588585012
51	83-0741	UME_081104_P26_WB10_1	1	UME_081104_P26_WB10	772049.7	7095862.7	772053.2776	7095860.71	100	142	772053.443	7095860.796	12.172	22.479	0.029480076	1.1676789	0.428214589	0.2068582	10	488	4.869185183	84.85	120033.7721	Trial1	Trial1	1.7819715679061
51	83-0741	UME_081104_P26_WB10_2	2	UME_081104_P26_WB10	772047.7	7095862.7	772051.2765	7095860.753	98	142	772051.441	7095860.89	10.439	24.356	0.065963154	3.0408249	0.372218215	0.181038003	10	487	-1	-1	118609.9196	Trial1	Trial1	2.03782547960025
51	83-0741	UME_081104_P26_WB10_3	3	UME_081104_P26_WB10	772045.7	7095862.7	772049.2754	7095860.796	96	142	772049.487	7095860.796	9.174	14.195	0.024380866	1.8962549	0.380236565	0.05520317	10	486	-1	-1	40426.18931	Trial1	Trial1	1.89051929126273
17	83-0239	UME_081104_P26_WB11_1	1	UME_081104_P26_WB11	772025.7	7095736.7	772026.5488	7095735.158	76	16	772026.329	7095735.31	7.633	13.574	0.023962146	0.9425018	0.574314621	0.063436863	40	2659	-1	-1	44163.01398	Trial1	Trial1	1.81941476104189
17	83-0239	UME_081104_P26_WB11_2	2	UME_081104_P26_WB11	772023.7	7095736.7	772024.5477	7095735.201	74	16	772024.277	7095735.302	11.585	24.732	0.028545027	1.1180903	0.401528134	0.22346344	40	2655	4.529914106	95.525	139319.3056	Trial1	Trial1	1.83594440761801
17	83-0239	UME_081104_P26_WB11_3	3	UME_081104_P26_WB11	772021.7	7095736.7	772022.5466	7095735.244	72	16	772022.095	7095735.299	4.105	11.82	0.018566992	1.027441	0.675283436	0.030419918	40	2648	-1	-1	29264.63693	Trial1	Trial1	1.81725403462169
18	83-0223	UME_081104_P26_WB12_1	1	UME_081104_P26_WB12	772031.7	7095764.7	772033.1555	7095763.044	82	44	772032.975	7095763.024	12.147	30.358	0.093139974	3.052032	0.657594	0.578182675	34	2202	5.860345373	123.95	214242.4028	Trial1	Trial1	2.10568134494953
18	83-0223	UME_081104_P26_WB12_3	3	UME_081104_P26_WB12	772027.7	7095764.7	772029.1533	7095763.13	78	44	772029.04	7095763.238	6.705	21.38	0.026590035	0.9717157	0.600515993	0.144551698	34	2200	-1	-1	116427.0688	Trial1	Trial1	1.8211694440252
18	83-0223	UME_081104_P26_WB12_2	2	UME_081104_P26_WB12	772029.7	7095764.7	772031.1544	7095763.087	80	44	772031.071	7095763.144	11.892	25.292	0.046753542	1.7829187	0.502217026	0.300059439	34	2199	-1	-1	163803.4404	Trial1	Trial1	1.93274809094661
63	83-0970	UME_081104_P26_WC01_1	1	UME_081104_P26_WC01	771989.7	7095858.7	771993.1584	7095858.001	40	138	771993.282	7095857.878	11.502	22.225	0.136807359	2.3867173	0.412314148	0.183986637	10	436	-1	-1	110009.8643	Trial1	Trial1	2.03763663988588
63	83-0970	UME_081104_P26_WC01_2	2	UME_081104_P26_WC01	771987.7	7095858.7	771991.1573	7095858.044	38	138	771991.223	7095858.005	13.044	26.326	0.011717993	0.6467178	0.463663592	0.329198992	10	433	-1	-1	168388.9154	Trial1	Trial1	1.80091097664908
13	83-0188	UME_081104_P26_WC02_1	1	UME_081104_P26_WC02	772043.7	7095728.7	772044.3862	7095726.766	94	8	772044.035	7095727.043	12.776	21.019	0.185155968	5.1621746	0.306119365	0.135708791	42	2822	4.55357758	83.15	101499.2021	Trial1	Trial1	2.27944405973352
13	83-0188	UME_081104_P26_WC02_2	2	UME_081104_P26_WC02	772041.7	7095728.7	772042.3851	7095726.809	92	8	772042.165	7095727.037	12.274	20.182	0.205152784	3.9240707	0.43817768	0.17205473	42	2817	-1	-1	100533.8587	Trial1	Trial1	2.10229827908808
13	83-0188	UME_081104_P26_WC02_3	3	UME_081104_P26_WC02	772039.7	7095728.7	772040.384	7095726.852	90	8	772039.945	7095727.336	8.845	11.861	0.008857934	0.3678503	0.475379558	0.046460671	42	2815	-1	-1	31072.43294	Trial1	Trial1	1.61543820276852
50	83-0734	UME_081104_P26_WC03_1	1	UME_081104_P26_WC03	772049.7	7095834.7	772052.6741	7095832.694	100	114	772052.746	7095832.785	13.468	21.118	0.095910437	2.0753676	0.504824585	0.238152333	16	905	-1	-1	117436.8488	Trial1	Trial1	1.98071643658414
50	83-0734	UME_081104_P26_WC03_3	3	UME_081104_P26_WC03	772045.7	7095834.7	772048.6719	7095832.781	96	114	772048.789	7095832.95	10.408	21.726	0.157140052	2.6063707	0.338931936	0.130774716	16	904	-1	-1	109452.802	Trial1	Trial1	2.0599771338534
50	83-0734	UME_081104_P26_WC03_2	2	UME_081104_P26_WC03	772047.7	7095834.7	772050.673	7095832.738	98	114	772050.771	7095832.832	11.624	18.88	0.030131801	1.0438225	0.571566772	0.185990192	16	902	4.209235497	73.9	86413.63413	Trial1	Trial1	1.84698939920786
33	83-0501	UME_081104_P26_WC04_1	1	UME_081104_P26_WC04	771953.7	7095728.7	771954.3368	7095728.705	4	8	771953.994	7095728.785	11.21	26.956	0.132076926	6.2407718	0.387127774	0.247663786	42	2731	6.157971456	116.65	126488.4967	Trial1	Trial1	2.42589347592856
33	83-0501	UME_081104_P26_WC04_2	2	UME_081104_P26_WC04	771951.7	7095728.7	771952.3357	7095728.748	2	8	771951.935	7095728.719	11.289	28.231	0.320064726	8.4591958	0.336379364	0.237695986	42	2730	-1	-1	196675.591	Trial1	Trial1	2.72638647585907
33	83-0501	UME_081104_P26_WC04_3	3	UME_081104_P26_WC04	771949.7	7095728.7	771950.3346	7095728.792	0	8	771950.027	7095728.717	4.131	28.022	0.053179533	1.5623205	0.845504074	0.215401487	42	2729	-1	-1	178874.8431	Trial1	Trial1	1.80890463760184
24	83-0341	UME_081104_P26_WC05_1	1	UME_081104_P26_WC05	772001.7	7095792.7	772003.7425	7095791.706	52	72	772003.731	7095791.716	10.819	25.583	0.026920133	1.0262828	0.490903916	0.273010691	26	1567	5.659810564	105.875	170372.6719	Trial1	Trial1	1.87901710458593
24	83-0341	UME_081104_P26_WC05_2	2	UME_081104_P26_WC05	771999.7	7095792.7	772001.7414	7095791.749	50	72	772001.719	7095791.749	10.416	22.161	0.096182102	3.4443811	0.494959759	0.19886355	26	1566	-1	-1	123018.6439	Trial1	Trial1	2.20351528696277
24	83-0341	UME_081104_P26_WC05_3	3	UME_081104_P26_WC05	771997.7	7095792.7	771999.7403	7095791.792	48	72	771999.666	7095791.802	9.117	32.28	0.04972428	1.5907354	0.278178771	0.207551973	26	1564	-1	-1	158389.9915	Trial1	Trial1	1.95730369166841
16	83-0211	UME_081104_P26_WC06_2	2	UME_081104_P26_WC06	772035.7	7095800.7	772037.9336	7095798.978	86	80	772037.553	7095799.184	11.338	20.404	0.101045421	2.3941712	0.319535199	0.118458503	24	1446	-1	-1	98572.18745	Trial1	Trial1	2.06781545339835
16	83-0211	UME_081104_P26_WC06_1	1	UME_081104_P26_WC06	772037.7	7095800.7	772039.9347	7095798.934	88	80	772039.522	7095798.976	7.177	19.386	0.016549155	0.5310328	0.575897438	0.122000903	24	1440	-1	-1	84214.71227	Trial1	Trial1	1.81710800535351
16	83-0211	UME_081104_P26_WC06_3	3	UME_081104_P26_WC06	772033.7	7095800.7	772035.9325	7095799.021	84	80	772035.702	7095799.203	12.806	19.21	0.03488002	1.2059576	0.492338466	0.182742427	24	1436	3.862603561	71.05	90724.22414	Trial1	Trial1	1.91076004243071
35	83-0516	UME_081104_P26_WC07_1	1	UME_081104_P26_WC07	771953.7	7095788.7	771955.63	7095788.738	4	68	771955.563	7095788.446	9.064	20.303	0.057195853	2.3992567	0.49168934	0.144288822	28	1671	-1	-1	94437.57587	Trial1	Trial1	2.02911503333195
35	83-0516	UME_081104_P26_WC07_2	2	UME_081104_P26_WC07	771951.7	7095788.7	771953.6289	7095788.781	2	68	771953.587	7095788.63	7.937	19.557	0.019267012	0.7861764	0.527072951	0.125665179	28	1670	4.252467609	72.4	93841.98008	Trial1	Trial1	1.8141336381918
35	83-0516	UME_081104_P26_WC07_3	3	UME_081104_P26_WC07	771949.7	7095788.7	771951.6278	7095788.824	0	68	771951.767	7095788.698	6.781	19.483	0.055423697	2.7507312	0.530529716	0.107250856	28	1669	-1	-1	88396.77504	Trial1	Trial1	2.07715607817155
17	83-0234	UME_081104_P26_WC08_2	2	UME_081104_P26_WC08	772029.7	7095720.7	772030.2061	7095719.063	80	0	772029.874	7095719.351	11.22	24.39	0.039794383	1.5345184	0.382483591	0.200497295	44	2953	3.623153525	74.675	126578.3209	Trial1	Trial1	1.92634715446082
17	83-0234	UME_081104_P26_WC08_1	1	UME_081104_P26_WC08	772031.7	7095720.7	772032.2072	7095719.02	82	0	772031.785	7095719.296	5.921	15.646	0.041581552	1.5463512	0.630801315	0.071813281	44	2952	-1	-1	55767.03242	Trial1	Trial1	1.93922274472959
17	83-0234	UME_081104_P26_WC08_3	3	UME_081104_P26_WC08	772027.7	7095720.7	772028.205	7095719.106	78	0	772027.81	7095719.323	10.531	19.042	0.015969634	0.6705355	0.451348229	0.135364658	44	2951	-1	-1	82393.42478	Trial1	Trial1	1.80011820927148
24	83-0304	UME_081104_P26_WC09_1	1	UME_081104_P26_WC09	772007.7	7095792.7	772009.7458	7095791.577	58	72	772009.755	7095791.419	11.787	19.089	0.092988867	2.35051	0.42612691	0.143749959	26	1580	-1	-1	76410.50349	Trial1	Trial1	2.05225564539306
24	83-0304	UME_081104_P26_WC09_2	2	UME_081104_P26_WC09	772005.7	7095792.7	772007.7447	7095791.62	56	72	772007.738	7095791.535	6.395	15.083	0.027756342	1.2907209	0.550051025	0.062851003	26	1572	-1	-1	51449.85272	Trial1	Trial1	1.91180401708164
24	83-0304	UME_081104_P26_WC09_3	3	UME_081104_P26_WC09	772003.7	7095792.7	772005.7436	7095791.663	54	72	772005.708	7095791.584	8.381	15.571	0.02015321	1.1473334	0.479033459	0.076456561	26	1571	3.436517215	60.475	55496.56891	Trial1	Trial1	1.8938798659452
15	83-0174	UME_081104_P26_WC10_1	1	UME_081104_P26_WC10	772043.7	7095784.7	772045.5932	7095782.796	94	64	772045.53	7095782.952	8.703	29.853	0.040370097	1.533721	0.635805134	0.387314801	28	1753	5.485052135	116.775	237329.607	Trial1	Trial1	1.90537614257691
15	83-0174	UME_081104_P26_WC10_2	2	UME_081104_P26_WC10	772041.7	7095784.7	772043.5921	7095782.839	92	64	772043.495	7095782.914	9.07	18.621	0.019951081	0.7084684	0.559263794	0.138143195	28	1749	-1	-1	85594.07955	Trial1	Trial1	1.79487021663037
15	83-0174	UME_081104_P26_WC10_3	3	UME_081104_P26_WC10	772039.7	7095784.7	772041.591	7095782.883	90	64	772041.529	7095782.978	7.753	28.149	0.071899466	3.1598014	0.806262159	0.38902153	28	1748	-1	-1	220108.8833	Trial1	Trial1	2.12213078359742
9	83-0106	UME_081104_P26_WC12_1	1	UME_081104_P26_WC12	772061.7	7095732.7	772062.4823	7095730.38	112	12	772062.236	7095730.46	7.899	16.155	0.078344284	3.0803604	0.561534535	0.090920569	42	2838	5.68260994	69.275	66661.12426	Trial1	Trial1	2.05717990257039
35	83-0484	UME_081104_P26_WD01_2	2	UME_081104_P26_WD01	771957.7	7095776.7	771959.3735	7095776.645	8	56	771959.266	7095776.644	11.452	22.138	0.215583868	6.6816155	0.311297307	0.137225855	30	1820	-1	-1	100721.4569	Trial1	Trial1	2.61143289970358
35	83-0484	UME_081104_P26_WD01_1	1	UME_081104_P26_WD01	771959.7	7095776.7	771961.3746	7095776.602	10	56	771961.23	7095776.676	5.802	21.263	0.023492807	0.7222882	0.674158281	0.138887354	30	1818	-1	-1	103901.6845	Trial1	Trial1	1.81375276849069
35	83-0484	UME_081104_P26_WD01_3	3	UME_081104_P26_WD01	771955.7	7095776.7	771957.3724	7095776.689	6	56	771957.249	7095776.566	13.065	23.435	0.180069341	2.5919208	0.396888492	0.223658568	30	1815	4.521185873	82.575	124854.9478	Trial1	Trial1	2.06629079200743
37	83-0543	UME_081104_P26_WD02_1	1	UME_081104_P26_WD02	772103.7	7095810.7	772106.1865	7095807.517	154	90	772106.226	7095807.876	7.92	15.366	0.013066155	0.4403881	0.567678851	0.083372282	22	1355	-1	-1	56209.42754	Trial1	Trial1	1.86343942636191
37	83-0543	UME_081104_P26_WD02_2	2	UME_081104_P26_WD02	772101.7	7095810.7	772104.1854	7095807.561	152	90	772104.272	7095807.86	11.073	18.189	0.09276342	2.6731899	0.377171302	0.108524936	22	1354	-1	-1	75764.85129	Trial1	Trial1	2.16249473107366
37	83-0543	UME_081104_P26_WD02_3	3	UME_081104_P26_WD02	772099.7	7095810.7	772102.1843	7095807.604	150	90	772102.377	7095807.906	11.267	20.052	0.083806593	1.7916429	0.414790811	0.147587864	22	1353	4.75177666	83.175	106441.1072	Trial1	Trial1	2.04540164969668
32	83-0476	UME_081104_P26_WD04_1	1	UME_081104_P26_WD04	771965.7	7095804.7	771967.9814	7095804.488	16	84	771967.959	7095804.361	12.234	23.836	0.09982828	2.5065589	0.411231823	0.224495092	24	1373	4.548095121	92.225	133924.7337	Trial1	Trial1	2.06989766936675
32	83-0476	UME_081104_P26_WD04_2	2	UME_081104_P26_WD04	771963.7	7095804.7	771965.9803	7095804.532	14	84	771965.989	7095804.395	7.71	13.143	0.018426763	0.9097083	0.507384336	0.053072241	24	1368	-1	-1	38951.10632	Trial1	Trial1	1.85602878172419
32	83-0476	UME_081104_P26_WD04_3	3	UME_081104_P26_WD04	771961.7	7095804.7	771963.9792	7095804.575	12	84	771963.972	7095804.482	8.944	22.488	0.046362278	1.4588145	0.417431083	0.148294675	24	1367	-1	-1	117037.5957	Trial1	Trial1	1.92889817075704
10	83-0094	UME_081104_P26_WD05_1	1	UME_081104_P26_WD05	772067.7	7095752.7	772068.9166	7095750.261	118	32	772068.668	7095750.587	3.85	13.523	0.039076991	1.331256	0.81334551	0.044976587	36	2386	-1	-1	41659.49557	Trial1	Trial1	1.8744594657034
10	83-0094	UME_081104_P26_WD05_3	3	UME_081104_P26_WD05	772063.7	7095752.7	772064.9145	7095750.348	114	32	772064.696	7095750.623	12.675	29.376	0.066590505	2.6447791	0.293656425	0.252272837	36	2384	6.03980187	119.6	198506.0124	Trial1	Trial1	2.0406000410962
10	83-0094	UME_081104_P26_WD05_2	2	UME_081104_P26_WD05	772065.7	7095752.7	772066.9156	7095750.305	116	32	772066.718	7095750.598	6.561	25.455	0.026245914	1.1256735	0.587408377	0.196135516	36	2383	-1	-1	158219.2193	Trial1	Trial1	1.84241519312572
58	83-0918	UME_081104_P26_WD07_1	1	UME_081104_P26_WD07	772001.7	7095834.7	772004.6478	7095833.729	52	114	772004.865	7095833.681	9.496	25.228	0.096712826	3.2773168	0.352091237	0.166855532	16	855	-1	-1	147086.8936	Trial1	Trial1	2.02167236659571
58	83-0918	UME_081104_P26_WD07_2	2	UME_081104_P26_WD07	771999.7	7095834.7	772002.6467	7095833.772	50	114	772002.658	7095833.735	6.058	23.313	0.045382852	2.1084095	0.628307893	0.162471736	16	854	6.82012245	107.35	133651.6674	Trial1	Trial1	1.86554771040409
58	83-0918	UME_081104_P26_WD07_3	3	UME_081104_P26_WD07	771997.7	7095834.7	772000.6456	7095833.815	48	114	772000.636	7095833.793	10.138	20.759	0.064490768	2.4805645	0.766316057	0.262957965	16	853	-1	-1	113769.2392	Trial1	Trial1	1.91490710319887
6	83-0050	UME_081104_P26_WD08_1	1	UME_081104_P26_WD08	772079.7	7095752.7	772080.9232	7095750.003	130	32	772080.694	7095750.422	10.89	19.367	0.028075788	1.3484086	0.436603887	0.140067519	36	2400	-1	-1	85209.28891	Trial1	Trial1	1.85596406137246
6	83-0050	UME_081104_P26_WD08_3	3	UME_081104_P26_WD08	772075.7	7095752.7	772076.921	7095750.089	126	32	772076.81	7095750.108	7.173	11.264	0.079680689	4.1828211	0.415812858	0.029720029	36	2399	-1	-1	24429.31021	Trial1	Trial1	2.22711568095253
6	83-0050	UME_081104_P26_WD08_2	2	UME_081104_P26_WD08	772077.7	7095752.7	772078.9221	7095750.046	128	32	772078.859	7095750.498	12.026	24.028	0.019884684	0.857345	0.472271145	0.257537343	36	2398	5.339909078	91.15	144538.1383	Trial1	Trial1	1.78656133158857
14	83-0183	UME_081104_P26_WD09_1	1	UME_081104_P26_WD09	772043.7	7095748.7	772044.8173	7095746.777	94	28	772044.691	7095747.086	11.339	21.139	0.07117384	2.9603097	0.295461482	0.117582354	38	2517	4.148694305	76.975	84960.26399	Trial1	Trial1	2.1461319972001
14	83-0183	UME_081104_P26_WD09_2	2	UME_081104_P26_WD09	772041.7	7095748.7	772042.8162	7095746.82	92	28	772042.618	7095747.048	11.63	17.298	0.019668753	1.0082558	0.426213931	0.116489821	38	2516	-1	-1	63166.62854	Trial1	Trial1	1.87800945557071
14	83-0183	UME_081104_P26_WD09_3	3	UME_081104_P26_WD09	772039.7	7095748.7	772040.8151	7095746.863	90	28	772040.53	7095747.01	6.663	16.353	0.07869535	5.1137922	0.603692188	0.084488267	38	2515	-1	-1	70805.19488	Trial1	Trial1	2.4193042027446
55	83-0803	UME_081104_P26_WD10_3	3	UME_081104_P26_WD10	772027.7	7095874.7	772031.5241	7095873.191	78	154	772031.745	7095873.27	12.113	23.241	0.165088258	3.5969353	0.431394854	0.221685839	6	209	-1	-1	129912.0035	Trial1	Trial1	2.19571266307805
55	83-0803	UME_081104_P26_WD10_1	1	UME_081104_P26_WD10	772031.7	7095874.7	772035.5263	7095873.104	82	154	772035.795	7095872.955	11.281	26.872	0.01111422	0.5170362	0.48204334	0.308401935	6	205	5.945023926	104.125	171794.9358	Trial1	Trial1	1.77532790187621
55	83-0803	UME_081104_P26_WD10_2	2	UME_081104_P26_WD10	772029.7	7095874.7	772033.5252	7095873.147	80	154	772033.733	7095873.107	6.968	20.003	0.031555615	1.0347198	0.572142522	0.125277151	6	204	-1	-1	95455.21587	Trial1	Trial1	1.84912725895803
21	83-0325	UME_081104_P26_WD11_3	3	UME_081104_P26_WD11	771997.7	7095728.7	771998.361	7095727.757	48	8	771998.102	7095727.852	12.675	22.158	0.143026855	2.3110506	0.457344754	0.223543481	42	2778	-1	-1	120584.8435	Trial1	Trial1	1.99508762873783
21	83-0325	UME_081104_P26_WD11_2	2	UME_081104_P26_WD11	771999.7	7095728.7	772000.3621	7095727.714	50	8	772000.018	7095727.843	6.615	19.467	0.114036317	6.0380083	0.366777174	0.072207973	42	2773	-1	-1	72281.7609	Trial1	Trial1	2.49507713011961
21	83-0325	UME_081104_P26_WD11_1	1	UME_081104_P26_WD11	772001.7	7095728.7	772002.3632	7095727.671	52	8	772002.049	7095727.644	12.11	22.127	0.013623278	0.9622177	0.41615519	0.193798671	42	2772	5.643048081	88.775	109895.4147	Trial1	Trial1	1.81963677438578
21	83-0318	UME_081104_P26_WD12_2	2	UME_081104_P26_WD12	772005.7	7095736.7	772006.5378	7095735.589	56	16	772006.285	7095735.73	9.389	22.423	0.026264946	0.846141	0.516728587	0.191585421	40	2639	-1	-1	116772.7083	Trial1	Trial1	1.81998187649362
21	83-0318	UME_081104_P26_WD12_1	1	UME_081104_P26_WD12	772007.7	7095736.7	772008.5389	7095735.546	58	16	772008.279	7095735.617	12.304	28.525	0.039057265	1.3610834	0.729091423	0.573267293	40	2638	-1	-1	200874.1869	Trial1	Trial1	1.89260374735597
21	83-0318	UME_081104_P26_WD12_3	3	UME_081104_P26_WD12	772003.7	7095736.7	772004.5367	7095735.632	54	16	772004.118	7095735.823	11.809	22.363	0.227617335	3.7953155	0.317099606	0.147088225	40	2634	4.992586011	87.075	108926.9839	Trial1	Trial1	2.21073777034607
34	83-0506	UME_081104_P26_WE02_1	1	UME_081104_P26_WE02	771953.7	7095748.7	771954.7679	7095748.716	4	28	771954.528	7095748.712	10.737	22.713	0.021239059	0.9246218	0.459278621	0.199796281	38	2434	-1	-1	111674.3627	Trial1	Trial1	1.85715833661225
34	83-0506	UME_081104_P26_WE02_2	2	UME_081104_P26_WE02	771951.7	7095748.7	771952.7668	7095748.759	2	28	771952.526	7095748.702	9.777	24.095	0.040263412	1.4448284	0.341831378	0.152386266	38	2433	4.591902434	91.6	120525.953	Trial1	Trial1	1.92933747820437
34	83-0506	UME_081104_P26_WE02_3	3	UME_081104_P26_WE02	771949.7	7095748.7	771950.7657	7095748.803	0	28	771950.547	7095748.774	6.193	23.515	0.010558466	1.6113015	0.536701867	0.129314172	38	2432	-1	-1	111447.3793	Trial1	Trial1	1.95422847369792
22	83-0332	UME_081104_P26_WE03_1	1	UME_081104_P26_WE03	772001.7	7095756.7	772002.9666	7095755.686	52	36	772002.741	7095755.809	10.486	17.03	0.025288679	0.9917859	0.44329632	0.105882828	36	2327	-1	-1	68547.12242	Trial1	Trial1	1.83350961019938
22	83-0332	UME_081104_P26_WE03_2	2	UME_081104_P26_WE03	771999.7	7095756.7	772000.9655	7095755.729	50	36	772000.768	7095755.898	5.25	9.863	0.023210875	0.7181316	0.662990075	0.026592325	36	2326	-1	-1	22285.66977	Trial1	Trial1	1.79664875054757
22	83-0332	UME_081104_P26_WE03_3	3	UME_081104_P26_WE03	771997.7	7095756.7	771998.9644	7095755.772	48	36	771998.847	7095756.058	11.098	20.253	0.033684307	1.3129159	0.458009273	0.163748056	36	2325	4.844969982	81.575	98232.04001	Trial1	Trial1	1.87648154772571
21	83-0281	UME_081104_P26_WE04_1	1	UME_081104_P26_WE04	772013.7	7095728.7	772014.3697	7095727.412	64	8	772013.985	7095727.531	11.055	19.258	0.099013039	4.1634022	0.353293809	0.113766902	42	2789	-1	-1	81208.83094	Trial1	Trial1	2.27613651387224
21	83-0281	UME_081104_P26_WE04_2	2	UME_081104_P26_WE04	772011.7	7095728.7	772012.3686	7095727.455	62	8	772012.067	7095727.679	5.995	17.724	0.107931255	2.4269612	0.71775323	0.106164695	42	2788	-1	-1	74477.81707	Trial1	Trial1	2.03818389517876
21	83-0281	UME_081104_P26_WE04_3	3	UME_081104_P26_WE04	772009.7	7095728.7	772010.3675	7095727.498	60	8	772010.048	7095727.707	10.952	20.966	0.032937317	1.2662119	0.793051807	0.299860855	42	2784	5.257475572	87.875	121353.0782	Trial1	Trial1	1.87756377086447
26	83-0356	UME_081104_P26_WE05_1	1	UME_081104_P26_WE05	771995.7	7095760.7	771997.0496	7095759.818	46	40	771996.857	7095759.833	12.521	21.867	0.117974668	2.2154424	0.495397042	0.232943592	34	2167	4.893657229	84.575	112789.0509	Trial1	Trial1	1.95247124902528
26	83-0356	UME_081104_P26_WE05_2	2	UME_081104_P26_WE05	771993.7	7095760.7	771995.0485	7095759.861	44	40	771994.846	7095760.017	8.257	12.465	0.094586651	3.2288895	0.394252262	0.0397285	34	2161	-1	-1	32867.22543	Trial1	Trial1	2.08981074574694
18	83-0226	UME_081104_P26_WE07_2	2	UME_081104_P26_WE07	772029.7	7095752.7	772030.8958	7095751.08	80	32	772030.646	7095751.222	11.922	25.943	0.13901846	2.9563846	0.505623769	0.318644329	36	2356	4.16557606	88.85	159248.7951	Trial1	Trial1	2.09800110545814
18	83-0226	UME_081104_P26_WE07_3	3	UME_081104_P26_WE07	772027.7	7095752.7	772028.8947	7095751.124	78	32	772028.714	7095751.224	7.867	20.853	0.097060058	2.3799759	0.542643911	0.145796128	36	2355	-1	-1	103779.1247	Trial1	Trial1	2.01593153909312
18	83-0226	UME_081104_P26_WE07_1	1	UME_081104_P26_WE07	772031.7	7095752.7	772032.8969	7095751.037	82	32	772032.729	7095751.064	7.941	23.563	0.096090092	3.0876663	0.467503381	0.161886969	36	2353	-1	-1	129684.8224	Trial1	Trial1	2.12088775160863
58	83-0923	UME_081104_P26_WE08_1	1	UME_081104_P26_WE08	772001.7	7095854.7	772005.0788	7095853.74	52	134	772005.336	7095853.732	6.057	13.558	0.01716987	0.5749495	0.617713137	0.054016508	12	579	-1	-1	41830.47735	Trial1	Trial1	1.63993344112064
58	83-0923	UME_081104_P26_WE08_2	2	UME_081104_P26_WE08	771999.7	7095854.7	772003.0777	7095853.783	50	134	772003.496	7095853.816	8.671	19.181	0.21243707	4.9387279	0.493559227	0.123667183	12	578	4.727010408	85.075	86144.29713	Trial1	Trial1	2.22271976173402
58	83-0923	UME_081104_P26_WE08_3	3	UME_081104_P26_WE08	771997.7	7095854.7	772001.0766	7095853.826	48	134	772001.457	7095853.939	8.968	18.158	0.016727762	0.7304988	0.564129525	0.131003372	12	577	-1	-1	83076.70944	Trial1	Trial1	1.65950127144089
42	83-0600	UME_081104_P26_WE09_2	2	UME_081104_P26_WE09	772083.7	7095850.7	772087.0376	7095847.97	134	130	772087.172	7095848.237	7.37	12.627	0.016856156	0.5218707	0.577342411	0.053279685	12	652	-1	-1	34936.50866	Trial1	Trial1	1.77380532624787
42	83-0600	UME_081104_P26_WE09_1	1	UME_081104_P26_WE09	772085.7	7095850.7	772089.0387	7095847.927	136	130	772089.233	7095848.143	11.398	21.075	0.027950147	1.1307305	0.574767208	0.228525595	12	651	-1	-1	106123.4433	Trial1	Trial1	1.85246073643405
42	83-0600	UME_081104_P26_WE09_3	3	UME_081104_P26_WE09	772081.7	7095850.7	772085.0365	7095848.014	132	130	772085.2	7095848.24	9.124	19.079	0.029693117	1.0809688	0.456856023	0.119168344	12	643	4.570303046	85.25	82751.80033	Trial1	Trial1	1.85111383300788
62	83-0966	UME_081104_P26_WE10_2	2	UME_081104_P26_WE10	771987.7	7095842.7	771990.8125	7095842.035	38	122	771990.738	7095842.149	9.328	13.314	0.02270222	0.5051323	0.571152963	0.074169668	14	712	-1	-1	44697.1163	Trial1	Trial1	1.78359153295385
62	83-0966	UME_081104_P26_WE10_1	1	UME_081104_P26_WE10	771989.7	7095842.7	771992.8136	7095841.992	40	122	771992.876	7095841.997	10.37	19.888	0.019486503	0.9269765	0.489520634	0.157696395	14	709	5.121981242	78.2	94634.05507	Trial1	Trial1	1.84299366750164
16	83-0166	UME_081104_P26_WE11_1	1	UME_081104_P26_WE11	772049.7	7095796.7	772051.8551	7095794.674	100	76	772051.857	7095794.798	7.349	13.283	0.02121346	0.5330072	0.56320725	0.05735282	26	1618	-1	-1	42780.96872	Trial1	Trial1	1.81471673934139
16	83-0166	UME_081104_P26_WE11_2	2	UME_081104_P26_WE11	772047.7	7095796.7	772049.854	7095794.717	98	76	772049.847	7095794.799	12.172	25.9	0.044727522	1.750154	0.371195097	0.238038761	26	1617	-1	-1	154264.2415	Trial1	Trial1	1.97875130662279
16	83-0166	UME_081104_P26_WE11_3	3	UME_081104_P26_WE11	772045.7	7095796.7	772047.8529	7095794.76	96	76	772047.896	7095794.849	10.992	22.773	0.027112714	1.1175173	0.460882339	0.206338603	26	1613	4.664676212	80.65	116465.0227	Trial1	Trial1	1.89560160724814
26	83-0399	UME_081104_P26_WF01_3	3	UME_081104_P26_WF01	771979.7	7095764.7	771981.127	7095764.165	30	44	771980.93	7095764.101	10.639	22.999	0.115482005	3.8402824	0.314049098	0.138803707	34	2152	5.196541622	94.2	126410.4303	Trial1	Trial1	2.19922424597161
26	83-0399	UME_081104_P26_WF01_1	1	UME_081104_P26_WF01	771983.7	7095764.7	771985.1292	7095764.079	34	44	771985.013	7095763.952	9.926	23.66	0.048096376	2.2091779	0.423082987	0.184632275	34	2151	-1	-1	115329.3122	Trial1	Trial1	1.97417228842997
26	83-0399	UME_081104_P26_WF01_2	2	UME_081104_P26_WF01	771981.7	7095764.7	771983.1281	7095764.122	32	44	771982.974	7095764.079	5.445	13.545	0.021156514	0.9308988	0.65711381	0.051559668	34	2150	-1	-1	44185.06387	Trial1	Trial1	1.80693118282643
17	83-0236	UME_081104_P26_WF02_1	1	UME_081104_P26_WF02	772025.7	7095724.7	772026.2901	7095723.151	76	4	772025.968	7095723.418	9.381	18.175	0.23701128	7.4326043	0.437118798	0.106382517	44	2958	4.255227768	69.95	75743.35217	Trial1	Trial1	2.69107147145386
17	83-0236	UME_081104_P26_WF02_2	2	UME_081104_P26_WF02	772023.7	7095724.7	772024.289	7095723.194	74	4	772023.956	7095723.332	11.076	22.423	0.048493551	1.8120557	0.618638854	0.270578796	44	2950	-1	-1	114326.9628	Trial1	Trial1	1.93103267352213
17	83-0236	UME_081104_P26_WF02_3	3	UME_081104_P26_WF02	772021.7	7095724.7	772022.2879	7095723.238	72	4	772021.949	7095723.417	5.32	20.052	0.023651471	0.759116	0.744325569	0.125052589	44	2945	-1	-1	97762.76464	Trial1	Trial1	1.78175912424128
13	83-0147	UME_081104_P26_WF03_2	2	UME_081104_P26_WF03	772047.7	7095720.7	772048.216	7095718.675	98	0	772047.813	7095718.951	8.573	16.868	0.129958615	3.0202273	0.537220354	0.102914305	44	2975	4.083553276	62.525	75204.05707	Trial1	Trial1	2.03546992003832
13	83-0193	UME_081104_P26_WF04_1	1	UME_081104_P26_WF04	772037.7	7095728.7	772038.3829	7095726.895	88	8	772038.017	7095727.077	11.308	22.62	0.215747872	4.5816355	0.405146372	0.184101362	42	2816	4.568233366	88.15	135511.6475	Trial1	Trial1	2.16697963108599
13	83-0193	UME_081104_P26_WF04_2	2	UME_081104_P26_WF04	772035.7	7095728.7	772036.3818	7095726.938	86	8	772036.062	7095727.125	6.261	22.173	0.059045191	2.0853545	0.59112783	0.142909837	42	2814	-1	-1	125444.1778	Trial1	Trial1	1.82220376613208
13	83-0193	UME_081104_P26_WF04_3	3	UME_081104_P26_WF04	772033.7	7095728.7	772034.3807	7095726.981	84	8	772034.075	7095727.065	11.351	22.56	0.07096825	2.7183944	0.494326922	0.224302079	42	2810	-1	-1	123739.556	Trial1	Trial1	1.89606745402052
27	83-0354	UME_081104_P26_WF05_2	2	UME_081104_P26_WF05	771993.7	7095768.7	771995.2209	7095767.865	44	48	771995.118	7095767.86	11.913	21.404	0.452347603	8.0818965	0.350092213	0.150060381	32	2006	5.285330371	93.675	102367.0651	Trial1	Trial1	2.71436695987315
27	83-0354	UME_081104_P26_WF05_1	1	UME_081104_P26_WF05	771995.7	7095768.7	771997.222	7095767.822	46	48	771997.113	7095767.711	6.681	15.87	0.584703402	16.8366685	0.541495655	0.071559066	32	2004	-1	-1	39767.85777	Trial1	Trial1	3.88198458436655
27	83-0354	UME_081104_P26_WF05_3	3	UME_081104_P26_WF05	771991.7	7095768.7	771993.2198	7095767.908	42	48	771993.142	7095767.791	10.751	18.475	0.194689972	4.3899743	0.372862717	0.107458117	32	2002	-1	-1	88219.63615	Trial1	Trial1	2.22366309904373
33	83-0494	UME_081104_P26_WF06_1	1	UME_081104_P26_WF06	771959.7	7095736.7	771960.5125	7095736.58	10	16	771960.235	7095736.658	3.382	4.42	0.008863833	0.7673936	0.774180374	0.004016683	40	2586	-1	-1	3958.646496	Trial1	Trial1	1.69378027476887
33	83-0494	UME_081104_P26_WF06_3	3	UME_081104_P26_WF06	771955.7	7095736.7	771956.5103	7095736.667	6	16	771956.209	7095736.553	11.343	28.516	0.098315287	1.8352122	0.412539503	0.298858352	40	2583	5.258675255	98.825	183750.7969	Trial1	Trial1	1.84391411598827
36	83-0517	UME_081104_P26_WF07_2	2	UME_081104_P26_WF07	771951.7	7095792.7	771953.7151	7095792.784	2	72	771953.695	7095792.659	11.251	23.877	0.092688498	1.7845717	0.437183582	0.220251868	26	1521	4.61280334	85.575	131103.449	Trial1	Trial1	1.92473168167127
36	83-0517	UME_081104_P26_WF07_1	1	UME_081104_P26_WF07	771953.7	7095792.7	771955.7162	7095792.74	4	72	771955.682	7095792.548	3.902	18.57	0.082190923	2.4145596	0.825390053	0.087228435	26	1520	-1	-1	80831.80549	Trial1	Trial1	2.00859878662189
36	83-0517	UME_081104_P26_WF07_3	3	UME_081104_P26_WF07	771949.7	7095792.7	771951.714	7095792.827	0	72	771951.577	7095792.67	8.974	21.404	0.061414571	2.4996615	0.543981043	0.175644549	26	1519	-1	-1	106828.4974	Trial1	Trial1	2.02056653773429
5	83-0054	UME_081104_P26_WF08_1	1	UME_081104_P26_WF08	772079.7	7095736.7	772080.5784	7095733.994	130	16	772080.059	7095734.54	4.674	11.629	0.059459576	1.6274904	0.681425424	0.033829937	40	2708	-1	-1	28926.01695	Trial1	Trial1	1.84339611149585
5	83-0054	UME_081104_P26_WF08_3	3	UME_081104_P26_WF08	772075.7	7095736.7	772076.5762	7095734.08	126	16	772076.26	7095734.489	7.093	15.197	0.035513974	1.5236627	0.540641143	0.069559255	40	2703	4.36100398	68.2	52410.32759	Trial1	Trial1	1.81702087769483
5	83-0054	UME_081104_P26_WF08_2	2	UME_081104_P26_WF08	772077.7	7095736.7	772078.5773	7095734.037	128	16	772078.153	7095734.414	6.235	14.563	0.022588036	1.0532795	0.560294814	0.05819112	40	2702	-1	-1	48800.72032	Trial1	Trial1	1.76045011924303
11	83-0133	UME_081104_P26_WF09_1	1	UME_081104_P26_WF09	772055.7	7095772.7	772057.3411	7095770.531	106	52	772057.358	7095770.797	8.874	17.851	0.044929909	1.6229016	0.611232243	0.13575047	32	2067	-1	-1	76398.15275	Trial1	Trial1	1.99972184148234
11	83-0133	UME_081104_P26_WF09_2	2	UME_081104_P26_WF09	772053.7	7095772.7	772055.34	7095770.574	104	52	772055.405	7095770.876	6.18	14.507	0.024119552	0.8702302	0.669100645	0.068349448	32	2066	3.790150644	67.05	53306.14345	Trial1	Trial1	1.89746220926415
11	83-0133	UME_081104_P26_WF09_3	3	UME_081104_P26_WF09	772051.7	7095772.7	772053.3389	7095770.617	102	52	772053.43	7095770.815	11.787	18.626	0.024001739	0.8504661	0.458004831	0.147090711	32	2061	-1	-1	82704.90554	Trial1	Trial1	1.89305496959603
58	83-0920	UME_081104_P26_WF10_1	1	UME_081104_P26_WF10	772001.7	7095842.7	772004.8202	7095841.733	52	122	772005.001	7095841.756	12.19	20.561	0.198388918	7.1947268	0.360587263	0.145952547	14	719	-1	-1	99226.70509	Trial1	Trial1	2.53666981285634
58	83-0920	UME_081104_P26_WF10_2	2	UME_081104_P26_WF10	771999.7	7095842.7	772002.8191	7095841.776	50	122	772002.967	7095841.858	10.264	18.628	0.070842531	2.2102837	0.392357632	0.109753083	14	718	6.330424821	72.8	82535.19527	Trial1	Trial1	1.87057441281737
58	83-0920	UME_081104_P26_WF10_3	3	UME_081104_P26_WF10	771997.7	7095842.7	772000.818	7095841.82	48	122	772001.053	7095841.87	8.338	18.08	0.100305001	2.9829941	0.522887197	0.111937788	14	717	-1	-1	67775.16887	Trial1	Trial1	1.97324370453404
21	83-0321	UME_081104_P26_WF11_1	1	UME_081104_P26_WF11	772007.7	7095724.7	772008.2802	7095723.539	58	4	772008.038	7095723.718	7.573	15.588	0.073214378	2.4451159	0.886367181	0.128092915	44	2935	-1	-1	70290.22089	Trial1	Trial1	2.02662391403607
21	83-0321	UME_081104_P26_WF11_3	3	UME_081104_P26_WF11	772003.7	7095724.7	772004.278	7095723.626	54	4	772003.875	7095723.805	11.903	22.528	0.014361359	0.8495134	0.397026602	0.188364829	44	2930	4.969569213	90.825	110227.1506	Trial1	Trial1	1.8038670802651
21	83-0321	UME_081104_P26_WF11_2	2	UME_081104_P26_WF11	772005.7	7095724.7	772006.2791	7095723.582	56	4	772005.991	7095723.78	11.27	17.853	0.028961816	2.1459073	0.454650851	0.128268748	44	2928	-1	-1	76429.87532	Trial1	Trial1	1.98158722001405
35	83-0511	UME_081104_P26_WF12_1	1	UME_081104_P26_WF12	771953.7	7095768.7	771955.1989	7095768.727	4	48	771955.1	7095768.556	4.227	16.109	0.02104522	0.7393432	0.776270927	0.066874111	32	1962	-1	-1	59466.20996	Trial1	Trial1	1.82489925480505
35	83-0511	UME_081104_P26_WF12_2	2	UME_081104_P26_WF12	771951.7	7095768.7	771953.1978	7095768.77	2	48	771953.163	7095768.623	8.222	15.867	0.023525946	0.9548366	0.516397947	0.083953911	32	1961	-1	-1	57670.09172	Trial1	Trial1	1.85529305067999
35	83-0511	UME_081104_P26_WF12_3	3	UME_081104_P26_WF12	771949.7	7095768.7	771951.1967	7095768.814	0	48	771951.06	7095768.585	9.365	16.993	0.105200661	2.5155597	0.45885198	0.097450399	32	1960	3.818216827	65.4	65491.45424	Trial1	Trial1	2.06539446750901
10	83-0095	UME_081104_P26_WG01_2	2	UME_081104_P26_WG01	772065.7	7095748.7	772066.8293	7095746.302	116	28	772066.71	7095746.846	9.72	21.445	0.148208113	3.5365337	0.570676845	0.200350442	38	2543	-1	-1	125888.4303	Trial1	Trial1	2.18333094771152
10	83-0095	UME_081104_P26_WG01_1	1	UME_081104_P26_WG01	772067.7	7095748.7	772068.8304	7095746.259	118	28	772068.74	7095746.461	10.52	26.042	0.021194919	1.0566185	0.481631286	0.269889647	38	2538	5.674743314	102.5	155068.5813	Trial1	Trial1	1.85725453502787
6	83-0047	UME_081104_P26_WG02_1	1	UME_081104_P26_WG02	772079.7	7095764.7	772081.1819	7095762.009	130	44	772081.046	7095762.309	7.92	15.305	0.065739868	2.9607501	0.593482869	0.086473833	34	2251	-1	-1	64653.46506	Trial1	Trial1	2.00852346295739
6	83-0047	UME_081104_P26_WG02_2	2	UME_081104_P26_WG02	772077.7	7095764.7	772079.1808	7095762.053	128	44	772079.057	7095762.346	10.353	20.192	0.046841047	1.8277816	0.341157953	0.113099745	34	2250	4.504862684	76.525	86800.40308	Trial1	Trial1	1.85473864881584
6	83-0047	UME_081104_P26_WG02_3	3	UME_081104_P26_WG02	772075.7	7095764.7	772077.1797	7095762.096	126	44	772076.969	7095762.326	8.536	17.889	0.054521648	2.0326366	0.53535369	0.114854674	34	2247	-1	-1	83029.46778	Trial1	Trial1	1.87973777500164
42	83-0628	UME_081104_P26_WG03_2	2	UME_081104_P26_WG03	772077.7	7095838.7	772080.7757	7095836.093	128	118	772080.853	7095836.235	12.308	18.916	0.036334797	0.7191237	0.470418923	0.162710899	16	933	-1	-1	90872.0839	Trial1	Trial1	1.8324374075043
42	83-0628	UME_081104_P26_WG03_1	1	UME_081104_P26_WG03	772079.7	7095838.7	772082.7768	7095836.05	130	118	772082.916	7095836.368	11.625	17.167	0.024030589	1.0408467	0.497461335	0.133846347	16	929	3.914730623	74.575	75804.59608	Trial1	Trial1	1.87332193958956
25	83-0366	UME_081104_P26_WG05_1	1	UME_081104_P26_WG05	771995.7	7095720.7	771996.1874	7095719.796	46	0	771995.679	7095719.91	8.301	25.541	0.040636477	1.6653855	0.477912586	0.20324851	44	2918	5.881045421	95.375	160536.1189	Trial1	Trial1	1.87279614329366
31	83-0437	UME_081104_P26_WG06_1	1	UME_081104_P26_WG06	771971.7	7095788.7	771973.6399	7095788.35	22	68	771973.447	7095788.297	9.517	22.964	0.033766854	2.4569755	0.469844762	0.18520096	28	1688	-1	-1	114455.1468	Trial1	Trial1	2.00410746587199
31	83-0437	UME_081104_P26_WG06_2	2	UME_081104_P26_WG06	771969.7	7095788.7	771971.6388	7095788.393	20	68	771971.59	7095788.166	9.971	21.731	0.023470715	1.4662387	0.411750618	0.152269568	28	1687	5.683630569	109.075	85967.5992	Trial1	Trial1	1.87275680565984
31	83-0437	UME_081104_P26_WG06_3	3	UME_081104_P26_WG06	771967.7	7095788.7	771969.6377	7095788.437	18	68	771969.522	7095788.258	4.406	19.365	0.013356281	0.8440846	0.634813145	0.082375364	28	1686	-1	-1	76455.07128	Trial1	Trial1	1.79059601460302
55	83-0852	UME_081104_P26_WG07_2	2	UME_081104_P26_WG07	772017.7	7095862.7	772021.26	7095861.4	68	142	772021.388	7095861.319	5.282	17.565	0.023105437	1.3058453	0.599040529	0.076673838	10	463	-1	-1	66495.471	Trial1	Trial1	1.91654587409433
55	83-0852	UME_081104_P26_WG07_3	3	UME_081104_P26_WG07	772015.7	7095862.7	772019.2589	7095861.443	66	142	772019.393	7095861.279	11.062	22.767	0.048399793	1.8117146	0.405723355	0.182702427	10	458	4.703652303	89.8	115501.5612	Trial1	Trial1	1.9866322369191
13	83-0194	UME_081104_P26_WG08_1	1	UME_081104_P26_WG08	772037.7	7095732.7	772038.4691	7095730.897	88	12	772038.184	7095731.038	12.721	19.096	0.097262992	2.1567553	0.361283515	0.131632748	42	2819	3.892188256	72.45	94563.12165	Trial1	Trial1	1.83566400099093
13	83-0194	UME_081104_P26_WG08_2	2	UME_081104_P26_WG08	772035.7	7095732.7	772036.468	7095730.94	86	12	772036.184	7095731.101	10.619	16.587	1.221854673	38.3848375	0.53008854	0.121639605	42	2818	-1	-1	55722.74877	Trial1	Trial1	6.66602704982485
13	83-0194	UME_081104_P26_WG08_3	3	UME_081104_P26_WG08	772033.7	7095732.7	772034.4669	7095730.983	84	12	772034.19	7095731.156	11.39	18.878	0.017048018	0.678525	0.487960446	0.155568862	42	2811	-1	-1	84116.05979	Trial1	Trial1	1.61779743182144
15	83-0161	UME_081104_P26_WG09_1	1	UME_081104_P26_WG09	772049.7	7095776.7	772051.424	7095774.663	100	56	772051.279	7095774.921	11.08	19.44	0.127389771	3.3900881	0.397274563	0.130650453	30	1912	-1	-1	89274.07005	Trial1	Trial1	2.17249447568143
15	83-0161	UME_081104_P26_WG09_2	2	UME_081104_P26_WG09	772047.7	7095776.7	772049.4229	7095774.706	98	56	772049.334	7095774.771	6.302	20.836	0.035248399	1.0373388	0.647713035	0.139181988	30	1911	-1	-1	98523.18551	Trial1	Trial1	1.856851601192
15	83-0161	UME_081104_P26_WG09_3	3	UME_081104_P26_WG09	772045.7	7095776.7	772047.4218	7095774.749	96	56	772047.283	7095774.851	12.631	21.525	0.023932969	0.8218833	0.549973103	0.252782414	30	1903	4.547320737	76.925	113451.781	Trial1	Trial1	1.82670751425639
17	83-0232	UME_081104_P26_WG10_1	1	UME_081104_P26_WG10	772031.7	7095728.7	772032.3796	7095727.024	82	8	772031.968	7095727.146	4.811	13.684	0.050890063	1.8241427	0.764675927	0.054102024	42	2804	-1	-1	43927.41534	Trial1	Trial1	1.9676449105416
17	83-0232	UME_081104_P26_WG10_2	2	UME_081104_P26_WG10	772029.7	7095728.7	772030.3785	7095727.067	80	8	772030.119	7095727.213	7.64	16.375	0.050824791	2.1112045	0.493104505	0.079335831	42	2803	-1	-1	60559.02179	Trial1	Trial1	1.99625148646652
17	83-0232	UME_081104_P26_WG10_3	3	UME_081104_P26_WG10	772027.7	7095728.7	772028.3774	7095727.11	78	8	772028.065	7095727.294	10.011	19.031	0.018985627	0.6638082	0.446972166	0.127276255	42	2802	-1	-1	79706.76679	Trial1	Trial1	1.79358594953491
59	83-0926	UME_081104_P26_WG11_1	1	UME_081104_P26_WG11	772001.7	7095866.7	772005.3375	7095865.747	52	146	772005.582	7095865.579	10.333	22.298	0.052876023	1.864372	0.356894117	0.144006696	8	311	-1	-1	122312.9487	Trial1	Trial1	1.97632060305834
59	83-0926	UME_081104_P26_WG11_2	2	UME_081104_P26_WG11	771999.7	7095866.7	772003.3364	7095865.79	50	146	772003.518	7095865.673	11.742	21.168	0.021055605	0.7533047	0.518645364	0.2143189	8	310	5.11712387	81	100827.1193	Trial1	Trial1	1.82712299091506
25	83-0405	UME_081104_P26_WG12_3	3	UME_081104_P26_WG12	771979.7	7095740.7	771980.6097	7095740.152	30	20	771980.314	7095740.264	9.85	17.692	0.045469638	0.7956768	0.699007165	0.169258199	40	2612	4.522819385	63.25	91458.89108	Trial1	Trial1	1.80713766728174
25	83-0405	UME_081104_P26_WG12_2	2	UME_081104_P26_WG12	771981.7	7095740.7	771982.6108	7095740.108	32	20	771982.157	7095739.993	8.094	13.29	0.044189891	2.2867636	0.378384704	0.042482834	40	2610	-1	-1	36760.40237	Trial1	Trial1	2.00200054512498
9	83-0105	UME_081104_P26_WH01_1	1	UME_081104_P26_WH01	772061.7	7095728.7	772062.3961	7095726.378	112	8	772061.907	7095726.723	6.872	16.157	0.015763554	0.8345266	0.547467048	0.0771353	42	2836	4.375517802	60.225	59876.86641	Trial1	Trial1	1.77403293631411
15	83-0163	UME_081104_P26_WH02_1	1	UME_081104_P26_WH02	772049.7	7095784.7	772051.5965	7095782.667	100	64	772051.535	7095782.854	11.931	20.936	0.137556223	2.6398767	0.386825051	0.15887226	28	1760	-1	-1	107896.2414	Trial1	Trial1	2.05356721693628
15	83-0163	UME_081104_P26_WH02_2	2	UME_081104_P26_WH02	772047.7	7095784.7	772049.5954	7095782.71	98	64	772049.58	7095782.869	10.352	26.04	0.161462446	3.8082362	0.436885215	0.240865483	28	1759	4.708600313	98.5	173616.0043	Trial1	Trial1	2.20961661877244
6	83-0023	UME_081104_P26_WH03_2	2	UME_081104_P26_WH03	772083.7	7095752.7	772084.9254	7095749.917	134	32	772084.665	7095750.325	7.155	7.438	0.083570445	4.6020839	0.604736461	0.018799391	36	2405	-1	-1	16343.96322	Trial1	Trial1	2.29844510686477
6	83-0023	UME_081104_P26_WH03_1	1	UME_081104_P26_WH03	772085.7	7095752.7	772086.9265	7095749.874	136	32	772086.726	7095750.218	11.749	22.459	0.009572158	0.3585136	0.657260752	0.305928353	36	2404	-1	-1	128927.5885	Trial1	Trial1	1.73542466262839
6	83-0023	UME_081104_P26_WH03_3	3	UME_081104_P26_WH03	772081.7	7095752.7	772082.9243	7095749.96	132	32	772082.789	7095750.259	12.062	26.119	0.073911817	3.1260002	0.424140442	0.27411325	36	2401	5.381043316	103.375	162038.8841	Trial1	Trial1	2.09730833264969
27	83-0351	UME_081104_P26_WH04_1	1	UME_081104_P26_WH04	771995.7	7095780.7	771997.4806	7095779.829	46	60	771997.27	7095779.674	7.896	15.792	0.031387516	0.991836	0.564345024	0.087283623	30	1857	-1	-1	57015.41707	Trial1	Trial1	1.77431954973119
27	83-0351	UME_081104_P26_WH04_2	2	UME_081104_P26_WH04	771993.7	7095780.7	771995.4795	7095779.872	44	60	771995.347	7095779.936	7.144	15.577	0.022988429	1.5675825	0.28975483	0.039447208	30	1855	-1	-1	29833.87308	Trial1	Trial1	1.85336099595202
27	83-0351	UME_081104_P26_WH04_3	3	UME_081104_P26_WH04	771991.7	7095780.7	771993.4784	7095779.915	42	60	771993.262	7095779.791	11.993	20.485	0.111828875	3.3683331	0.449120961	0.177523181	30	1854	4.545030214	80.475	103010.7781	Trial1	Trial1	2.09628652159551
50	83-0737	UME_081104_P26_WH05_1	1	UME_081104_P26_WH05	772049.7	7095846.7	772052.9327	7095844.701	100	126	772053.168	7095844.814	12.774	27.12	0.040131208	1.7436625	0.500808073	0.369556646	14	766	-1	-1	177379.3876	Trial1	Trial1	1.9193328970231
50	83-0737	UME_081104_P26_WH05_2	2	UME_081104_P26_WH05	772047.7	7095846.7	772050.9316	7095844.744	98	126	772050.973	7095844.838	8.609	18.595	0.05666662	2.4555726	0.588674108	0.137629644	14	765	-1	-1	93806.08021	Trial1	Trial1	2.01924676082773
50	83-0737	UME_081104_P26_WH05_3	3	UME_081104_P26_WH05	772045.7	7095846.7	772048.9305	7095844.787	96	126	772049.071	7095844.824	9.74	26.644	0.017241657	0.688239	0.569836296	0.309450544	14	761	7.043340646	111.225	178513.4006	Trial1	Trial1	1.78795576119914
57	83-0906	UME_081104_P26_WH06_1	1	UME_081104_P26_WH06	772007.7	7095830.7	772010.5648	7095829.597	58	110	772010.804	7095829.717	11.038	16.996	0.125365023	2.5003989	0.405800648	0.101615861	18	1005	4.185453012	72.15	65266.38086	Trial1	Trial1	2.03152395284412
57	83-0906	UME_081104_P26_WH06_2	2	UME_081104_P26_WH06	772005.7	7095830.7	772008.5637	7095829.641	56	110	772008.743	7095829.726	6.962	17.844	0.00938586	0.6560747	0.56891805	0.099049528	18	1003	-1	-1	75760.70445	Trial1	Trial1	1.78633923668501
57	83-0906	UME_081104_P26_WH06_3	3	UME_081104_P26_WH06	772003.7	7095830.7	772006.5626	7095829.684	54	110	772006.758	7095829.808	11.882	21.036	0.013983031	0.8303459	0.429626094	0.1774171	18	1002	-1	-1	102183.7695	Trial1	Trial1	1.81053232906685
41	83-0594	UME_081104_P26_WH07_1	1	UME_081104_P26_WH07	772085.7	7095826.7	772088.5214	7095823.914	136	106	772088.56	7095824.12	11.326	19.222	0.130170359	3.2521361	0.423411108	0.139163564	18	1062	3.609561485	72.45	90086.94234	Trial1	Trial1	2.13567303928003
41	83-0594	UME_081104_P26_WH07_2	2	UME_081104_P26_WH07	772083.7	7095826.7	772086.5203	7095823.957	134	106	772086.518	7095824.151	7.687	13.176	0.037109177	1.2676722	0.7577451	0.079424905	18	1060	-1	-1	40070.27156	Trial1	Trial1	1.87216998408346
41	83-0594	UME_081104_P26_WH07_3	3	UME_081104_P26_WH07	772081.7	7095826.7	772084.5192	7095824	132	106	772084.504	7095824.205	10.623	18.044	0.098061004	2.6677905	0.419221385	0.113879882	18	1059	-1	-1	77021.79609	Trial1	Trial1	2.06093681872096
18	83-0225	UME_081104_P26_WH08_1	1	UME_081104_P26_WH08	772031.7	7095756.7	772032.9831	7095755.04	82	36	772032.893	7095755.26	8.973	25.962	0.043727696	1.1784046	0.43484373	0.206551373	36	2358	6.648375002	110.225	154428.8017	Trial1	Trial1	1.86211239200539
18	83-0225	UME_081104_P26_WH08_3	3	UME_081104_P26_WH08	772027.7	7095756.7	772028.9809	7095755.126	78	36	772028.823	7095755.287	8.578	18.733	0.16072485	3.8912576	0.46584325	0.110136118	36	2357	-1	-1	87811.60345	Trial1	Trial1	2.21551969416669
18	83-0225	UME_081104_P26_WH08_2	2	UME_081104_P26_WH08	772029.7	7095756.7	772030.982	7095755.083	80	36	772030.804	7095755.364	10.974	19.112	0.055286706	2.2871601	0.391186219	0.123160064	36	2354	-1	-1	89673.33723	Trial1	Trial1	2.00559631130768
6	83-0026	UME_081104_P26_WH09_1	1	UME_081104_P26_WH09	772085.7	7095764.7	772087.1852	7095761.88	136	44	772087.067	7095762.113	11.337	25.805	0.024926134	4.907913	0.34047085	0.201871816	34	2255	5.723584344	99.95	134561.6949	Trial1	Trial1	2.27626368757687
36	83-0518	UME_081104_P26_WH10_1	1	UME_081104_P26_WH10	771953.7	7095796.7	771955.8024	7095796.743	4	76	771955.797	7095796.574	6.943	20.294	0.025937993	1.039921	0.573625001	0.128830128	26	1525	6.369976969	88.775	97836.84791	Trial1	Trial1	1.81864212593758
36	83-0518	UME_081104_P26_WH10_2	2	UME_081104_P26_WH10	771951.7	7095796.7	771953.8013	7095796.786	2	76	771953.831	7095796.654	11.494	25.432	0.117611969	4.1156197	0.352558184	0.205857636	26	1524	-1	-1	143776.661	Trial1	Trial1	2.22966811334094
36	83-0518	UME_081104_P26_WH10_3	3	UME_081104_P26_WH10	771949.7	7095796.7	771951.8002	7095796.829	0	76	771951.755	7095796.719	9.987	20.109	0.060554981	1.3943152	0.515033264	0.163358535	26	1522	-1	-1	101902.3222	Trial1	Trial1	1.86607472860468
26	83-0357	UME_081104_P26_WH11_1	1	UME_081104_P26_WH11	771995.7	7095756.7	771996.9633	7095755.815	46	36	771996.572	7095755.91	12.732	23.307	0.140988658	8.2833696	0.401536902	0.218114524	36	2320	4.672270809	81.15	103954.5985	Trial1	Trial1	2.7578314864887
26	83-0357	UME_081104_P26_WH11_2	2	UME_081104_P26_WH11	771993.7	7095756.7	771994.9622	7095755.859	44	36	771994.814	7095755.997	8.775	16.005	0.052067872	2.6425327	0.888867763	0.156914502	36	2319	-1	-1	86075.96094	Trial1	Trial1	2.00581307874032
26	83-0357	UME_081104_P26_WH11_3	3	UME_081104_P26_WH11	771991.7	7095756.7	771992.9611	7095755.902	42	36	771992.778	7095756.107	6.545	20.545	0.017067203	1.1364769	0.537925404	0.116711739	36	2315	-1	-1	95141.90107	Trial1	Trial1	1.80688242144363
47	83-0710	UME_081104_P26_WH12_1	1	UME_081104_P26_WH12	772055.7	7095878.7	772059.6257	7095876.589	106	158	772059.894	7095876.818	10.37	20.201	0.108917032	3.2573385	0.463339931	0.153995836	6	233	4.036551619	74.525	83511.53518	Trial1	Trial1	2.10902344833596
47	83-0710	UME_081104_P26_WH12_2	2	UME_081104_P26_WH12	772053.7	7095878.7	772057.6246	7095876.632	104	158	772057.87	7095876.825	10.436	18.875	0.025851413	1.0572331	0.426245728	0.124464789	6	231	-1	-1	76490.81405	Trial1	Trial1	1.82081895144542
47	83-0710	UME_081104_P26_WH12_3	3	UME_081104_P26_WH12	772051.7	7095878.7	772055.6235	7095876.675	102	158	772055.882	7095876.998	7.704	15.621	0.030482918	1.5102739	0.500381612	0.073885082	6	226	-1	-1	54258.15666	Trial1	Trial1	1.88722773430946
24	83-0302	UME_081104_P27_WA01_1	1	UME_081104_P27_WA01	772007.7	7095800.7	772009.9183	7095799.581	58	80	772009.835	7095799.648	5.869	19.468	0.044996345	1.4503521	0.655430932	0.114508329	24	1416	-1	-1	90450.20241	Trial1	Trial1	1.93252102692369
24	83-0302	UME_081104_P27_WA01_2	2	UME_081104_P27_WA01	772005.7	7095800.7	772007.9172	7095799.624	56	80	772007.919	7095799.642	8.175	17.485	0.041247939	1.5663361	0.690840148	0.135604001	24	1413	4.97254537	64.525	91018.79915	Trial1	Trial1	1.94946710189913
24	83-0302	UME_081104_P27_WA01_3	3	UME_081104_P27_WA01	772003.7	7095800.7	772005.9161	7095799.667	54	80	772005.809	7095799.653	9.05	20.18	0.033115382	1.3401171	0.584187675	0.169100958	24	1407	-1	-1	100680.9814	Trial1	Trial1	1.92064625064437
8	83-0033	UME_081104_P27_WA02_1	1	UME_081104_P27_WA02	772085.7	7095792.7	772087.7886	7095789.895	136	72	772087.796	7095790.172	10.926	19.226	0.101132997	2.9173792	0.429895015	0.136360452	26	1648	-1	-1	92954.1923	Trial1	Trial1	2.09361529739233
8	83-0033	UME_081104_P27_WA02_2	2	UME_081104_P27_WA02	772083.7	7095792.7	772085.7875	7095789.939	134	72	772085.757	7095790.152	11.19	18.338	0.031691182	1.0203697	0.581460893	0.171846341	26	1646	-1	-1	84462.74552	Trial1	Trial1	1.83986909340186
8	83-0033	UME_081104_P27_WA02_3	3	UME_081104_P27_WA02	772081.7	7095792.7	772083.7864	7095789.982	132	72	772083.678	7095790.204	8.161	16.935	0.029920184	0.8592144	0.623239194	0.114563504	26	1643	4.806050811	72.025	73507.12302	Trial1	Trial1	1.81816598000003
17	83-0277	UME_081104_P27_WA03_1	1	UME_081104_P27_WA03	772019.7	7095724.7	772020.2868	7095723.281	70	4	772019.874	7095723.546	10.36	23.158	0.039892193	2.1573664	0.478403989	0.208755955	44	2946	-1	-1	127249.4252	Trial1	Trial1	1.96044172757987
17	83-0277	UME_081104_P27_WA03_2	2	UME_081104_P27_WA03	772017.7	7095724.7	772018.2857	7095723.324	68	4	772017.98	7095723.512	4.407	15.801	0.024328989	1.326439	0.686802767	0.059354985	44	2944	-1	-1	55892.36797	Trial1	Trial1	1.84170295397396
17	83-0277	UME_081104_P27_WA03_3	3	UME_081104_P27_WA03	772015.7	7095724.7	772016.2846	7095723.367	66	4	772015.902	7095723.638	7.607	22.743	0.101192265	3.5475418	0.577424544	0.178441501	44	2940	5.703349379	81.4	122211.567	Trial1	Trial1	2.13119061989041
57	83-0909	UME_081104_P27_WA05_1	1	UME_081104_P27_WA05	772007.7	7095818.7	772010.3062	7095817.591	58	98	772010.457	7095817.558	11.001	26.715	0.122861732	4.2684963	0.369709258	0.227985037	20	1137	5.558621483	106.525	179687.7422	Trial1	Trial1	2.27645005047331
57	83-0909	UME_081104_P27_WA05_2	2	UME_081104_P27_WA05	772005.7	7095818.7	772008.3051	7095817.634	56	98	772008.256	7095817.605	8.531	11.624	0.005593469	0.3416705	0.474971115	0.042999876	20	1136	-1	-1	30655.74936	Trial1	Trial1	1.75318826906845
57	83-0909	UME_081104_P27_WA05_3	3	UME_081104_P27_WA05	772003.7	7095818.7	772006.304	7095817.677	54	98	772006.306	7095817.679	7.622	14.137	0.023660324	1.4491259	0.444663165	0.05319771	20	1131	-1	-1	40500.38423	Trial1	Trial1	1.90233520407181
34	83-0507	UME_081104_P27_WA07_1	1	UME_081104_P27_WA07	771953.7	7095752.7	771954.8541	7095752.719	4	32	771954.598	7095752.622	7.555	18.766	0.109387771	3.8969896	0.489340241	0.102249282	36	2274	-1	-1	82530.59199	Trial1	Trial1	2.25709712746584
34	83-0507	UME_081104_P27_WA07_2	2	UME_081104_P27_WA07	771951.7	7095752.7	771952.853	7095752.762	2	32	771952.654	7095752.808	3.628	23.538	0.058548048	1.8500391	0.895378198	0.141349348	36	2273	-1	-1	124735.9897	Trial1	Trial1	1.98601834266124
34	83-0507	UME_081104_P27_WA07_3	3	UME_081104_P27_WA07	771949.7	7095752.7	771950.8519	7095752.805	0	32	771950.593	7095752.77	8.349	21.809	0.017466676	0.6570057	0.62422037	0.194689912	36	2272	4.343778856	78.25	113232.4745	Trial1	Trial1	1.82901534554986
64	83-0939	UME_081104_P27_WA10_1	1	UME_081104_P27_WA10	771995.7	7095882.7	771999.679	7095881.885	46	162	771999.98	7095881.795	11.523	21.547	0.027419311	0.8437601	0.529754326	0.222588564	4	46	4.664827229	83.75	107200.6983	Trial1	Trial1	1.78422581294287
64	83-0939	UME_081104_P27_WA10_2	2	UME_081104_P27_WA10	771993.7	7095882.7	771997.6779	7095881.928	44	162	771997.673	7095881.976	4.025	6.278	0.100854091	3.8316151	1.078421788	0.013436919	4	43	-1	-1	11459.143	Trial1	Trial1	2.17933198453887
57	83-0916	UME_081104_P27_WA11_2	2	UME_081104_P27_WA11	771999.7	7095826.7	772002.4742	7095825.768	50	106	772002.451	7095825.781	6.541	13.75	0.015427892	0.4635802	0.5697156	0.055333921	18	998	-1	-1	42269.11088	Trial1	Trial1	1.76637972482032
57	83-0916	UME_081104_P27_WA11_1	1	UME_081104_P27_WA11	772001.7	7095826.7	772004.4753	7095825.725	52	106	772004.607	7095825.802	10.773	21.138	0.007604162	0.3147773	0.493254261	0.186478122	18	993	4.630844678	79.575	106836.3671	Trial1	Trial1	1.74623188578765
57	83-0916	UME_081104_P27_WA11_3	3	UME_081104_P27_WA11	771997.7	7095826.7	772000.4731	7095825.811	48	106	772000.575	7095825.797	11.406	23.693	0.05052688	1.8487783	0.537783437	0.270446888	18	992	-1	-1	145619.4393	Trial1	Trial1	1.95137206004345
41	83-0591	UME_081104_P27_WA12_1	1	UME_081104_P27_WA12	772085.7	7095814.7	772088.2628	7095811.908	136	94	772088.238	7095812.001	10.177	19.63	0.055649557	2.2834172	0.437456349	0.134733859	22	1344	-1	-1	81969.18008	Trial1	Trial1	2.03341828360026
41	83-0591	UME_081104_P27_WA12_2	2	UME_081104_P27_WA12	772083.7	7095814.7	772086.2617	7095811.951	134	94	772086.096	7095812.07	12.406	21.31	0.051354863	2.5389379	0.417843281	0.184889505	22	1343	-1	-1	110011.7586	Trial1	Trial1	2.06870060856622
41	83-0591	UME_081104_P27_WA12_3	3	UME_081104_P27_WA12	772081.7	7095814.7	772084.2606	7095811.994	132	94	772084.238	7095812.121	9.529	19.763	0.081321466	3.8878528	0.467743283	0.136727393	22	1340	4.49725701	65.075	86895.82019	Trial1	Trial1	2.25015458672326
18	83-0241	UME_081104_P27_WB03_2	2	UME_081104_P27_WB03	772023.7	7095744.7	772024.7201	7095743.205	74	24	772024.46	7095743.383	5.471	19.964	0.048927866	1.3949099	0.706719104	0.12103113	38	2502	-1	-1	96354.2632	Trial1	Trial1	1.87653241928636
18	83-0241	UME_081104_P27_WB03_1	1	UME_081104_P27_WB03	772025.7	7095744.7	772026.7212	7095743.162	76	24	772026.519	7095743.35	9.944	19.155	0.098278831	3.1908687	0.449050977	0.128685501	38	2499	-1	-1	89958.99416	Trial1	Trial1	2.12214379974643
18	83-0241	UME_081104_P27_WB03_3	3	UME_081104_P27_WB03	772021.7	7095744.7	772022.719	7095743.249	72	24	772022.487	7095743.322	10.616	18.624	0.105103117	2.4718016	0.387156183	0.111967125	38	2496	4.374427876	71.9	78574.64327	Trial1	Trial1	2.01508530481791
6	83-0022	UME_081104_P27_WB05_1	1	UME_081104_P27_WB05	772085.7	7095748.7	772086.8403	7095745.871	136	28	772086.717	7095746.274	9.698	21.263	0.141076985	7.5405824	0.389303051	0.134058759	38	2563	4.636705668	79.475	84375.7014	Trial1	Trial1	2.719011655503
6	83-0022	UME_081104_P27_WB05_2	2	UME_081104_P27_WB05	772083.7	7095748.7	772084.8392	7095745.914	134	28	772084.649	7095746.252	11.316	22.087	0.00874185	0.7081738	0.44082818	0.191125302	38	2558	-1	-1	108436.227	Trial1	Trial1	1.80152085990573
6	83-0022	UME_081104_P27_WB05_3	3	UME_081104_P27_WB05	772081.7	7095748.7	772082.8381	7095745.958	132	28	772082.56	7095746.262	7.168	21.585	0.007380082	1.8329703	0.568723388	0.149168252	38	2553	-1	-1	110589.4542	Trial1	Trial1	1.94736958452632
8	83-0038	UME_081104_P27_WB06_1	1	UME_081104_P27_WB06	772079.7	7095800.7	772081.9578	7095798.029	130	80	772081.894	7095798.502	11.539	23.175	0.166994695	4.9999497	0.393018051	0.191298407	24	1491	4.5847727	95.475	132156.9382	Trial1	Trial1	2.3435111950414
8	83-0038	UME_081104_P27_WB06_2	2	UME_081104_P27_WB06	772077.7	7095800.7	772079.9567	7095798.072	128	80	772079.872	7095798.302	9.974	18.295	0.133420223	3.7771875	0.398546205	0.104492312	24	1490	-1	-1	86289.172	Trial1	Trial1	2.18075617106939
18	83-0224	UME_081104_P27_WB07_2	2	UME_081104_P27_WB07	772029.7	7095760.7	772031.0682	7095759.085	80	40	772031.014	7095759.242	11.697	23.561	0.067357502	1.4284281	0.388068034	0.197908147	34	2204	4.41348202	91.8	127022.7907	Trial1	Trial1	1.88894199310437
18	83-0224	UME_081104_P27_WB07_3	3	UME_081104_P27_WB07	772027.7	7095760.7	772029.0671	7095759.128	78	40	772028.918	7095759.227	5.375	19.933	0.034986018	1.0972523	0.754653404	0.126581777	34	2203	-1	-1	93942.12565	Trial1	Trial1	1.84089524349503
18	83-0224	UME_081104_P27_WB07_1	1	UME_081104_P27_WB07	772031.7	7095760.7	772033.0693	7095759.042	82	40	772032.99	7095759.204	11.641	23.094	0.035452442	1.2981086	0.482339305	0.235201377	34	2198	-1	-1	139608.3923	Trial1	Trial1	1.87553352451646
6	83-0067	UME_081104_P27_WB08_1	1	UME_081104_P27_WB08	772073.7	7095752.7	772074.9199	7095750.132	124	32	772074.843	7095750.512	8.303	20.204	0.04122147	1.2821434	0.597111166	0.158943789	36	2396	-1	-1	97137.62324	Trial1	Trial1	1.83566616821533
6	83-0067	UME_081104_P27_WB08_2	2	UME_081104_P27_WB08	772071.7	7095752.7	772072.9188	7095750.175	122	32	772072.875	7095750.537	8.854	21.721	0.230992403	4.4799036	0.449884839	0.147605505	36	2395	-1	-1	94870.84576	Trial1	Trial1	2.25895574302314
6	83-0067	UME_081104_P27_WB08_3	3	UME_081104_P27_WB08	772069.7	7095752.7	772070.9177	7095750.218	120	32	772070.828	7095750.605	11.848	22.303	0.054461245	2.1040078	0.475007207	0.219858608	36	2387	5.739391334	91.875	121117.2506	Trial1	Trial1	1.93733893874988
58	83-0903	UME_081104_P27_WB09_2	2	UME_081104_P27_WB09	772005.7	7095842.7	772008.8224	7095841.647	56	122	772009.046	7095841.717	13.249	26.07	0.186759799	2.8872239	0.382213037	0.270316502	14	728	5.206072553	91.425	152619.9135	Trial1	Trial1	1.95993481784518
58	83-0903	UME_081104_P27_WB09_1	1	UME_081104_P27_WB09	772007.7	7095842.7	772010.8235	7095841.604	58	122	772010.992	7095841.595	12.901	26.022	0.246117251	7.1063591	0.225701419	0.154860476	14	727	-1	-1	143227.8505	Trial1	Trial1	2.52251120650711
17	83-0229	UME_081104_P27_WB10_1	1	UME_081104_P27_WB10	772031.7	7095740.7	772032.6383	7095739.031	82	20	772032.431	7095739.212	12.515	22.824	0.024981121	0.9407847	0.485066715	0.248364263	40	2664	-1	-1	126546.6533	Trial1	Trial1	1.838722402573
17	83-0229	UME_081104_P27_WB10_2	2	UME_081104_P27_WB10	772029.7	7095740.7	772030.6372	7095739.074	80	20	772030.501	7095739.308	11.219	22.483	0.036409178	1.4942991	0.415180976	0.184922733	40	2663	4.027801645	83.5	109267.3517	Trial1	Trial1	1.90520741360719
33	83-0504	UME_081104_P27_WB11_2	2	UME_081104_P27_WB11	771951.7	7095740.7	771952.5943	7095740.755	2	20	771952.289	7095740.657	11.181	31.064	0.442063885	12.5347006	0.297497528	0.252097473	40	2582	6.857789026	132.825	232852.1177	Trial1	Trial1	3.28346967527473
33	83-0504	UME_081104_P27_WB11_3	3	UME_081104_P27_WB11	771949.7	7095740.7	771950.5933	7095740.798	0	20	771950.201	7095740.704	12.035	26.502	0.171505518	4.1598801	0.405992506	0.269525646	40	2576	-1	-1	182214.5541	Trial1	Trial1	2.16760933149272
6	83-0049	UME_081104_P27_WB12_1	1	UME_081104_P27_WB12	772079.7	7095756.7	772081.0094	7095754.005	130	36	772080.819	7095754.366	7.234	24.542	0.014989068	0.5463856	0.546474337	0.187011854	36	2403	-1	-1	136404.8837	Trial1	Trial1	1.72693539705972
6	83-0049	UME_081104_P27_WB12_2	2	UME_081104_P27_WB12	772077.7	7095756.7	772079.0083	7095754.048	128	36	772078.815	7095754.478	12.206	26.604	0.190542645	6.2548127	0.372568203	0.252786005	36	2402	5.123783434	103.9	163679.2455	Trial1	Trial1	2.48640805578364
6	83-0049	UME_081104_P27_WB12_3	3	UME_081104_P27_WB12	772075.7	7095756.7	772077.0073	7095754.091	126	36	772076.843	7095754.524	8.241	22.976	0.062550265	1.8358312	0.406118064	0.138757638	36	2397	-1	-1	118426.017	Trial1	Trial1	1.89266312133543
6	83-0052	UME_081104_P27_WC01_2	2	UME_081104_P27_WC01	772077.7	7095744.7	772078.7497	7095742.042	128	24	772078.851	7095742.94	8.109	19.723	0.021487687	0.7618871	0.613079644	0.151883718	38	2555	-1	-1	89661.98097	Trial1	Trial1	1.81782298405583
6	83-0052	UME_081104_P27_WC01_1	1	UME_081104_P27_WC01	772079.7	7095744.7	772080.7508	7095741.998	130	24	772080.546	7095742.537	7.827	16.319	0.027251056	1.0169205	0.666353709	0.109091166	38	2551	-1	-1	66703.49102	Trial1	Trial1	1.85682387446178
6	83-0052	UME_081104_P27_WC01_3	3	UME_081104_P27_WC01	772075.7	7095744.7	772076.7486	7095742.085	126	24	772076.538	7095742.546	10.07	18.803	0.024049771	1.5247062	0.458410236	0.128184425	38	2548	5.448599216	73.8	81268.39301	Trial1	Trial1	1.91479531477263
30	83-0443	UME_081104_P27_WC02_1	1	UME_081104_P27_WC02	771971.7	7095764.7	771973.1226	7095764.337	22	44	771973.051	7095764.225	10.128	24.357	0.196515933	4.8054244	0.397921222	0.187783882	34	2145	-1	-1	131874.9175	Trial1	Trial1	2.39116410362112
30	83-0443	UME_081104_P27_WC02_2	2	UME_081104_P27_WC02	771969.7	7095764.7	771971.1215	7095764.38	20	44	771971.021	7095764.22	11.989	26.138	0.047977344	1.6032877	0.462472666	0.297503264	34	2143	5.603585525	98.475	188424.5428	Trial1	Trial1	1.96651360841265
30	83-0443	UME_081104_P27_WC02_3	3	UME_081104_P27_WC02	771967.7	7095764.7	771969.1204	7095764.423	18	44	771969.007	7095764.331	7.884	28.842	0.050736659	1.5274004	0.589180718	0.303492436	34	2139	-1	-1	179406.0861	Trial1	Trial1	1.95943815706927
54	83-0812	UME_081104_P27_WC03_1	1	UME_081104_P27_WC03	772031.7	7095838.7	772034.7504	7095837.085	82	118	772034.913	7095837.045	13.477	27.305	0.042806413	1.5708341	0.493157299	0.389180086	16	887	4.691537945	89.9	176589.2299	Trial1	Trial1	1.88075161943157
54	83-0812	UME_081104_P27_WC03_2	2	UME_081104_P27_WC03	772029.7	7095838.7	772032.7493	7095837.128	80	118	772032.805	7095837.018	11.406	19.92	0.047488317	2.2705944	0.464723025	0.165199122	16	886	-1	-1	90391.1506	Trial1	Trial1	1.97826996994713
54	83-0812	UME_081104_P27_WC03_3	3	UME_081104_P27_WC03	772027.7	7095838.7	772030.7482	7095837.171	78	118	772030.884	7095837.04	8.459	20.385	0.058365914	1.8790955	0.702254829	0.193889734	16	885	-1	-1	97150.89913	Trial1	Trial1	1.92980964662899
23	83-0339	UME_081104_P27_WC04_1	1	UME_081104_P27_WC04	772001.7	7095784.7	772003.5701	7095783.702	52	64	772003.514	7095783.612	11.47	20.399	0.046372582	0.9356126	0.529881402	0.198636013	28	1714	4.95310685	71.9	103656.4151	Trial1	Trial1	1.86778385038539
23	83-0339	UME_081104_P27_WC04_2	2	UME_081104_P27_WC04	771999.7	7095784.7	772001.569	7095783.745	50	64	772001.492	7095783.777	8.198	10.885	0.018127786	0.7846412	0.491271964	0.037476605	28	1713	-1	-1	26747.04756	Trial1	Trial1	1.84891930880364
23	83-0339	UME_081104_P27_WC04_3	3	UME_081104_P27_WC04	771997.7	7095784.7	771999.5679	7095783.788	48	64	771999.504	7095783.786	7.765	13.53	0.030545986	1.1137072	0.599815093	0.066960704	28	1712	-1	-1	45185.38424	Trial1	Trial1	1.8944280847887
37	83-0549	UME_081104_P27_WC05_1	1	UME_081104_P27_WC05	772097.7	7095830.7	772100.6142	7095827.658	148	110	772100.579	7095828.05	8.48	17.646	0.025505449	1.699093	0.557920857	0.115700596	18	1076	5.560054938	75.375	83105.4979	Trial1	Trial1	1.98117293407759
37	83-0549	UME_081104_P27_WC05_2	2	UME_081104_P27_WC05	772095.7	7095830.7	772098.6131	7095827.701	146	110	772098.773	7095828.047	6.711	9.425	0.044703815	1.4222565	0.532409327	0.024927439	18	1075	-1	-1	17603.16563	Trial1	Trial1	1.94609635596698
37	83-0549	UME_081104_P27_WC05_3	3	UME_081104_P27_WC05	772093.7	7095830.7	772096.612	7095827.744	144	110	772096.658	7095828.15	9.369	16.513	0.030781845	1.3141542	0.494020098	0.099120344	18	1070	-1	-1	62512.76596	Trial1	Trial1	1.93353365535982
22	83-0315	UME_081104_P27_WC06_1	1	UME_081104_P27_WC06	772007.7	7095748.7	772008.7975	7095747.552	58	28	772008.517	7095747.635	12.04	20.355	0.042588511	1.2881431	0.634886835	0.248755	38	2488	5.181461832	90.4	106244.7534	Trial1	Trial1	1.87140446577211
22	83-0315	UME_081104_P27_WC06_2	2	UME_081104_P27_WC06	772005.7	7095748.7	772006.7964	7095747.596	56	28	772006.638	7095747.736	6.236	17.747	0.02602127	0.9695692	0.593074961	0.091490589	38	2484	-1	-1	74067.04214	Trial1	Trial1	1.82620671163711
22	83-0315	UME_081104_P27_WC06_3	3	UME_081104_P27_WC06	772003.7	7095748.7	772004.7953	7095747.639	54	28	772004.584	7095747.697	11.891	21.976	0.019344483	0.8005823	0.419440758	0.189178663	38	2482	-1	-1	111110.7618	Trial1	Trial1	1.80145109953876
61	83-0955	UME_081104_P27_WC07_1	1	UME_081104_P27_WC07	771995.7	7095818.7	771998.2996	7095817.85	46	98	771998.291	7095817.829	7.107	21.318	0.008971089	0.3019512	0.612021101	0.155244616	20	1126	7.413888718	101.5	110431.8309	Trial1	Trial1	1.78299116457204
61	83-0955	UME_081104_P27_WC07_2	2	UME_081104_P27_WC07	771993.7	7095818.7	771996.2985	7095817.893	44	98	771996.389	7095817.808	9.68	22.177	0.131358163	3.9228249	0.377077361	0.140991961	20	1125	-1	-1	119871.6937	Trial1	Trial1	2.26658135825391
61	83-0955	UME_081104_P27_WC07_3	3	UME_081104_P27_WC07	771991.7	7095818.7	771994.2974	7095817.936	42	98	771994.355	7095817.79	11.943	23.668	0.136229852	4.6112972	0.293846243	0.154399252	20	1121	-1	-1	129666.2333	Trial1	Trial1	2.35809888925294
11	83-0118	UME_081104_P27_WC08_3	3	UME_081104_P27_WC08	772057.7	7095780.7	772059.5146	7095778.492	108	60	772059.451	7095778.685	8.636	15.108	0.050483302	1.6488203	0.562934523	0.087148942	30	1921	4.309570694	64.9	70499.69036	Trial1	Trial1	1.98013962664111
8	83-0039	UME_081104_P27_WC09_1	1	UME_081104_P27_WC09	772079.7	7095796.7	772081.8716	7095794.027	130	76	772081.832	7095794.293	11.663	20.164	0.127226898	2.7954667	0.417518482	0.155501009	26	1644	3.968235535	77.725	96693.54698	Trial1	Trial1	2.06237103130509
8	83-0039	UME_081104_P27_WC09_2	2	UME_081104_P27_WC09	772077.7	7095796.7	772079.8705	7095794.07	128	76	772079.828	7095794.25	10.685	18.45	0.123545139	4.765206	0.631225541	0.180317781	26	1642	-1	-1	75837.63209	Trial1	Trial1	2.32590417515558
8	83-0039	UME_081104_P27_WC09_3	3	UME_081104_P27_WC09	772075.7	7095796.7	772077.8694	7095794.113	126	76	772077.805	7095794.283	6.758	19.339	0.026721507	1.0531809	0.582527342	0.115637851	26	1640	-1	-1	92694.44636	Trial1	Trial1	1.83036886834565
59	83-0924	UME_081104_P27_WC10_1	1	UME_081104_P27_WC10	772001.7	7095858.7	772005.165	7095857.742	52	138	772005.622	7095857.903	3.869	17.016	0.045394091	1.3212512	0.951340446	0.083699987	10	448	6.672283703	79.3	68726.63954	Trial1	Trial1	1.91247549435359
59	83-0924	UME_081104_P27_WC10_2	2	UME_081104_P27_WC10	771999.7	7095858.7	772003.1639	7095857.785	50	138	772003.364	7095857.646	9.945	14.446	0.075749152	1.9237235	0.406340094	0.066238308	10	447	-1	-1	49451.73796	Trial1	Trial1	1.99256100372474
59	83-0924	UME_081104_P27_WC10_3	3	UME_081104_P27_WC10	771997.7	7095858.7	772001.1628	7095857.828	48	138	772001.357	7095857.632	8.733	15.228	0.083692629	2.316402	0.419749627	0.066763293	10	445	-1	-1	51950.25156	Trial1	Trial1	2.04395570472391
55	83-0851	UME_081104_P27_WC11_1	1	UME_081104_P27_WC11	772019.7	7095870.7	772023.4335	7095869.361	70	150	772023.804	7095869.247	7.981	15.149	0.047104553	0.982249	0.580794515	0.083546428	8	330	5.381857271	94.875	51899.35471	Trial1	Trial1	1.88386415858525
55	83-0851	UME_081104_P27_WC11_3	3	UME_081104_P27_WC11	772015.7	7095870.7	772019.4313	7095869.447	66	150	772019.486	7095869.556	9.702	13.423	0.064142152	1.0509068	0.501380914	0.068838375	8	329	-1	-1	39390.55352	Trial1	Trial1	1.91638834276539
55	83-0851	UME_081104_P27_WC11_2	2	UME_081104_P27_WC11	772017.7	7095866.7	772021.3462	7095865.402	68	146	772021.637	7095865.255	9.75	22.475	0.292808365	8.9168904	0.381092717	0.147410704	8	328	-1	-1	114529.4198	Trial1	Trial1	2.94497416253665
55	83-0851	UME_081104_P27_WC11_2	2	UME_081104_P27_WC11	772017.7	7095870.7	772021.4324	7095869.404	68	150	772021.73	7095869.378	2.629	7.924	0.041615337	2.8502325	1.121909122	0.014544822	8	327	-1	-1	13462.84563	Trial1	Trial1	2.94497416253665
55	83-0851	UME_081104_P27_WC11_1	1	UME_081104_P27_WC11	772019.7	7095866.7	772023.3473	7095865.359	70	146	772023.599	7095865.252	10.013	26.488	0.044185189	1.8213696	0.432936976	0.238881273	8	325	5.381857271	94.875	152092.1446	Trial1	Trial1	1.88386415858525
55	83-0851	UME_081104_P27_WC11_3	3	UME_081104_P27_WC11	772015.7	7095866.7	772019.3451	7095865.445	66	146	772019.487	7095865.275	11.644	19.595	0.060595493	1.9543797	0.34579673	0.121427881	8	323	-1	-1	91380.76708	Trial1	Trial1	1.91638834276539
43	83-0623	UME_081104_P27_WC12_1	1	UME_081104_P27_WC12	772079.7	7095858.7	772083.2078	7095856.061	130	138	772083.45	7095856.376	11.157	18.606	0.101439792	2.2321008	0.428467011	0.129978438	10	514	-1	-1	81677.32514	Trial1	Trial1	1.93989861366965
43	83-0623	UME_081104_P27_WC12_3	3	UME_081104_P27_WC12	772075.7	7095858.7	772079.2056	7095856.147	126	138	772079.415	7095856.327	12.433	22.674	0.12650857	3.2662488	0.324211562	0.162756082	10	513	-1	-1	115903.6287	Trial1	Trial1	2.08377902085044
43	83-0623	UME_081104_P27_WC12_2	2	UME_081104_P27_WC12	772077.7	7095858.7	772081.2067	7095856.104	128	138	772081.525	7095856.173	6.694	17.906	0.021214234	0.7848582	0.635730726	0.107160605	10	511	5.326572009	75.875	80821.17969	Trial1	Trial1	1.74936275160341
61	83-0963	UME_081104_P27_WD01_1	1	UME_081104_P27_WD01	771989.7	7095830.7	771992.555	7095829.985	40	110	771992.516	7095830.044	10.798	14.832	0.017573063	0.6999509	0.50326971	0.093892068	18	985	-1	-1	54327.76205	Trial1	Trial1	1.82085047466663
61	83-0963	UME_081104_P27_WD01_2	2	UME_081104_P27_WD01	771987.7	7095830.7	771990.5539	7095830.029	38	110	771990.5	7095830.053	9.937	16.784	0.036182676	1.2936936	0.467879919	0.102868702	18	984	3.5376235	68.1	63324.19127	Trial1	Trial1	1.8981257658562
27	83-0349	UME_081104_P27_WD02_1	1	UME_081104_P27_WD02	771995.7	7095788.7	771997.653	7095787.833	46	68	771997.554	7095787.76	10.011	18.888	0.057882445	2.4784058	0.540969447	0.151750635	28	1709	-1	-1	96151.16282	Trial1	Trial1	1.97760940727437
27	83-0349	UME_081104_P27_WD02_2	2	UME_081104_P27_WD02	771993.7	7095788.7	771995.6519	7095787.876	44	68	771995.556	7095787.763	10.968	19.874	0.048351081	1.7181102	0.504917163	0.171789633	28	1708	-1	-1	90416.57245	Trial1	Trial1	1.87782879446259
27	83-0349	UME_081104_P27_WD02_3	3	UME_081104_P27_WD02	771991.7	7095788.7	771993.6508	7095787.919	42	68	771993.5	7095787.834	7.423	17.779	0.041209404	1.4908135	0.600153329	0.11060198	28	1707	6.622304231	90.675	80960.08594	Trial1	Trial1	1.84933059868617
10	83-0138	UME_081104_P27_WD03_1	1	UME_081104_P27_WD03	772055.7	7095752.7	772056.9101	7095750.52	106	32	772056.793	7095750.718	7.495	16.667	0.067784454	2.7744224	1.172885269	0.191788928	36	2378	3.87220995	67.55	82180.17426	Trial1	Trial1	2.03698202671352
10	83-0138	UME_081104_P27_WD03_2	2	UME_081104_P27_WD03	772053.7	7095752.7	772054.909	7095750.563	104	32	772054.617	7095750.752	7.739	15.462	0.044876779	1.6937112	0.489671847	0.071154603	36	2377	-1	-1	53577.32818	Trial1	Trial1	1.88700614425522
10	83-0138	UME_081104_P27_WD03_3	3	UME_081104_P27_WD03	772051.7	7095752.7	772052.9079	7095750.606	102	32	772052.57	7095750.404	8.639	10.194	0.024517276	2.6245902	0.375514105	0.026479087	36	2370	-1	-1	20254.90733	Trial1	Trial1	2.00564674016137
26	83-0400	UME_081104_P27_WD04_1	1	UME_081104_P27_WD04	771983.7	7095760.7	771985.043	7095760.076	34	40	771984.992	7095760.127	7.615	14.833	0.08428836	2.2875001	0.508183389	0.066867661	34	2157	-1	-1	48940.6407	Trial1	Trial1	1.97983166075563
26	83-0400	UME_081104_P27_WD04_2	2	UME_081104_P27_WD04	771981.7	7095760.7	771983.0419	7095760.119	32	40	771982.749	7095760.085	11.845	24.803	0.065422655	2.3704555	0.749669589	0.429033151	34	2149	5.575950028	106	150375.674	Trial1	Trial1	1.99467310423367
23	83-0292	UME_081104_P27_WD05_1	1	UME_081104_P27_WD05	772013.7	7095772.7	772015.3181	7095771.436	64	52	772015.254	7095771.48	12.959	20.948	0.142230808	2.0390123	0.489359718	0.218553351	32	2028	4.339740292	67.075	107697.8409	Trial1	Trial1	2.01021300860465
23	83-0292	UME_081104_P27_WD05_2	2	UME_081104_P27_WD05	772011.7	7095772.7	772013.317	7095771.479	62	52	772013.284	7095771.581	9.477	16.785	0.097153331	2.1762875	0.466382431	0.097808188	32	2024	-1	-1	63878.56694	Trial1	Trial1	2.02754383239396
23	83-0292	UME_081104_P27_WD05_3	3	UME_081104_P27_WD05	772009.7	7095772.7	772011.3159	7095771.523	60	52	772011.376	7095771.527	3.878	22.725	0.019309679	0.6657148	0.893404069	0.140520876	32	2020	-1	-1	122110.942	Trial1	Trial1	1.8248798892035
63	83-0944	UME_081104_P27_WD09_1	1	UME_081104_P27_WD09	771995.7	7095862.7	771999.2479	7095861.874	46	142	771999.463	7095861.829	12.694	24.058	0.01461322	0.6062541	0.530177457	0.305932459	10	441	5.049952526	94.375	141984.0482	Trial1	Trial1	1.80428388857073
63	83-0944	UME_081104_P27_WD09_2	2	UME_081104_P27_WD09	771993.7	7095862.7	771997.2468	7095861.917	44	142	771997.45	7095861.862	11.584	20.303	0.029069198	1.2198831	0.385758928	0.144675596	10	440	-1	-1	90371.22885	Trial1	Trial1	1.88357131080041
63	83-0944	UME_081104_P27_WD09_3	3	UME_081104_P27_WD09	771991.7	7095862.7	771995.2458	7095861.96	42	142	771995.47	7095861.932	9.877	26.429	0.041921335	1.8119997	0.456943954	0.247584461	10	435	-1	-1	156162.4134	Trial1	Trial1	1.95929904357444
8	83-0035	UME_081104_P27_WD10_2	2	UME_081104_P27_WD10	772083.7	7095800.7	772085.96	7095797.943	134	80	772085.955	7095798.095	10.359	20.14	0.18086886	5.4179816	0.369770739	0.122024057	24	1494	-1	-1	90957.23052	Trial1	Trial1	2.39845205286439
8	83-0035	UME_081104_P27_WD10_3	3	UME_081104_P27_WD10	772081.7	7095800.7	772083.9589	7095797.986	132	80	772083.876	7095798.23	11.61	19.738	0.039714605	1.844745	0.520527596	0.184905381	24	1485	4.189090985	73.6	102536.7118	Trial1	Trial1	1.92140693239263
35	83-0486	UME_081104_P27_WD11_2	2	UME_081104_P27_WD11	771957.7	7095768.7	771959.2011	7095768.641	8	48	771959.095	7095768.584	5.488	21.904	0.052681064	1.7738135	0.71565018	0.148002683	32	1973	-1	-1	113032.5419	Trial1	Trial1	1.95970809404493
35	83-0486	UME_081104_P27_WD11_1	1	UME_081104_P27_WD11	771959.7	7095768.7	771961.2022	7095768.598	10	48	771961.155	7095768.578	11.788	25.076	0.015195763	0.6252466	0.468061234	0.272499694	32	1969	6.031038092	96.625	152691.6783	Trial1	Trial1	1.80436441026711
35	83-0486	UME_081104_P27_WD11_3	3	UME_081104_P27_WD11	771955.7	7095768.7	771957.2	7095768.684	6	48	771957.143	7095768.602	10.764	21.015	0.053896047	1.9931222	0.476490587	0.177906299	32	1963	-1	-1	105118.429	Trial1	Trial1	1.9907690860758
19	83-0261	UME_081104_P27_WD12_1	1	UME_081104_P27_WD12	772019.7	7095788.7	772021.6662	7095787.316	70	68	772021.561	7095787.348	11.291	20.086	0.015963944	1.2173731	0.460443792	0.16473585	28	1732	4.356899468	69.225	98489.3351	Trial1	Trial1	2.09758801802342
19	83-0261	UME_081104_P27_WD12_2	2	UME_081104_P27_WD12	772017.7	7095788.7	772019.6651	7095787.359	68	68	772019.043	7095786.632	6.939	39.405	0.017659953	0.9018842	0.470474903	0.398126809	28	1729	-1	-1	334639.566	Trial1	Trial1	1.74001842947981
19	83-0261	UME_081104_P27_WD12_3	3	UME_081104_P27_WD12	772015.7	7095788.7	772017.664	7095787.402	66	68	772017.763	7095787.413	8.345	14.45	0.069490291	1.5407178	0.564947199	0.077314035	28	1726	-1	-1	48020.57198	Trial1	Trial1	1.8846949699136
16	83-0261	UME_081104_P27_WD12_2	2	UME_081104_P27_WD12	772035.7	7095804.7	772038.0198	7095802.98	86	84	772037.892	7095803.245	6.516	11.82	0.02143534	0.3776728	0.581226816	0.041557406	24	1448	-1	-1	30017.6413	Trial1	Trial1	1.74001842947981
16	83-0261	UME_081104_P27_WD12_1	1	UME_081104_P27_WD12	772037.7	7095804.7	772040.0209	7095802.937	88	84	772039.9	7095802.878	8.069	4.973	0.08251933	3.1144624	1.164518317	0.018253563	24	1445	4.356899468	69.225	6669.507014	Trial1	Trial1	2.09758801802342
16	83-0261	UME_081104_P27_WD12_3	3	UME_081104_P27_WD12	772033.7	7095804.7	772036.0187	7095803.023	84	84	772036.112	7095803.244	5.975	11.335	0.022897997	0.9474321	0.814216288	0.049088086	24	1443	-1	-1	34644.64473	Trial1	Trial1	1.8846949699136
57	83-0907	UME_081104_P27_WE03_1	1	UME_081104_P27_WE03	772007.7	7095826.7	772010.4786	7095825.595	58	106	772010.709	7095825.799	10.558	17.891	0.068038767	2.1973491	0.467836055	0.124174622	18	1004	-1	-1	81391.35735	Trial1	Trial1	1.99486320212969
57	83-0907	UME_081104_P27_WE03_2	2	UME_081104_P27_WE03	772005.7	7095826.7	772008.4775	7095825.638	56	106	772008.665	7095825.858	6.6	15.224	0.025348075	0.8042706	0.637110184	0.076545993	18	1001	-1	-1	59164.87834	Trial1	Trial1	1.81002809262539
57	83-0907	UME_081104_P27_WE03_3	3	UME_081104_P27_WE03	772003.7	7095826.7	772006.4764	7095825.681	54	106	772006.7	7095825.779	9.936	19.013	0.016090715	0.7109802	0.539943476	0.152317705	18	1000	4.472315588	81.05	89605.93342	Trial1	Trial1	1.79854157956468
33	83-0503	UME_081104_P27_WE05_1	1	UME_081104_P27_WE05	771953.7	7095736.7	771954.5092	7095736.71	4	16	771954.09	7095736.803	7.139	13.941	0.057251228	2.1386005	0.535149709	0.058317123	40	2581	-1	-1	43239.64504	Trial1	Trial1	1.88799151661555
33	83-0503	UME_081104_P27_WE05_2	2	UME_081104_P27_WE05	771951.7	7095736.7	771952.5081	7095736.753	2	16	771952.141	7095736.664	10.331	22.355	0.063952854	2.4645319	0.808316595	0.327764785	40	2579	6.366642521	106.725	143341.9868	Trial1	Trial1	1.93499702369248
33	83-0503	UME_081104_P27_WE05_3	3	UME_081104_P27_WE05	771949.7	7095736.7	771950.507	7095736.796	0	16	771950.248	7095736.714	9.138	19.334	0.032959632	1.8020515	0.472441974	0.126750185	40	2578	-1	-1	86910.42699	Trial1	Trial1	1.84993961320942
10	83-0110	UME_081104_P27_WE06_1	1	UME_081104_P27_WE06	772061.7	7095748.7	772062.8271	7095746.389	112	28	772062.613	7095746.617	12.611	19.578	0.063893954	1.0174178	0.49293632	0.187150141	38	2535	4.597393207	70.025	86190.895	Trial1	Trial1	1.83537845506649
10	83-0110	UME_081104_P27_WE06_2	2	UME_081104_P27_WE06	772059.7	7095748.7	772060.826	7095746.432	110	28	772060.51	7095746.625	9.136	20.475	0.194498659	7.0984677	0.40171414	0.120846174	38	2531	-1	-1	99322.18785	Trial1	Trial1	2.64191723915449
10	83-0110	UME_081104_P27_WE06_3	3	UME_081104_P27_WE06	772057.7	7095748.7	772058.8249	7095746.475	108	28	772058.639	7095746.822	7.408	10.804	0.025178769	0.9310499	0.487759344	0.033127422	38	2530	-1	-1	25298.30772	Trial1	Trial1	1.81169088095503
33	83-0496	UME_081104_P27_WE07_2	2	UME_081104_P27_WE07	771957.7	7095728.7	771958.339	7095728.619	8	8	771958.022	7095728.484	5.931	13.987	0.053537772	1.7405408	0.772169295	0.070366016	42	2738	-1	-1	49023.04122	Trial1	Trial1	1.81620710364415
33	83-0496	UME_081104_P27_WE07_1	1	UME_081104_P27_WE07	771959.7	7095728.7	771960.3401	7095728.576	10	8	771959.899	7095728.523	6.848	15.138	0.050013659	2.5290279	0.755193331	0.093077895	42	2736	-1	-1	67157.2737	Trial1	Trial1	1.91719843341411
33	83-0496	UME_081104_P27_WE07_3	3	UME_081104_P27_WE07	771955.7	7095728.7	771956.3379	7095728.662	6	8	771956.017	7095728.443	9.471	19.892	0.028747029	1.1108928	0.684054241	0.20134112	42	2735	4.009284163	61.8	105982.9593	Trial1	Trial1	1.73629900326373
31	83-0472	UME_081104_P27_WE10_1	1	UME_081104_P27_WE10	771965.7	7095788.7	771967.6366	7095788.48	16	68	771967.558	7095788.327	12.173	22.25	0.053615162	2.0476757	0.361832189	0.171255022	28	1685	-1	-1	110218.4066	Trial1	Trial1	1.95231332555345
31	83-0472	UME_081104_P27_WE10_2	2	UME_081104_P27_WE10	771963.7	7095788.7	771965.6355	7095788.523	14	68	771965.528	7095788.331	12.766	22.054	0.062815276	2.2243986	0.347299432	0.169359717	28	1681	5.023706989	91.575	112017.2178	Trial1	Trial1	1.97674467474382
31	83-0472	UME_081104_P27_WE10_3	3	UME_081104_P27_WE10	771961.7	7095788.7	771963.6344	7095788.566	12	68	771963.59	7095788.409	4.834	24.292	0.011839104	0.4563669	0.718582261	0.160987866	28	1675	-1	-1	138656.6087	Trial1	Trial1	1.74125503485043
41	83-0595	UME_081104_P27_WE11_1	1	UME_081104_P27_WE11	772085.7	7095830.7	772088.6077	7095827.916	136	110	772088.797	7095828.081	11.402	21.888	0.05938325	1.1431353	0.456974346	0.196068174	18	1063	4.183556775	85.675	113029.1854	Trial1	Trial1	1.84585720417358
41	83-0595	UME_081104_P27_WE11_2	2	UME_081104_P27_WE11	772083.7	7095830.7	772086.6066	7095827.959	134	110	772086.728	7095828.229	8.59	17.352	0.012553146	0.5452503	0.531994565	0.10806076	18	1061	-1	-1	71939.85037	Trial1	Trial1	1.76778611622995
41	83-0595	UME_081104_P27_WE11_3	3	UME_081104_P27_WE11	772081.7	7095830.7	772084.6055	7095828.003	132	110	772084.732	7095828.227	7.171	19.937	0.021059255	1.0951504	0.533212146	0.119369113	18	1055	-1	-1	91572.59248	Trial1	Trial1	1.84308496890198
32	83-0434	UME_081104_P27_WE12_1	1	UME_081104_P27_WE12	771971.7	7095800.7	771973.8985	7095800.357	22	80	771973.835	7095800.176	12.52	29.286	0.145829158	2.5605461	0.350620964	0.295704575	24	1379	-1	-1	218479.7342	Trial1	Trial1	2.08371109241498
32	83-0434	UME_081104_P27_WE12_2	2	UME_081104_P27_WE12	771969.7	7095800.7	771971.8974	7095800.4	20	80	771971.922	7095800.304	11.448	20.247	0.022481623	0.8153333	0.543659617	0.200389748	24	1376	5.154517312	75.95	111731.8639	Trial1	Trial1	1.85044952284298
32	83-0434	UME_081104_P27_WE12_3	3	UME_081104_P27_WE12	771967.7	7095800.7	771969.8963	7095800.443	18	80	771969.793	7095800.255	8.054	24.927	0.036740961	1.2245295	0.78538859	0.308696572	24	1371	-1	-1	163620.6988	Trial1	Trial1	1.90501796323582
11	83-0090	UME_081104_P27_WF02_2	2	UME_081104_P27_WF02	772065.7	7095768.7	772067.2604	7095766.313	116	48	772067.205	7095766.56	9.931	21.134	0.122131113	4.0698964	0.45684108	0.159150595	32	2079	4.037788643	76.65	109601.2771	Trial1	Trial1	2.3499300373524
11	83-0090	UME_081104_P27_WF02_1	1	UME_081104_P27_WF02	772067.7	7095768.7	772069.2615	7095766.27	118	48	772069.965	7095766.795	5.984	20.139	8.99e-10	2.4e-06	0.70763925	0.134889396	32	2078	-1	-1	103133.2359	Trial1	Trial1	1.80820447975308
11	83-0090	UME_081104_P27_WF02_3	3	UME_081104_P27_WF02	772063.7	7095768.7	772065.2593	7095766.356	114	48	772065.116	7095766.568	11.143	19.328	0.075607073	1.7954992	0.548343305	0.179274306	32	2076	-1	-1	87900.55224	Trial1	Trial1	2.04389734655146
46	83-0670	UME_081104_P27_WF03_1	1	UME_081104_P27_WF03	772067.7	7095854.7	772071.115	7095852.317	118	134	772071.262	7095852.547	7.996	20.265	0.041846021	1.4176897	0.566711866	0.146163254	12	636	5.928061058	82.5	102783.1166	Trial1	Trial1	1.88411785434932
46	83-0670	UME_081104_P27_WF03_3	3	UME_081104_P27_WF03	772063.7	7095854.7	772067.1128	7095852.404	114	134	772067.31	7095852.588	10.59	22.389	0.020358097	1.4039681	0.429932049	0.179252308	12	634	-1	-1	117103.6839	Trial1	Trial1	1.88999754661341
46	83-0670	UME_081104_P27_WF03_2	2	UME_081104_P27_WF03	772065.7	7095854.7	772069.1139	7095852.361	116	134	772069.314	7095852.531	12.755	28.545	0.221133885	10.7016113	0.403113037	0.329054436	12	632	-1	-1	164372.0132	Trial1	Trial1	3.12833659714379
26	83-0360	UME_081104_P27_WF05_1	1	UME_081104_P27_WF05	771995.7	7095744.7	771996.7047	7095743.809	46	24	771996.478	7095743.845	5.309	6.143	0.023493906	1.0991865	0.660033104	0.010386623	38	2472	-1	-1	9110.01142	Trial1	Trial1	1.78269457571103
26	83-0360	UME_081104_P27_WF05_2	2	UME_081104_P27_WF05	771993.7	7095744.7	771994.7036	7095743.852	44	24	771994.508	7095743.83	7.678	11.276	0.088361874	3.7672197	1.524742214	0.116907739	38	2471	5.251066039	66	81360.23525	Trial1	Trial1	2.14004664385135
15	83-0204	UME_081104_P27_WF06_1	1	UME_081104_P27_WF06	772037.7	7095772.7	772039.3312	7095770.919	88	52	772039.2	7095770.93	11.839	20.877	0.078851677	2.2407797	0.525668049	0.213033741	32	2052	4.377160456	89.625	119028.1234	Trial1	Trial1	2.01626541704232
15	83-0204	UME_081104_P27_WF06_2	2	UME_081104_P27_WF06	772035.7	7095772.7	772037.3301	7095770.962	86	52	772037.146	7095771.025	3.818	7.248	0.016111881	0.9011507	0.763203233	0.012022942	32	2049	-1	-1	11836.24884	Trial1	Trial1	1.83500726439404
15	83-0204	UME_081104_P27_WF06_3	3	UME_081104_P27_WF06	772033.7	7095772.7	772035.329	7095771.005	84	52	772035.25	7095771.045	8.829	12.229	0.032144988	1.0883914	0.433985737	0.045001631	32	2045	-1	-1	29078.93645	Trial1	Trial1	1.85780828809057
24	83-0300	UME_081104_P27_WF07_1	1	UME_081104_P27_WF07	772013.7	7095804.7	772016.0078	7095803.454	64	84	772016.013	7095803.474	4.506	9.382	0.03017216	2.7601487	0.534680846	0.016657179	24	1422	-1	-1	15855.01428	Trial1	Trial1	2.10217826545514
24	83-0300	UME_081104_P27_WF07_2	2	UME_081104_P27_WF07	772011.7	7095804.7	772014.0067	7095803.497	62	84	772014.009	7095803.551	10.408	22.767	0.047400427	1.9957473	0.350262772	0.148413631	24	1418	4.785029313	90.15	113777.6764	Trial1	Trial1	2.00174068373471
10	83-0113	UME_081104_P27_WF08_1	1	UME_081104_P27_WF08	772061.7	7095760.7	772063.0858	7095758.395	112	40	772062.969	7095758.633	12.516	22.741	0.074569962	1.922542	0.517013399	0.262833768	34	2234	5.358737148	91.55	126519.7006	Trial1	Trial1	1.90775345948111
24	83-0301	UME_081104_P27_WF09_1	1	UME_081104_P27_WF09	772007.7	7095804.7	772010.0045	7095803.583	58	84	772010.083	7095803.647	7.793	18.543	0.068912035	2.315193	0.600689433	0.12642107	24	1417	-1	-1	75177.97428	Trial1	Trial1	2.0476631702659
24	83-0301	UME_081104_P27_WF09_2	2	UME_081104_P27_WF09	772005.7	7095804.7	772008.0034	7095803.626	56	84	772007.997	7095803.637	10.201	20.76	0.021261895	1.0662477	0.509447384	0.175902062	24	1414	-1	-1	108207.337	Trial1	Trial1	1.88229356071523
24	83-0301	UME_081104_P27_WF09_3	3	UME_081104_P27_WF09	772003.7	7095804.7	772006.0023	7095803.669	54	84	772005.94	7095803.666	8.39	19.803	0.014108548	0.6135477	0.498747717	0.128881947	24	1412	4.113234289	80.575	89854.23714	Trial1	Trial1	1.82321862809576
25	83-0284	UME_081104_P27_WG01_2	2	UME_081104_P27_WG01	771987.7	7095732.7	771988.4417	7095731.975	38	12	771988.209	7095732.012	11.644	18.448	0.025307756	0.5418056	0.38027684	0.118353224	42	2767	6.028478193	101.375	79397.48646	Trial1	Trial1	1.63989297821287
25	83-0284	UME_081104_P27_WG01_3	3	UME_081104_P27_WG01	771985.7	7095732.7	771986.4406	7095732.018	36	12	771986.216	7095732.02	8.924	14.733	0.035035859	1.5703002	0.426907136	0.064944973	42	2762	-1	-1	47255.90662	Trial1	Trial1	1.77133202816565
21	83-0284	UME_081104_P27_WG01_1	1	UME_081104_P27_WG01	772013.7	7095740.7	772014.6284	7095739.419	64	20	772014.441	7095739.472	12.953	27.047	0.086587143	1.7607085	0.417058021	0.310387875	40	2646	-1	-1	169791.0827	Trial1	Trial1	1.96161095215017
21	83-0284	UME_081104_P27_WG01_2	2	UME_081104_P27_WG01	772011.7	7095740.7	772012.6273	7095739.462	62	20	772012.413	7095739.625	8.623	15.036	0.015712469	0.736642	0.529877265	0.081127345	40	2642	6.028478193	101.375	54272.14018	Trial1	Trial1	1.63989297821287
21	83-0284	UME_081104_P27_WG01_3	3	UME_081104_P27_WG01	772009.7	7095740.7	772010.6262	7095739.505	60	20	772010.461	7095739.616	8.5	19.309	0.022131309	0.8325872	0.70052744	0.174360751	40	2641	-1	-1	99879.37504	Trial1	Trial1	1.77133202816565
42	83-0597	UME_081104_P27_WG02_1	1	UME_081104_P27_WG02	772085.7	7095838.7	772088.7801	7095835.921	136	118	772088.902	7095835.996	10.22	17.784	0.073518131	1.42869	0.428330771	0.108739716	16	937	3.735474435	69.95	73047.1965	Trial1	Trial1	1.91880866054214
42	83-0597	UME_081104_P27_WG02_2	2	UME_081104_P27_WG02	772083.7	7095838.7	772086.779	7095835.964	134	118	772086.823	7095836.111	9.287	15.124	0.02321419	0.8788193	0.527528415	0.088016635	16	934	-1	-1	57160.91863	Trial1	Trial1	1.84747805265797
42	83-0597	UME_081104_P27_WG02_3	3	UME_081104_P27_WG02	772081.7	7095838.7	772084.7779	7095836.007	132	118	772084.896	7095836.431	7.577	17.383	0.057975269	2.2022625	0.545688272	0.098127867	16	930	-1	-1	69957.72023	Trial1	Trial1	2.02642562491625
18	83-0228	UME_081104_P27_WG03_2	2	UME_081104_P27_WG03	772029.7	7095744.7	772030.7234	7095743.076	80	24	772030.541	7095743.24	11.194	27.757	0.031295694	1.2932566	0.481244989	0.325967231	38	2504	4.630897692	97.55	185719.3747	Trial1	Trial1	1.88096695079801
18	83-0228	UME_081104_P27_WG03_3	3	UME_081104_P27_WG03	772027.7	7095744.7	772028.7223	7095743.119	78	24	772028.514	7095743.367	10.29	22.305	0.044662882	1.4773452	0.388493939	0.15619828	38	2503	-1	-1	115929.4956	Trial1	Trial1	1.89919248458966
29	83-0454	UME_081104_P27_WG04_1	1	UME_081104_P27_WG04	771971.7	7095720.7	771972.1743	7095720.313	22	0	771971.86	7095720.243	7.072	23.726	0.05383303	1.5873406	0.719111236	0.224837979	44	2895	-1	-1	133669.5344	Trial1	Trial1	1.92699644018745
29	83-0454	UME_081104_P27_WG04_2	2	UME_081104_P27_WG04	771969.7	7095720.7	771970.1732	7095720.356	20	0	771969.785	7095720.343	10.724	24.619	0.056492948	1.9574836	0.415994328	0.212351114	44	2892	-1	-1	127467.8775	Trial1	Trial1	1.9820137524936
29	83-0454	UME_081104_P27_WG04_3	3	UME_081104_P27_WG04	771967.7	7095720.7	771968.1721	7095720.399	18	0	771967.766	7095720.406	8.54	26.626	0.016810033	0.7286025	0.532055518	0.252997916	44	2890	5.148811651	97	167885.4516	Trial1	Trial1	1.8233515345377
21	83-0320	UME_081104_P27_WG05_2	2	UME_081104_P27_WG05	772005.7	7095728.7	772006.3654	7095727.585	56	8	772006.04	7095727.691	9.526	17.885	0.093304064	3.0974566	0.539101338	0.129023086	42	2783	3.923411262	67.25	68878.9793	Trial1	Trial1	2.11252446857435
21	83-0320	UME_081104_P27_WG05_1	1	UME_081104_P27_WG05	772007.7	7095728.7	772008.3665	7095727.541	58	8	772008.002	7095727.678	3.795	17.242	0.016106811	0.4977872	0.879877574	0.07796847	42	2782	-1	-1	66933.84925	Trial1	Trial1	1.76979331888343
21	83-0320	UME_081104_P27_WG05_3	3	UME_081104_P27_WG05	772003.7	7095728.7	772004.3643	7095727.628	54	8	772003.974	7095727.799	7.199	19.262	0.018304703	0.636339	0.518532691	0.108775142	42	2779	-1	-1	82903.75845	Trial1	Trial1	1.77957332072342
39	83-0577	UME_081104_P27_WG06_1	1	UME_081104_P27_WG06	772091.7	7095858.7	772095.2144	7095855.802	142	138	772095.135	7095855.907	9.354	25.342	0.020468747	1.089773	0.437527612	0.206437492	10	524	6.631673695	94.4	138707.0156	Trial1	Trial1	1.69082717691642
39	83-0577	UME_081104_P27_WG06_2	2	UME_081104_P27_WG06	772089.7	7095858.7	772093.2133	7095855.846	140	138	772093.437	7095855.947	10.695	21.401	0.03420969	1.7627918	0.433312385	0.166696183	10	523	-1	-1	101435.9963	Trial1	Trial1	1.78433000970447
39	83-0577	UME_081104_P27_WG06_3	3	UME_081104_P27_WG06	772087.7	7095858.7	772091.2122	7095855.889	138	138	772091.401	7095855.951	11.086	23.805	0.035642783	1.6719431	0.462375921	0.228153562	10	522	-1	-1	128850.3075	Trial1	Trial1	1.77562296520277
22	83-0331	UME_081104_P27_WG07_2	2	UME_081104_P27_WG07	771999.7	7095752.7	772000.8793	7095751.727	50	32	772000.817	7095751.712	12.41	21.72	0.16099034	4.1218504	0.339182827	0.155955487	36	2324	4.459572397	84.55	108330.5204	Trial1	Trial1	2.24669865671779
22	83-0331	UME_081104_P27_WG07_1	1	UME_081104_P27_WG07	772001.7	7095752.7	772002.8804	7095751.684	52	32	772002.665	7095751.721	4.1	18.373	0.087646995	2.5700481	0.930201545	0.101110823	36	2323	-1	-1	82162.67891	Trial1	Trial1	2.03997577178076
22	83-0331	UME_081104_P27_WG07_3	3	UME_081104_P27_WG07	771997.7	7095752.7	771998.8782	7095751.77	48	32	771998.829	7095751.658	10.347	20.537	0.128320609	2.9097642	0.374364214	0.128310928	36	2322	-1	-1	95046.39278	Trial1	Trial1	2.08478752514506
28	83-0385	UME_081104_P27_WG08_1	1	UME_081104_P27_WG08	771989.7	7095792.7	771991.736	7095791.965	40	72	771991.62	7095791.898	5.277	8.545	0.022339116	0.7523321	0.654440969	0.019805567	26	1557	-1	-1	17051.44523	Trial1	Trial1	1.7231141488978
28	83-0385	UME_081104_P27_WG08_2	2	UME_081104_P27_WG08	771987.7	7095792.7	771989.7349	7095792.008	38	72	771989.549	7095792.025	6.094	7.345	0.041252899	1.5520187	0.626440235	0.016174902	26	1556	-1	-1	13036.94662	Trial1	Trial1	1.83149523467541
28	83-0385	UME_081104_P27_WG08_3	3	UME_081104_P27_WG08	771985.7	7095792.7	771987.7338	7095792.051	36	72	771987.683	7095792.147	9.769	22.082	0.091599819	1.7153207	0.491013698	0.183701848	26	1554	4.367498635	78.9	115839.253	Trial1	Trial1	1.85474902785445
20	83-0258	UME_081104_P27_WG09_1	1	UME_081104_P27_WG09	772019.7	7095800.7	772021.9248	7095799.322	70	80	772022.107	7095799.401	11.543	19.188	0.2052789	5.8134255	0.451016593	0.150546953	24	1430	-1	-1	82789.79002	Trial1	Trial1	2.49756266452073
20	83-0258	UME_081104_P27_WG09_2	2	UME_081104_P27_WG09	772017.7	7095800.7	772019.9237	7095799.365	68	80	772020.187	7095799.318	7.165	17.401	0.013413221	0.4597406	0.551782471	0.094015079	24	1425	-1	-1	69635.61704	Trial1	Trial1	1.78368239669103
20	83-0258	UME_081104_P27_WG09_3	3	UME_081104_P27_WG09	772015.7	7095800.7	772017.9226	7095799.409	66	80	772018.255	7095799.407	10.888	20.163	0.07633414	2.0271455	0.416776618	0.144892136	24	1424	3.979321655	68.275	98307.33301	Trial1	Trial1	1.99459155644479
11	83-0131	UME_081104_P27_WG10_2	2	UME_081104_P27_WG10	772053.7	7095780.7	772055.5124	7095778.579	104	60	772055.453	7095779.053	7.788	8.842	0.023500884	0.6222363	0.561704144	0.026859136	30	1917	-1	-1	17996.11858	Trial1	Trial1	1.84211860743836
11	83-0131	UME_081104_P27_WG10_1	1	UME_081104_P27_WG10	772055.7	7095780.7	772057.5135	7095778.535	106	60	772057.454	7095778.973	11.917	28.746	0.027087939	1.1491407	0.581508907	0.449734434	30	1915	6.336528588	123.875	203527.9335	Trial1	Trial1	1.9129721132602
11	83-0131	UME_081104_P27_WG10_3	3	UME_081104_P27_WG10	772051.7	7095780.7	772053.5113	7095778.622	102	60	772053.492	7095779.021	8.538	21.151	0.030243738	1.1521267	0.569448575	0.170831839	30	1910	-1	-1	109619.5124	Trial1	Trial1	1.9124119237399
34	83-0487	UME_081104_P27_WG11_1	1	UME_081104_P27_WG11	771959.7	7095764.7	771961.116	7095764.596	10	44	771960.96	7095764.426	10.164	21.79	0.036225535	1.5780127	0.456066706	0.172867024	34	2134	3.588397534	65.325	107805.7035	Trial1	Trial1	1.94458860424794
34	83-0487	UME_081104_P27_WG11_3	3	UME_081104_P27_WG11	771955.7	7095764.7	771957.1138	7095764.682	6	44	771957.03	7095764.592	4.13	21.391	0.034010572	0.9906474	0.866481448	0.128604927	34	2130	-1	-1	105165.4844	Trial1	Trial1	1.87019103823099
58	83-0922	UME_081104_P27_WG12_1	1	UME_081104_P27_WG12	772001.7	7095850.7	772004.9926	7095849.738	52	130	772005.185	7095849.771	9.642	19.249	0.187791565	2.5476578	0.663905951	0.186292817	12	582	-1	-1	110192.1179	Trial1	Trial1	1.9087128157523
58	83-0922	UME_081104_P27_WG12_3	3	UME_081104_P27_WG12	771997.7	7095850.7	772000.9904	7095849.824	48	130	772001.257	7095849.862	10.75	17.531	0.02728498	0.9509396	0.488997344	0.126885757	12	575	5.336006139	92.375	72359.46565	Trial1	Trial1	1.69435599364668
45	83-0682	UME_081104_P27_WH02_3	3	UME_081104_P27_WH02	772057.7	7095810.7	772060.1612	7095808.509	108	90	772060.193	7095808.615	13.052	20.264	0.097895944	1.6355003	0.42029793	0.176914081	22	1321	-1	-1	101166.5658	Trial1	Trial1	2.02657237094559
45	83-0682	UME_081104_P27_WH02_1	1	UME_081104_P27_WH02	772061.7	7095810.7	772064.1634	7095808.423	112	90	772064.163	7095808.613	9.833	20.138	0.00970067	0.3795268	0.56491334	0.176933795	22	1318	4.432237597	76.925	101193.5479	Trial1	Trial1	1.85390137898751
45	83-0682	UME_081104_P27_WH02_2	2	UME_081104_P27_WH02	772059.7	7095810.7	772062.1623	7095808.466	110	90	772062.247	7095808.668	5.135	14.969	0.016827254	0.7430109	0.647443192	0.058510335	22	1317	-1	-1	51928.23871	Trial1	Trial1	1.90486877158022
8	83-0040	UME_081104_P27_WH03_1	1	UME_081104_P27_WH03	772079.7	7095792.7	772081.7853	7095790.025	130	72	772081.665	7095790.352	11.902	18.459	0.014091015	0.6069925	0.535597428	0.170599797	26	1641	3.980638038	68.2	82245.25644	Trial1	Trial1	1.78438304706396
8	83-0040	UME_081104_P27_WH03_2	2	UME_081104_P27_WH03	772077.7	7095792.7	772079.7843	7095790.068	128	72	772079.752	7095790.262	11.668	18.636	0.041630355	1.2745233	0.635086605	0.202121808	26	1638	-1	-1	74810.6957	Trial1	Trial1	1.87360707982106
63	83-0989	UME_081104_P27_WH06_1	1	UME_081104_P27_WH06	771983.7	7095866.7	771987.3276	7095866.134	34	146	771987.501	7095865.554	8.608	18.837	0.086862025	3.4025384	0.493198978	0.118314289	8	297	7.071427059	74.825	78357.32282	Trial1	Trial1	2.1454103279477
14	83-0182	UME_081104_P27_WH08_2	2	UME_081104_P27_WH08	772041.7	7095752.7	772042.9024	7095750.822	92	32	772042.699	7095750.987	11.178	26.357	0.11858044	3.034189	0.386018964	0.235429475	36	2364	4.981326467	105.175	168228.5299	Trial1	Trial1	2.14125482070309
14	83-0182	UME_081104_P27_WH08_3	3	UME_081104_P27_WH08	772039.7	7095752.7	772040.9013	7095750.865	90	32	772040.698	7095751.091	13.034	24.847	0.031984361	1.0147214	0.493699091	0.312009593	36	2362	-1	-1	148798.3602	Trial1	Trial1	1.86504586197651
61	83-0958	UME_081104_P27_WH09_1	1	UME_081104_P27_WH09	771989.7	7095810.7	771992.1239	7095809.974	40	90	771992.23	7095809.89	7.172	21.298	0.047939181	1.5779851	0.661296834	0.168973874	22	1269	-1	-1	117545.471	Trial1	Trial1	1.96002768688154
61	83-0958	UME_081104_P27_WH09_2	2	UME_081104_P27_WH09	771987.7	7095810.7	771990.1228	7095810.018	38	90	771990.157	7095809.782	11.664	26.829	0.058226961	1.8680733	0.31971243	0.210821637	22	1268	5.633289933	115.925	174695.5419	Trial1	Trial1	1.998653888178
61	83-0958	UME_081104_P27_WH09_3	3	UME_081104_P27_WH09	771985.7	7095810.7	771988.1217	7095810.061	36	90	771988.093	7095810.007	8.12	21.598	0.032814652	1.1062999	0.534377845	0.158969562	22	1267	-1	-1	111586.746	Trial1	Trial1	1.8965707611148
9	83-0102	UME_081104_P27_WH10_1	1	UME_081104_P27_WH10	772067.7	7095720.7	772068.227	7095718.244	118	0	772067.93	7095718.535	6.905	15.702	0.042257448	1.4996204	0.505806819	0.067632601	44	2989	4.423038433	51.25	52636.93611	Trial1	Trial1	1.92994541757747
9	83-0102	UME_081104_P27_WH10_3	3	UME_081104_P27_WH10	772063.7	7095720.7	772064.2248	7095718.33	114	0	772063.844	7095718.787	8	12.548	0.075954766	1.7622828	0.576446676	0.057026159	44	2986	-1	-1	35797.57319	Trial1	Trial1	1.94225270811513
64	83-0976	UME_081104_P27_WH11_1	1	UME_081104_P27_WH11	771989.7	7095882.7	771993.6757	7095882.014	40	162	771993.897	7095881.888	12.235	23.309	0.09232741	1.7968875	0.333062458	0.173888718	4	42	5.135640716	83.375	119559.9386	Trial1	Trial1	1.89696341906469
64	83-0976	UME_081104_P27_WH11_2	2	UME_081104_P27_WH11	771987.7	7095882.7	771991.6746	7095882.057	38	162	771991.664	7095882.083	10.221	18.149	0.0836196	1.355202	0.429906289	0.113680649	4	41	-1	-1	73013.95249	Trial1	Trial1	1.83172266930143
28	83-0391	UME_081104_P27_WH12_1	1	UME_081104_P27_WH12	771983.7	7095796.7	771985.8189	7095796.096	34	76	771985.807	7095796.066	8.664	19.277	0.070815806	2.2967605	0.527802959	0.133460887	26	1555	5.713857098	80.125	92071.75307	Trial1	Trial1	1.93189522296963
28	83-0391	UME_081104_P27_WH12_2	2	UME_081104_P27_WH12	771981.7	7095796.7	771983.8178	7095796.139	32	76	771983.778	7095795.964	7.945	18.235	0.143703701	5.3868095	0.505301759	0.104841714	26	1552	-1	-1	76932.04606	Trial1	Trial1	2.34561215484286
28	83-0391	UME_081104_P27_WH12_3	3	UME_081104_P27_WH12	771979.7	7095796.7	771981.8167	7095796.182	30	76	771981.73	7095796.092	11.736	24.47	0.068484988	2.1581377	0.293189615	0.161813772	26	1551	-1	-1	135708.3628	Trial1	Trial1	1.91489917404887
5	83-0020	UME_081104_P28_WA01_1	1	UME_081104_P28_WA01	772085.7	7095740.7	772086.6679	7095737.867	136	20	772086.428	7095738.173	11.484	24.525	0.01648116	0.8113989	0.490643751	0.266174676	40	2711	-1	-1	156648.1923	Trial1	Trial1	1.72759898130335
5	83-0020	UME_081104_P28_WA01_2	2	UME_081104_P28_WA01	772083.7	7095740.7	772084.6668	7095737.91	134	20	772084.357	7095738.173	6.767	18.948	0.018370674	1.0951671	0.583752376	0.111392551	40	2710	-1	-1	86047.62581	Trial1	Trial1	1.75976270578248
5	83-0020	UME_081104_P28_WA01_3	3	UME_081104_P28_WA01	772081.7	7095740.7	772082.6657	7095737.953	132	20	772082.418	7095738.332	12.273	30.034	0.116845126	4.2088689	0.448077919	0.389602062	40	2707	5.216987717	106.825	205158.9542	Trial1	Trial1	2.17017373315219
11	83-0088	UME_081104_P28_WA02_1	1	UME_081104_P28_WA02	772067.7	7095776.7	772069.4339	7095774.275	118	56	772069.303	7095774.511	10.844	18.787	0.052329006	1.3046452	0.499266895	0.150077757	30	1928	-1	-1	84735.58616	Trial1	Trial1	1.95092924045479
11	83-0088	UME_081104_P28_WA02_2	2	UME_081104_P28_WA02	772065.7	7095776.7	772067.4328	7095774.318	116	56	772067.302	7095774.581	7.149	10.866	0.035656668	0.8406188	0.563602241	0.037364601	30	1927	-1	-1	25934.16873	Trial1	Trial1	1.88790666862769
11	83-0088	UME_081104_P28_WA02_3	3	UME_081104_P28_WA02	772063.7	7095776.7	772065.4317	7095774.361	114	56	772065.348	7095774.589	11.145	19.946	0.124396969	1.929861	0.562528471	0.195902724	30	1923	4.608020248	82.675	100481.935	Trial1	Trial1	2.03247778236918
23	83-0291	UME_081104_P28_WA03_1	1	UME_081104_P28_WA03	772013.7	7095768.7	772015.2319	7095767.434	64	48	772015.13	7095767.467	10.807	19.179	0.03611636	1.3961363	0.354400303	0.110641456	32	2026	-1	-1	84051.44337	Trial1	Trial1	1.92320172000714
23	83-0291	UME_081104_P28_WA03_2	2	UME_081104_P28_WA03	772011.7	7095768.7	772013.2308	7095767.477	62	48	772013.134	7095767.507	12.323	20.557	0.129868255	2.8932293	0.38655414	0.158096192	32	2023	4.592816691	78.35	102248.4829	Trial1	Trial1	2.12181486541378
23	83-0291	UME_081104_P28_WA03_3	3	UME_081104_P28_WA03	772009.7	7095768.7	772011.2297	7095767.52	60	48	772011.138	7095767.589	6.941	18.878	0.017643767	0.4982858	0.592241198	0.115059049	32	2022	-1	-1	81870.56916	Trial1	Trial1	1.80057057101537
5	83-0019	UME_081104_P28_WB01_1	1	UME_081104_P28_WB01	772085.7	7095736.7	772086.5817	7095733.865	136	16	772086.269	7095734.15	10.607	18.554	0.09512706	2.5516062	0.415525152	0.119162653	40	2714	-1	-1	79044.96838	Trial1	Trial1	1.98576337764727
5	83-0019	UME_081104_P28_WB01_2	2	UME_081104_P28_WB01	772083.7	7095736.7	772084.5806	7095733.908	134	16	772084.75	7095734.395	7.442	12.514	0.019409142	12.0237767	0.518813602	0.047489444	40	2709	-1	-1	34967.51182	Trial1	Trial1	3.24504425240229
5	83-0019	UME_081104_P28_WB01_3	3	UME_081104_P28_WB01	772081.7	7095736.7	772082.5795	7095733.951	132	16	772082.323	7095734.242	10.908	21.769	0.039413607	1.498511	0.623805839	0.253261825	40	2705	4.76940438	85.775	122785.3111	Trial1	Trial1	1.83237901300635
47	83-0714	UME_081104_P28_WB02_1	1	UME_081104_P28_WB02	772055.7	7095862.7	772059.2809	7095860.58	106	142	772059.36	7095860.769	10.945	25.173	0.019528755	1.5836211	0.409602814	0.223121254	10	495	-1	-1	130456.5056	Trial1	Trial1	1.90592262242221
47	83-0714	UME_081104_P28_WB02_2	2	UME_081104_P28_WB02	772053.7	7095862.7	772057.2798	7095860.624	104	142	772057.365	7095860.852	7.837	23.514	0.040718454	1.7473468	0.476422274	0.162136721	10	493	-1	-1	122451.1461	Trial1	Trial1	1.93311680825619
47	83-0714	UME_081104_P28_WB02_3	3	UME_081104_P28_WB02	772051.7	7095862.7	772055.2787	7095860.667	102	142	772055.531	7095860.759	6.82	17.62	0.019127148	1.0469655	0.574222949	0.095496916	10	489	4.825709849	75.45	74207.57576	Trial1	Trial1	1.84495175886249
54	83-0856	UME_081104_P28_WC01_1	1	UME_081104_P28_WC01	772019.7	7095846.7	772022.9163	7095845.348	70	126	772023.085	7095845.594	5.737	13.234	0.080373224	3.7581972	0.442599146	0.049154489	14	737	-1	-1	36139.751	Trial1	Trial1	2.18634508564332
54	83-0856	UME_081104_P28_WC01_2	2	UME_081104_P28_WC01	772017.7	7095846.7	772020.9152	7095845.391	68	126	772021.202	7095845.419	7.168	19.958	0.047019103	1.7859826	0.549908662	0.123309187	14	736	3.867033206	68.075	86515.66819	Trial1	Trial1	1.92573579505979
54	83-0856	UME_081104_P28_WC01_3	3	UME_081104_P28_WC01	772015.7	7095846.7	772018.9141	7095845.434	66	126	772019.056	7095845.359	9.469	17.882	0.05725719	2.0638582	0.522685523	0.124293855	14	734	-1	-1	73060.11268	Trial1	Trial1	1.96553481744763
9	83-0108	UME_081104_P28_WC02_1	1	UME_081104_P28_WC02	772061.7	7095740.7	772062.6547	7095738.384	112	20	772062.388	7095738.538	12.489	27.093	0.045993937	3.1212647	0.265014636	0.190805965	40	2688	-1	-1	119667.9243	Trial1	Trial1	2.02964209588264
9	83-0108	UME_081104_P28_WC02_2	2	UME_081104_P28_WC02	772059.7	7095740.7	772060.6536	7095738.427	110	20	772060.312	7095738.615	11.251	21.426	0.14183134	2.9187285	0.325957721	0.132225798	40	2687	4.832496559	85.725	84063.10571	Trial1	Trial1	1.99485917103148
5	83-0017	UME_081104_P28_WD01_3	3	UME_081104_P28_WD01	772081.7	7095728.7	772082.4071	7095725.947	132	8	772082.349	7095726.254	11.322	26.845	0.143627601	2.0700813	0.333301727	0.213588323	42	2861	5.076235774	99.525	145685.5612	Trial1	Trial1	1.95779498343512
5	83-0017	UME_081104_P28_WD01_2	2	UME_081104_P28_WD01	772083.7	7095728.7	772084.4082	7095725.903	134	8	772084.219	7095726.219	11.745	21.611	0.097322938	2.4864766	0.436980985	0.188258361	42	2860	-1	-1	110689.4545	Trial1	Trial1	2.02106603816186
5	83-0017	UME_081104_P28_WD01_1	1	UME_081104_P28_WD01	772085.7	7095728.7	772086.4093	7095725.86	136	8	772086.171	7095726.286	5.267	14.674	0.011375675	0.4290701	0.683187752	0.060852119	42	2858	-1	-1	49749.14622	Trial1	Trial1	1.75386461336455
39	83-0559	UME_081104_P28_WD02_3	3	UME_081104_P28_WD02	772093.7	7095870.7	772097.4742	7095867.766	144	150	772097.598	7095868.406	8.805	14.098	0.008565701	0.4320147	0.529101418	0.072719148	8	401	-1	-1	47007.30331	Trial1	Trial1	1.57133413825922
39	83-0559	UME_081104_P28_WD02_2	2	UME_081104_P28_WD02	772095.7	7095870.7	772099.4753	7095867.723	146	150	772099.839	7095868.222	9.855	15.633	0.006862686	1.2391482	0.431679455	0.081659614	8	398	-1	-1	54006.40199	Trial1	Trial1	1.67462475702177
39	83-0559	UME_081104_P28_WD02_1	1	UME_081104_P28_WD02	772097.7	7095870.7	772101.4764	7095867.68	148	150	772100.795	7095867.702	6.505	6.054	0.038591891	27.852435	1.048030653	0.019624383	8	397	3.655788769	57.15	13371.69739	Trial1	Trial1	5.22610124201516
12	83-0126	UME_081104_P28_WE02_1	1	UME_081104_P28_WE02	772055.7	7095800.7	772057.9446	7095798.546	106	80	772057.951	7095798.733	8.462	19.98	0.016840526	0.4336315	0.604036579	0.160263148	24	1468	-1	-1	99337.87099	Trial1	Trial1	1.76855345934363
12	83-0126	UME_081104_P28_WE02_3	3	UME_081104_P28_WE02	772051.7	7095800.7	772053.9424	7095798.633	102	80	772054.041	7095798.811	8.598	13.864	0.06284413	1.4905198	0.636881233	0.082667535	24	1464	-1	-1	44392.85608	Trial1	Trial1	1.91339728747839
12	83-0126	UME_081104_P28_WE02_2	2	UME_081104_P28_WE02	772053.7	7095800.7	772055.9435	7095798.59	104	80	772055.997	7095798.7	12.225	20.041	0.035279625	1.2983118	0.619757723	0.238992115	24	1458	5.526882584	98.5	101016.3565	Trial1	Trial1	1.88590685734487
38	83-0533	UME_081104_P28_WF02_1	1	UME_081104_P28_WF02	772103.7	7095850.7	772107.0486	7095847.539	154	130	772107.238	7095847.8	6.735	11.474	0.058231071	1.5709943	0.609885201	0.042471442	12	670	-1	-1	31647.74232	Trial1	Trial1	1.96172488468248
38	83-0533	UME_081104_P28_WF02_3	3	UME_081104_P28_WF02	772099.7	7095850.7	772103.0464	7095847.626	150	130	772103.514	7095847.943	7.008	16.605	0.032556213	1.6076203	0.548056496	0.083175078	12	666	4.676566661	65.75	64234.61077	Trial1	Trial1	1.97307481510895
38	83-0533	UME_081104_P28_WF02_2	2	UME_081104_P28_WF02	772101.7	7095850.7	772105.0475	7095847.582	152	130	772105.378	7095847.938	6.326	12.68	0.032133061	2.2708545	0.549918127	0.043927009	12	665	-1	-1	37015.518	Trial1	Trial1	2.05846646061783
41	83-0637	UME_081104_P28_WG01_1	1	UME_081104_P28_WG01	772073.7	7095814.7	772076.2562	7095812.166	124	94	772076.317	7095812.624	8.665	23.448	0.052479328	3.1051113	0.348955246	0.130567522	22	1334	5.972236817	97.25	114143.0781	Trial1	Trial1	2.15150369484415
41	83-0637	UME_081104_P28_WG01_2	2	UME_081104_P28_WG01	772071.7	7095814.7	772074.2551	7095812.209	122	94	772074.171	7095812.389	8.171	9.668	0.045576432	2.5146165	0.406636088	0.024389246	22	1333	-1	-1	18867.6561	Trial1	Trial1	2.07442129361765
41	83-0637	UME_081104_P28_WG01_3	3	UME_081104_P28_WG01	772069.7	7095814.7	772072.254	7095812.252	120	94	772072.315	7095812.545	6.121	10.126	0.051224501	2.133821	0.535837103	0.026412271	22	1332	-1	-1	21868.96621	Trial1	Trial1	2.02550699567709
67	83-1035	UME_081104_P28_WH01_3	3	UME_081104_P28_WH01	771967.7	7095866.7	771971.3188	7095866.479	18	146	771971.469	7095866.411	12.617	25.897	0.117679534	2.5130959	0.363853187	0.241810499	8	284	-1	-1	145691.5801	Trial1	Trial1	2.01020117087515
67	83-1035	UME_081104_P28_WH01_1	1	UME_081104_P28_WH01	771971.7	7095866.7	771975.321	7095866.393	22	146	771975.464	7095866.237	10.596	26.829	0.136243826	4.3092847	0.415992142	0.249191507	8	280	6.648812068	125.625	168082.6509	Trial1	Trial1	2.26328160965786
67	83-1035	UME_081104_P28_WH01_2	2	UME_081104_P28_WH01	771969.7	7095866.7	771973.3199	7095866.436	20	146	771973.774	7095866.792	4.491	5.246	0.015693324	1.1188252	5.205194634	0.050535051	8	279	-1	-1	21288.69077	Trial1	Trial1	1.83039387714655
21	83-0279	UME_081104_P39_WA09_1	1	UME_081104_P39_WA09	772013.7	7095720.7	772014.1973	7095719.408	64	0	772013.848	7095719.597	8.083	22.641	0.017648873	0.5775664	0.561549046	0.182742982	44	2938	-1	-1	122261.3963	Trial1	Trial1	1.79317796881019
21	83-0279	UME_081104_P39_WA09_2	2	UME_081104_P39_WA09	772011.7	7095720.7	772012.1962	7095719.451	62	0	772011.743	7095719.611	7.411	16.981	0.091360886	3.3948288	0.42133737	0.070718617	44	2934	-1	-1	65740.47322	Trial1	Trial1	2.16265831825834
21	83-0279	UME_081104_P39_WA09_3	3	UME_081104_P39_WA09	772009.7	7095720.7	772010.1951	7095719.494	60	0	772009.834	7095719.759	11.44	27.319	0.028445932	1.1005583	0.449179314	0.301212136	44	2933	5.478249376	103.95	177383.7818	Trial1	Trial1	1.84961390424217
13	83-0190	UME_081104_P39_WA10_1	1	UME_081104_P39_WA10	772043.7	7095720.7	772044.2138	7095718.761	94	0	772043.79	7095718.986	7.2	21.91	0.02611028	1.0257976	0.586143684	0.159115388	44	2969	-1	-1	115245.2965	Trial1	Trial1	1.74251815283929
13	83-0190	UME_081104_P39_WA10_3	3	UME_081104_P39_WA10	772039.7	7095720.7	772040.2116	7095718.847	90	0	772040.087	7095719.21	7.382	15.317	0.139939741	3.6030987	0.499228305	0.067905905	44	2968	-1	-1	54542.4898	Trial1	Trial1	2.06041825103369
13	83-0190	UME_081104_P39_WA10_2	2	UME_081104_P39_WA10	772041.7	7095720.7	772042.2127	7095718.804	92	0	772041.87	7095719.042	10.69	27.577	0.0319656	1.0441348	0.716613489	0.457551899	44	2963	5.114516069	92.7	197999.6513	Trial1	Trial1	1.73170814186644
16	83-0209	UME_081104_P39_WA11_1	1	UME_081104_P39_WA11	772037.7	7095792.7	772039.7623	7095790.93	88	72	772039.728	7095790.977	9.79	23.764	0.059601016	1.7343167	0.416221132	0.180734156	26	1606	-1	-1	129229.6252	Trial1	Trial1	1.98854397010615
16	83-0209	UME_081104_P39_WA11_3	3	UME_081104_P39_WA11	772033.7	7095792.7	772035.7601	7095791.016	84	72	772035.772	7095791.121	12.463	25.211	0.172826025	3.2610392	0.316571396	0.196958838	26	1605	4.616122002	92.875	123367.8931	Trial1	Trial1	2.19407442815617
16	83-0209	UME_081104_P39_WA11_2	2	UME_081104_P39_WA11	772035.7	7095792.7	772037.7612	7095790.973	86	72	772037.771	7095791.028	11.857	24.98	0.023170048	0.8670485	0.597009052	0.346917829	26	1604	-1	-1	152450.1419	Trial1	Trial1	1.87344177627884
8	83-0077	UME_081104_P39_WB09_2	2	UME_081104_P39_WB09	772071.7	7095792.7	772073.781	7095790.197	122	72	772073.791	7095790.416	10.272	22.836	0.042999914	1.4478137	0.54761623	0.230392296	26	1634	5.166384141	107.1	126734.416	Trial1	Trial1	1.89756012587391
8	83-0077	UME_081104_P39_WB09_3	3	UME_081104_P39_WB09	772069.7	7095792.7	772071.7799	7095790.24	120	72	772071.711	7095790.558	12.534	21.491	0.031779905	1.2527867	0.691523702	0.314402536	26	1633	-1	-1	118489.7439	Trial1	Trial1	1.87201397199747
4	81-0050	UME_081104_P39_WB10_1	1	UME_081104_P39_WB10	772097.7	7095796.7	772099.8814	7095793.639	148	76	772099.669	7095794.148	9.992	15.764	0.079523555	2.3318969	0.506982178	0.098869654	26	1662	4.351902627	65	64045.44555	Trial1	Trial1	1.91301031701448
4	81-0050	UME_081104_P39_WB10_2	2	UME_081104_P39_WB10	772095.7	7095796.7	772097.8803	7095793.682	146	76	772097.736	7095794.001	10.815	15.118	0.057628588	2.0962231	0.515278206	0.100031199	26	1657	-1	-1	58546.58227	Trial1	Trial1	1.88121754872898
4	81-0056	UME_081104_P39_WB11_1	1	UME_081104_P39_WB11	772091.7	7095792.7	772093.7919	7095789.766	142	72	772093.802	7095790.04	11.089	14.017	0.092807072	1.7818841	0.445107754	0.076170277	26	1653	2.974114515	47.9	47470.87494	Trial1	Trial1	1.8544194974082
4	81-0056	UME_081104_P39_WB11_2	2	UME_081104_P39_WB11	772089.7	7095792.7	772091.7908	7095789.809	140	72	772091.738	7095790.067	6.944	10.697	0.026365051	0.7385344	0.613927235	0.038313971	26	1652	-1	-1	26888.17258	Trial1	Trial1	1.71450562884439
4	81-0056	UME_081104_P39_WB11_3	3	UME_081104_P39_WB11	772087.7	7095792.7	772089.7897	7095789.852	138	72	772089.713	7095790.108	7.897	9.255	0.029000901	0.9378985	0.518129387	0.027523686	26	1649	-1	-1	18989.94511	Trial1	Trial1	1.74070155966007
28	83-0348	UME_081104_P39_WC10_2	2	UME_081104_P39_WC10	771993.7	7095792.7	771995.7381	7095791.878	44	72	771995.739	7095791.819	8.277	15.312	0.024547179	0.8361927	0.490273713	0.074719628	26	1563	-1	-1	52027.21287	Trial1	Trial1	1.73111851003683
28	83-0348	UME_081104_P39_WC10_1	1	UME_081104_P39_WC10	771995.7	7095792.7	771997.7392	7095791.835	46	72	771997.624	7095791.773	10.252	21.172	0.078751063	2.6332194	0.579536162	0.209172852	26	1562	4.515642351	84.95	113118.0908	Trial1	Trial1	1.96963616199152
28	83-0348	UME_081104_P39_WC10_3	3	UME_081104_P39_WC10	771991.7	7095792.7	771993.7371	7095791.921	42	72	771993.721	7095791.89	11.982	25.584	0.334081521	5.4004199	0.404603582	0.249214547	26	1560	-1	-1	157159.0138	Trial1	Trial1	2.3425920829969
29	83-0455	UME_081104_P39_WC11_1	1	UME_081104_P39_WC11	771965.7	7095720.7	771966.171	7095720.442	16	0	771965.801	7095720.507	7.364	24.25	0.035074199	1.2208715	0.664908601	0.226149544	44	2891	-1	-1	141451.2607	Trial1	Trial1	1.89458675259958
29	83-0455	UME_081104_P39_WC11_2	2	UME_081104_P39_WC11	771963.7	7095720.7	771964.1699	7095720.485	14	0	771963.779	7095720.583	10.27	26.808	0.081472202	2.9883201	0.607090918	0.351907382	44	2887	5.970654261	101.625	182174.0078	Trial1	Trial1	2.13608530046915
29	83-0455	UME_081104_P39_WC11_3	3	UME_081104_P39_WC11	771961.7	7095720.7	771962.1688	7095720.529	12	0	771961.853	7095720.605	7.547	20.952	0.010557401	0.4960894	0.595113824	0.154853633	44	2882	-1	-1	109260.3827	Trial1	Trial1	1.80827452423374
20	83-0259	UME_081104_P39_WD08_2	2	UME_081104_P39_WD08	772017.7	7095796.7	772019.8375	7095795.363	68	76	772020.12	7095795.32	12.069	19.523	0.13402113	4.1921081	0.522551111	0.188800932	26	1592	4.928805556	84.475	91354.29694	Trial1	Trial1	2.28379100969003
20	83-0259	UME_081104_P39_WD08_1	1	UME_081104_P39_WD08	772019.7	7095796.7	772021.8386	7095795.32	70	76	772021.933	7095795.211	7.501	14.333	0.078284197	2.541989	0.561122616	0.067910127	26	1588	-1	-1	52214.6247	Trial1	Trial1	2.06218665287166
20	83-0259	UME_081104_P39_WD08_3	3	UME_081104_P39_WD08	772015.7	7095796.7	772017.8364	7095795.406	66	76	772018.116	7095795.409	12.428	22.961	0.034795098	1.2879398	0.448031023	0.230557563	26	1583	-1	-1	121479.6474	Trial1	Trial1	1.89687497114874
32	83-0436	UME_081104_P39_WD09_2	2	UME_081104_P39_WD09	771969.7	7095792.7	771971.725	7095792.396	20	72	771971.45	7095792.312	7.474	11.282	0.036512093	0.9522019	0.554754933	0.041449323	26	1546	-1	-1	29809.0143	Trial1	Trial1	1.87783256043429
32	83-0436	UME_081104_P39_WD09_1	1	UME_081104_P39_WD09	771971.7	7095792.7	771973.7261	7095792.353	22	72	771973.643	7095792.306	11.918	27.312	0.035497946	1.6440645	0.538572248	0.376037296	26	1539	5.271453485	97.025	189066.3131	Trial1	Trial1	1.9696066851777
32	83-0436	UME_081104_P39_WD09_3	3	UME_081104_P39_WD09	771967.7	7095792.7	771969.7239	7095792.439	18	72	771969.725	7095792.243	10.014	20.927	0.026591219	1.2135025	0.550173427	0.189504654	26	1535	-1	-1	105683.5884	Trial1	Trial1	1.91335923804427
20	83-0253	UME_081104_P39_WD10_2	2	UME_081104_P39_WD10	772023.7	7095792.7	772025.7546	7095791.232	74	72	772025.858	7095791.344	7.892	17.554	0.030927881	0.871535	0.717968362	0.13713527	26	1596	4.297567474	74.65	75153.27277	Trial1	Trial1	1.83974913145402
20	83-0253	UME_081104_P39_WD10_1	1	UME_081104_P39_WD10	772025.7	7095792.7	772027.7557	7095791.189	76	72	772027.844	7095791.174	10.046	23.407	0.020598137	1.0257768	0.515624005	0.222894032	26	1593	-1	-1	136591.2781	Trial1	Trial1	1.85968805318693
20	83-0253	UME_081104_P39_WD10_3	3	UME_081104_P39_WD10	772021.7	7095792.7	772023.7535	7095791.275	72	72	772023.889	7095791.332	9.902	16.818	0.027476889	0.8636265	0.474538283	0.104387728	26	1591	-1	-1	65414.16133	Trial1	Trial1	1.83936269069949
4	80-0012	UME_081104_P39_WD11_1	1	UME_081104_P39_WD11	772103.7	7095800.7	772105.9709	7095797.512	154	80	772106.003	7095797.688	8.325	17.65	0.072687003	1.9277512	0.480652737	0.097906324	24	1515	-1	-1	73724.42112	Trial1	Trial1	1.84280223019422
4	80-0012	UME_081104_P39_WD11_3	3	UME_081104_P39_WD11	772099.7	7095800.7	772101.9687	7095797.598	150	80	772101.923	7095797.845	10.265	23.077	0.27607675	6.5542166	0.263372709	0.11308267	24	1513	4.910422638	71.5	98248.27547	Trial1	Trial1	2.46102458542988
20	83-0216	UME_081104_P39_WE08_1	1	UME_081104_P39_WE08	772031.7	7095792.7	772033.759	7095791.059	82	72	772033.632	7095791.006	11.666	23.443	0.020958769	0.7511449	0.510904318	0.257263174	26	1600	-1	-1	127799.8352	Trial1	Trial1	1.82096181433608
20	83-0216	UME_081104_P39_WE08_2	2	UME_081104_P39_WE08	772029.7	7095792.7	772031.7579	7095791.102	80	72	772031.733	7095791.23	6.011	17.071	0.031223825	0.9910516	0.711017382	0.097829172	26	1599	5.465990502	75.575	71267.58324	Trial1	Trial1	1.85371205061277
20	83-0216	UME_081104_P39_WE08_3	3	UME_081104_P39_WE08	772027.7	7095792.7	772029.7568	7095791.146	78	72	772029.795	7095791.214	9.683	16.682	0.017805954	0.7643364	0.49597791	0.104963801	26	1594	-1	-1	65568.26445	Trial1	Trial1	1.82409665683375
12	83-0128	UME_081104_P39_WE09_1	1	UME_081104_P39_WE09	772055.7	7095792.7	772057.7722	7095790.542	106	72	772057.822	7095790.778	7.282	16.142	0.039219107	1.2862496	0.726424197	0.108256325	26	1621	7.2537683	80.4	60680.32731	Trial1	Trial1	1.901051211706
12	83-0128	UME_081104_P39_WE09_2	2	UME_081104_P39_WE09	772053.7	7095792.7	772055.7711	7095790.585	104	72	772055.916	7095790.853	11.941	20.173	0.020858273	0.7046529	0.514866674	0.19650256	26	1620	-1	-1	102160.8506	Trial1	Trial1	1.82439034617123
12	83-0128	UME_081104_P39_WE09_3	3	UME_081104_P39_WE09	772051.7	7095792.7	772053.77	7095790.628	102	72	772053.841	7095790.77	10.662	17.628	0.02551935	0.9277897	0.466444007	0.121372337	26	1616	-1	-1	75265.74527	Trial1	Trial1	1.85522156370281
36	83-0480	UME_081104_P39_WE10_1	1	UME_081104_P39_WE10	771959.7	7095792.7	771961.7195	7095792.611	10	72	771961.904	7095792.422	9.397	22.798	0.105882601	1.9907289	0.545191913	0.20913511	26	1537	5.36640051	106.375	124634.9654	Trial1	Trial1	1.95089398989537
36	83-0480	UME_081104_P39_WE10_2	2	UME_081104_P39_WE10	771957.7	7095792.7	771959.7184	7095792.654	8	72	771959.888	7095792.419	6.958	17.636	0.079028404	2.2105092	0.541907474	0.092112522	26	1529	-1	-1	71000.38996	Trial1	Trial1	1.98063779417569
36	83-0480	UME_081104_P39_WE10_3	3	UME_081104_P39_WE10	771955.7	7095792.7	771957.7173	7095792.697	6	72	771957.854	7095792.528	7.787	20.185	0.211219089	5.4131305	0.477771512	0.119053775	26	1526	-1	-1	94915.46571	Trial1	Trial1	2.40892583033329
4	81-0054	UME_081104_P39_WE11_1	1	UME_081104_P39_WE11	772091.7	7095800.7	772093.9644	7095797.771	142	80	772093.909	7095798.094	10.371	19.259	0.169982766	4.7370345	0.333687595	0.100809674	24	1503	4.081577102	69.075	82052.87587	Trial1	Trial1	2.21825641927438
4	81-0054	UME_081104_P39_WE11_3	3	UME_081104_P39_WE11	772087.7	7095800.7	772089.9622	7095797.857	138	80	772089.962	7095798.127	7.984	13.845	0.135393277	2.7756989	0.477787247	0.057432025	24	1502	-1	-1	37282.13159	Trial1	Trial1	1.95641461627589
4	81-0054	UME_081104_P39_WE11_2	2	UME_081104_P39_WE11	772089.7	7095800.7	772091.9633	7095797.814	140	80	772091.912	7095798.186	10.443	16.608	0.104533843	3.3018947	0.511480874	0.115707417	24	1495	-1	-1	67525.90202	Trial1	Trial1	2.02658404988034
16	83-0165	UME_081104_P39_WF08_1	1	UME_081104_P39_WF08	772049.7	7095792.7	772051.7689	7095790.671	100	72	772051.661	7095790.897	5.243	21.362	0.028861898	1.2427196	0.707711703	0.132979893	26	1615	-1	-1	113041.3218	Trial1	Trial1	1.91759345884464
16	83-0165	UME_081104_P39_WF08_3	3	UME_081104_P39_WF08	772045.7	7095792.7	772047.7667	7095790.758	96	72	772047.717	7095790.839	11.869	28.719	0.149453542	3.1705477	0.441249676	0.339255821	26	1614	-1	-1	202198.3305	Trial1	Trial1	2.1770570748164
16	83-0165	UME_081104_P39_WF08_2	2	UME_081104_P39_WF08	772047.7	7095792.7	772049.7678	7095790.714	98	72	772049.786	7095790.869	12.097	22.213	0.056974123	1.9278678	0.470407414	0.220519713	26	1612	5.473724858	96.951	122519.6719	Trial1	Trial1	2.01009301293491
20	83-0257	UME_081104_P39_WF09_2	2	UME_081104_P39_WF09	772017.7	7095804.7	772020.01	7095803.368	68	84	772019.977	7095803.352	11.355	22.567	0.012342647	0.6613823	0.43606492	0.198042261	24	1429	-1	-1	110974.5291	Trial1	Trial1	1.81000537132443
20	83-0257	UME_081104_P39_WF09_1	1	UME_081104_P39_WF09	772019.7	7095804.7	772022.0111	7095803.325	70	84	772022.035	7095803.279	11.196	26.239	0.02997831	1.270506	0.497601837	0.301243117	24	1428	-1	-1	178281.7612	Trial1	Trial1	1.88959317578885
20	83-0257	UME_081104_P39_WF09_3	3	UME_081104_P39_WF09	772015.7	7095804.7	772018.0089	7095803.411	66	84	772018.009	7095803.467	8.262	21.875	0.017963605	0.6263151	0.540245899	0.167751133	24	1423	5.421119297	89.725	113091.6951	Trial1	Trial1	1.80708939251464
24	83-0298	UME_081104_P39_WF10_1	1	UME_081104_P39_WF10	772013.7	7095796.7	772015.8353	7095795.449	64	76	772015.871	7095795.488	5.679	15.357	0.319489303	8.5749197	0.689400453	0.072517726	26	1586	3.374665315	56.675	56647.69199	Trial1	Trial1	2.88023924637259
24	83-0298	UME_081104_P39_WF10_2	2	UME_081104_P39_WF10	772011.7	7095796.7	772013.8342	7095795.493	62	76	772013.738	7095795.51	8.126	14.172	0.058337561	1.6094631	0.536294046	0.068742689	26	1581	-1	-1	50367.95893	Trial1	Trial1	1.95073461671783
24	83-0298	UME_081104_P39_WF10_3	3	UME_081104_P39_WF10	772009.7	7095796.7	772011.8331	7095795.536	60	76	772011.99	7095795.547	8.327	12.464	0.027553229	0.9087151	0.748304502	0.076032077	26	1579	-1	-1	34241.48985	Trial1	Trial1	1.85836113276179
12	83-0123	UME_081104_P39_WF11_1	1	UME_081104_P39_WF11	772061.7	7095800.7	772063.9479	7095798.417	112	80	772063.871	7095798.613	4.909	22.285	0.02140155	0.7661363	0.783752501	0.150064711	24	1471	-1	-1	127178.5353	Trial1	Trial1	1.8075203811281
12	83-0123	UME_081104_P39_WF11_2	2	UME_081104_P39_WF11	772059.7	7095800.7	772061.9468	7095798.46	110	80	772062.055	7095798.566	11.473	17.785	0.014507083	0.541091	0.491106151	0.13996919	24	1470	-1	-1	75567.25703	Trial1	Trial1	1.77925116617709
12	83-0123	UME_081104_P39_WF11_3	3	UME_081104_P39_WF11	772057.7	7095800.7	772059.9457	7095798.503	108	80	772060.221	7095798.676	12.1	21.505	0.012314967	0.4351821	0.506239016	0.222495468	24	1469	4.211318075	78.6	109680.9936	Trial1	Trial1	1.76693130757045
12	83-0083	UME_081104_P39_WG09_3	3	UME_081104_P39_WG09	772063.7	7095796.7	772065.8628	7095794.372	114	76	772065.848	7095794.604	9.036	20.95	0.037498241	3.0149335	0.52482391	0.163476389	26	1631	4.821591773	90.8	110843.425	Trial1	Trial1	2.11598033748688
12	83-0083	UME_081104_P39_WG09_2	2	UME_081104_P39_WG09	772065.7	7095796.7	772067.8639	7095794.329	116	76	772067.832	7095794.417	11.717	14.089	0.121421498	10.2331569	0.640890852	0.117072036	26	1630	-1	-1	64549.38555	Trial1	Trial1	3.07917737479103
13	83-0191	UME_081104_P39_WG10_1	1	UME_081104_P39_WG10	772037.7	7095720.7	772038.2105	7095718.891	88	0	772037.883	7095719.179	10.398	23.2	0.017794862	0.9118138	0.588915667	0.258841231	44	2962	-1	-1	143580.6108	Trial1	Trial1	1.68777278709112
13	83-0191	UME_081104_P39_WG10_2	2	UME_081104_P39_WG10	772035.7	7095720.7	772036.2094	7095718.934	86	0	772035.824	7095719.19	11.596	27.355	0.147955109	2.2794845	0.560824257	0.379791458	44	2961	5.813093617	113.05	193728.0554	Trial1	Trial1	1.85776077911993
13	83-0191	UME_081104_P39_WG10_3	3	UME_081104_P39_WG10	772033.7	7095720.7	772034.2083	7095718.977	84	0	772033.762	7095719.216	9.1	21.29	0.064028906	2.1558747	0.813096114	0.263399708	44	2959	-1	-1	108980.614	Trial1	Trial1	1.82897609575998
4	81-0055	UME_081104_P39_WG11_3	3	UME_081104_P39_WG11	772087.7	7095796.7	772089.876	7095793.855	138	76	772089.965	7095794.003	8.684	22.687	0.058013038	1.6243821	0.493528532	0.173245387	26	1654	-1	-1	115140.1194	Trial1	Trial1	1.81726157168908
4	81-0055	UME_081104_P39_WG11_1	1	UME_081104_P39_WG11	772091.7	7095796.7	772093.8781	7095793.768	142	76	772093.812	7095794.066	12.034	26.557	0.09467462	3.6273194	0.351840497	0.234534511	26	1651	-1	-1	145251.7872	Trial1	Trial1	2.08523937213408
4	81-0055	UME_081104_P39_WG11_2	2	UME_081104_P39_WG11	772089.7	7095796.7	772091.877	7095793.811	140	76	772091.832	7095794.145	8.133	21.392	0.02510033	1.3774594	0.485637823	0.141952219	26	1650	4.664503025	91.4	102310.0977	Trial1	Trial1	1.78441388307679
29	83-0411	UME_081104_P39_WH08_1	1	UME_081104_P39_WH08	771977.7	7095720.7	771978.1776	7095720.184	28	0	771977.759	7095720.326	11.835	27.372	0.108252053	3.4591291	0.282974902	0.197064744	44	2904	5.528792855	105.35	164517.4189	Trial1	Trial1	2.16114053199952
29	83-0411	UME_081104_P39_WH08_2	2	UME_081104_P39_WH08	771975.7	7095720.7	771976.1765	7095720.227	26	0	771975.867	7095720.262	11.497	23.07	0.107491065	2.4756655	0.373453173	0.17947458	44	2898	-1	-1	117894.9922	Trial1	Trial1	2.03483786585622
29	83-0411	UME_081104_P39_WH08_3	3	UME_081104_P39_WH08	771973.7	7095720.7	771974.1754	7095720.27	24	0	771973.81	7095720.25	8.009	22.552	0.065808854	1.8892862	0.496894454	0.158969542	44	2897	-1	-1	128663.656	Trial1	Trial1	1.96183845858545
16	83-0167	UME_081104_P39_WH09_1	1	UME_081104_P39_WH09	772049.7	7095800.7	772051.9413	7095798.676	100	80	772051.9	7095798.749	10.153	23.981	0.039889802	1.1365948	0.532657266	0.244269064	24	1463	-1	-1	138120.0616	Trial1	Trial1	1.88720026997715
16	83-0167	UME_081104_P39_WH09_2	2	UME_081104_P39_WH09	772047.7	7095800.7	772049.9402	7095798.719	98	80	772049.976	7095798.757	10.079	22.136	0.035462844	1.1038769	0.728874493	0.282716828	24	1462	-1	-1	119946.5282	Trial1	Trial1	1.88463784043882
16	83-0167	UME_081104_P39_WH09_3	3	UME_081104_P39_WH09	772045.7	7095800.7	772047.9391	7095798.762	96	80	772047.953	7095798.78	11.923	25.475	0.031448046	1.3097234	0.459816813	0.279434612	24	1455	4.685824003	92.275	150761.3308	Trial1	Trial1	1.9139525967801
8	83-0034	UME_081104_P39_WH10_1	1	UME_081104_P39_WH10	772085.7	7095796.7	772087.8749	7095793.898	136	76	772087.836	7095794.042	11.351	25.085	0.039831654	1.2892243	0.581456259	0.326188837	26	1647	5.577058242	101.4	144700.0285	Trial1	Trial1	1.86073777881994
8	83-0034	UME_081104_P39_WH10_3	3	UME_081104_P39_WH10	772081.7	7095796.7	772083.8727	7095793.984	132	76	772083.687	7095794.233	7.739	9.414	0.028901351	0.6059903	0.553704332	0.029826649	26	1645	-1	-1	21276.04397	Trial1	Trial1	1.76959448666523
1	81-0031	UME_081104_P40_WA03_1	1	UME_081104_P40_WA03	772097.7	7095720.7	772098.2434	7095717.597	148	0	772097.87	7095717.995	7.036	16.261	0.024949388	0.9020117	0.646093936	0.094402643	44	3014	-1	-1	69546.80348	Trial1	Trial1	1.89717170474402
1	81-0031	UME_081104_P40_WA03_2	2	UME_081104_P40_WA03	772095.7	7095720.7	772096.2423	7095717.64	146	0	772095.909	7095718.031	10.928	18.364	0.080503848	1.8833975	0.542203982	0.156932366	44	3013	3.630481014	71.4	97419.80444	Trial1	Trial1	2.01912940930513
1	81-0031	UME_081104_P40_WA03_3	3	UME_081104_P40_WA03	772093.7	7095720.7	772094.2412	7095717.684	144	0	772093.895	7095718.186	10.834	16.526	0.024685711	0.8813162	0.553668497	0.128671073	44	3012	-1	-1	69859.89778	Trial1	Trial1	1.87602410632235
49	83-0728	UME_081104_P40_WA08_1	1	UME_081104_P40_WA08	772049.7	7095810.7	772052.1568	7095808.681	100	90	772052.153	7095808.894	10.989	21.069	0.023226125	0.7651236	0.715050301	0.273944854	22	1311	4.457522999	82.525	126100.0765	Trial1	Trial1	1.82300131151588
49	83-0728	UME_081104_P40_WA08_2	2	UME_081104_P40_WA08	772047.7	7095810.7	772050.1557	7095808.724	98	90	772050.168	7095808.909	11.444	25.328	0.018846524	0.9192473	0.485062585	0.27969342	22	1309	-1	-1	154859.4818	Trial1	Trial1	1.84625545874818
49	83-0728	UME_081104_P40_WA08_3	3	UME_081104_P40_WA08	772045.7	7095810.7	772048.1546	7095808.767	96	90	772048.166	7095808.966	8.931	18.624	0.026597407	0.8319178	0.537422531	0.130757857	22	1306	-1	-1	77432.80304	Trial1	Trial1	1.83729399358164
45	83-0685	UME_081104_P40_WA09_1	1	UME_081104_P40_WA09	772061.7	7095822.7	772064.4221	7095820.429	112	102	772064.637	7095820.621	6.414	17.621	0.025947539	0.7879028	0.724117222	0.113265617	20	1188	-1	-1	77175.17935	Trial1	Trial1	1.88510107132548
45	83-0685	UME_081104_P40_WA09_2	2	UME_081104_P40_WA09	772059.7	7095822.7	772062.421	7095820.472	110	102	772062.799	7095820.592	7.336	20.439	0.023253886	0.8460156	0.567785846	0.13666087	20	1186	-1	-1	95312.28021	Trial1	Trial1	1.89574507605654
45	83-0685	UME_081104_P40_WA09_3	3	UME_081104_P40_WA09	772057.7	7095822.7	772060.4199	7095820.515	108	102	772060.848	7095820.825	10.257	24.185	0.021311361	1.1644804	0.559055382	0.263415674	20	1185	5.559309861	104.7	160751.7869	Trial1	Trial1	1.94126232457348
49	83-0731	UME_081104_P40_WA10_1	1	UME_081104_P40_WA10	772049.7	7095822.7	772052.4155	7095820.688	100	102	772052.5	7095820.812	13.644	29.158	0.160814521	2.6775582	0.391641073	0.356797998	20	1178	-1	-1	233433.3184	Trial1	Trial1	2.05871859770185
49	83-0731	UME_081104_P40_WA10_3	3	UME_081104_P40_WA10	772045.7	7095822.7	772048.4133	7095820.774	96	102	772048.416	7095820.989	10.872	23.727	0.02075157	0.7081657	0.568521457	0.273301978	20	1172	5.893514171	96.05	136264.3767	Trial1	Trial1	1.80250763808309
45	83-0679	UME_081104_P40_WA12_1	1	UME_081104_P40_WA12	772067.7	7095818.7	772070.3391	7095816.298	118	98	772070.396	7095816.484	11.02	23.211	0.064628606	1.5833646	0.380750134	0.177527225	20	1192	-1	-1	119427.8494	Trial1	Trial1	1.99075193203254
45	83-0679	UME_081104_P40_WA12_2	2	UME_081104_P40_WA12	772065.7	7095818.7	772068.338	7095816.341	116	98	772068.325	7095816.683	8.13	17.161	0.053597702	1.6640488	0.534396869	0.100492454	20	1189	-1	-1	70787.31439	Trial1	Trial1	2.00393113960436
45	83-0679	UME_081104_P40_WA12_3	3	UME_081104_P40_WA12	772063.7	7095818.7	772066.3369	7095816.384	114	98	772066.43	7095816.516	12.529	26.204	0.02018507	0.863592	0.450193158	0.304183508	20	1184	5.065869618	63.55	165210.4603	Trial1	Trial1	1.8995012869819
57	83-0914	UME_081104_P40_WB08_1	1	UME_081104_P40_WB08	772001.7	7095818.7	772004.3029	7095817.72	52	98	772004.381	7095817.658	9.628	25.483	0.046101072	1.4827806	0.644319086	0.316401902	20	1130	-1	-1	157271.5791	Trial1	Trial1	1.90771423373716
57	83-0914	UME_081104_P40_WB08_3	3	UME_081104_P40_WB08	771997.7	7095818.7	772000.3007	7095817.806	48	98	772000.245	7095817.747	11.518	21.833	0.063499989	2.3777256	0.553831392	0.238821628	20	1129	4.266561818	85.725	128854.1454	Trial1	Trial1	2.0281835213348
57	83-0914	UME_081104_P40_WB08_2	2	UME_081104_P40_WB08	771999.7	7095818.7	772002.3018	7095817.763	50	98	772002.237	7095817.78	11.544	22.154	0.032433085	1.3739029	0.498743453	0.221928688	20	1128	-1	-1	131435.9649	Trial1	Trial1	1.89375157572885
65	Y714	UME_081104_P40_WB09_1	1	UME_081104_P40_WB09	771971.7	7095818.7	771974.2864	7095818.367	22	98	771974.37	7095818.317	7.733	15.088	0.024000656	0.8580394	0.563870985	0.077960572	20	1102	-1	-1	54597.25737	Trial1	Trial1	1.80254015317588
65	Y714	UME_081104_P40_WB09_2	2	UME_081104_P40_WB09	771969.7	7095818.7	771972.2854	7095818.41	20	98	771972.252	7095818.436	11.49	19.668	0.021920601	1.1731813	0.492650065	0.171977916	20	1099	5.520422929	91.2	92786.01342	Trial1	Trial1	1.84275754440721
65	Y714	UME_081104_P40_WB09_3	3	UME_081104_P40_WB09	771967.7	7095818.7	771970.2843	7095818.453	18	98	771970.18	7095818.401	12.003	20.463	0.045080788	3.3799965	0.323470746	0.12768832	20	1092	-1	-1	84411.41662	Trial1	Trial1	2.13573291030417
69	83-1094	UME_081104_P40_WB10_1	1	UME_081104_P40_WB10	771959.7	7095814.7	771962.1937	7095814.623	10	94	771962.153	7095814.517	11.483	23.541	0.068011585	1.2709935	0.472257205	0.236019369	22	1241	4.77296776	87.9	147579.1428	Trial1	Trial1	1.86128854098829
69	83-1094	UME_081104_P40_WB10_2	2	UME_081104_P40_WB10	771957.7	7095814.7	771960.1926	7095814.666	8	94	771961.015	7095814.186	8.924	8.258	0.018950872	1.1663766	0.856928662	0.040964205	22	1239	-1	-1	18336.66996	Trial1	Trial1	1.84593695434871
28	83-0390	UME_081104_P40_WC03_1	1	UME_081104_P40_WC03	771983.7	7095800.7	771985.9051	7095800.098	34	80	771985.806	7095800.233	10.825	17.399	0.061804175	1.2156294	0.474731774	0.12217725	24	1391	-1	-1	71716.81725	Trial1	Trial1	1.78608926079239
28	83-0390	UME_081104_P40_WC03_2	2	UME_081104_P40_WC03	771981.7	7095800.7	771983.904	7095800.141	32	80	771983.877	7095800.132	11.773	19.235	0.063113966	1.8108662	0.438942169	0.15016901	24	1390	3.730463776	64.7	89047.51902	Trial1	Trial1	1.86606285354433
28	83-0390	UME_081104_P40_WC03_3	3	UME_081104_P40_WC03	771979.7	7095800.7	771981.9029	7095800.184	30	80	771981.872	7095800.259	7.147	13.886	0.185515077	3.6771703	0.794721052	0.086014134	24	1389	-1	-1	43283.32114	Trial1	Trial1	2.11575273060266
65	Y47	UME_081104_P40_WC10_1	1	UME_081104_P40_WC10	771977.7	7095810.7	771980.1173	7095810.233	28	90	771980.171	7095810.141	8.963	21.263	0.031846329	1.3813389	0.492921843	0.156882837	22	1259	4.628441469	82.05	105460.776	Trial1	Trial1	1.89032581915485
65	Y47	UME_081104_P40_WC10_2	2	UME_081104_P40_WC10	771975.7	7095810.7	771978.1162	7095810.276	26	90	771978.448	7095810.219	5.83	17.841	0.03355779	1.237442	0.587345823	0.085604349	22	1258	-1	-1	74036.28912	Trial1	Trial1	1.87019313253887
65	Y47	UME_081104_P40_WC10_3	3	UME_081104_P40_WC10	771973.7	7095810.7	771976.1151	7095810.319	24	90	771976.322	7095810.301	12.101	23.67	0.063321679	1.2162764	0.468112429	0.249255148	22	1254	-1	-1	134591.9512	Trial1	Trial1	1.8663888709171
45	83-0677	UME_081104_P40_WC11_1	1	UME_081104_P40_WC11	772067.7	7095826.7	772070.5116	7095824.302	118	106	772070.641	7095824.522	11.559	21.047	0.009267858	1.1611106	0.417342793	0.167098494	18	1045	3.886569902	79.015	98174.28188	Trial1	Trial1	1.91920619412963
45	83-0677	UME_081104_P40_WC11_2	2	UME_081104_P40_WC11	772065.7	7095826.7	772068.5105	7095824.345	116	106	772068.711	7095824.559	11.125	22.402	0.098241441	1.9981933	0.44921293	0.196984034	18	1044	-1	-1	128647.5826	Trial1	Trial1	2.03369750727341
45	83-0677	UME_081104_P40_WC11_3	3	UME_081104_P40_WC11	772063.7	7095826.7	772066.5094	7095824.388	114	106	772066.675	7095824.615	8.123	15.358	0.039744789	1.8742173	0.621043476	0.093447624	18	1041	-1	-1	61955.07766	Trial1	Trial1	2.01991801094562
49	83-0770	UME_081104_P40_WC12_1	1	UME_081104_P40_WC12	772043.7	7095822.7	772046.4122	7095820.817	94	102	772046.383	7095820.841	10.847	16.643	0.067489981	1.6287099	0.424816704	0.100243351	20	1170	-1	-1	67837.32471	Trial1	Trial1	1.92908300280744
49	83-0770	UME_081104_P40_WC12_2	2	UME_081104_P40_WC12	772041.7	7095822.7	772044.4111	7095820.86	92	102	772044.548	7095820.915	8.52	14.107	0.026393878	1.0681206	0.574463937	0.076497956	20	1166	4.227009991	59.7	52909.71108	Trial1	Trial1	1.85780265504229
61	Y21	UME_081104_P40_WD10_1	1	UME_081104_P40_WD10	771983.7	7095810.7	771986.1206	7095810.104	34	90	771986.22	7095809.973	8.597	23.039	0.081618028	1.9353051	0.46763192	0.167598693	22	1266	-1	-1	124400.8215	Trial1	Trial1	2.00689726131775
61	Y21	UME_081104_P40_WD10_2	2	UME_081104_P40_WD10	771981.7	7095810.7	771984.1195	7095810.147	32	90	771984.237	7095810.083	9.037	24.898	0.022478646	0.8015962	0.593017822	0.260914698	22	1260	5.483958231	100.325	153498.4849	Trial1	Trial1	1.85483067468019
41	83-0632	UME_081104_P40_WD11_1	1	UME_081104_P40_WD11	772079.7	7095822.7	772082.4319	7095820.041	130	102	772082.171	7095820.12	11.74	22.729	0.027319058	1.2659402	0.516466936	0.246007976	20	1205	4.9882345	104.9	132380.2478	Trial1	Trial1	1.88435917797012
41	83-0632	UME_081104_P40_WD11_2	2	UME_081104_P40_WD11	772077.7	7095822.7	772080.4308	7095820.084	128	102	772080.275	7095820.256	10.919	21.759	0.015744128	0.7011143	0.447695614	0.181772685	20	1200	-1	-1	107177.0837	Trial1	Trial1	1.81057807691731
41	83-0632	UME_081104_P40_WD11_3	3	UME_081104_P40_WD11	772075.7	7095822.7	772078.4297	7095820.127	126	102	772078.274	7095820.242	6.813	20.286	0.019598525	0.620267	0.669355943	0.147391769	20	1199	-1	-1	100709.0384	Trial1	Trial1	1.801563834617
5	83-0015	UME_081104_P40_WE02_2	2	UME_081104_P40_WE02	772083.7	7095720.7	772084.2357	7095717.899	134	0	772083.872	7095718.345	11.932	24.183	0.012247091	0.416815	0.588584243	0.322566536	44	3003	-1	-1	148999.5968	Trial1	Trial1	1.79569301484393
5	83-0015	UME_081104_P40_WE02_1	1	UME_081104_P40_WE02	772085.7	7095720.7	772086.2368	7095717.856	136	0	772085.851	7095718.296	5.831	19.618	0.014858358	0.4695535	0.691134305	0.121813455	44	3002	-1	-1	92723.85965	Trial1	Trial1	1.81181368468185
5	83-0015	UME_081104_P40_WE02_3	3	UME_081104_P40_WE02	772081.7	7095720.7	772082.2346	7095717.942	132	0	772081.832	7095718.364	11.348	30.58	0.086811977	1.5373598	0.436569019	0.363855427	44	3001	5.631356379	106.475	203082.3275	Trial1	Trial1	1.93638501655605
9	83-0103	UME_081104_P40_WE03_2	2	UME_081104_P40_WE03	772059.7	7095720.7	772060.2226	7095718.416	110	0	772059.861	7095718.79	7.668	18.891	0.082748552	2.858733	0.476301315	0.102365486	44	2981	-1	-1	81828.48831	Trial1	Trial1	2.0644174551533
9	83-0103	UME_081104_P40_WE03_1	1	UME_081104_P40_WE03	772061.7	7095720.7	772062.2237	7095718.373	112	0	772061.819	7095718.674	10.865	25.088	0.06043211	2.1716506	0.502614632	0.269961521	44	2980	5.184489166	83.075	153634.7266	Trial1	Trial1	1.98492911289395
9	83-0103	UME_081104_P40_WE03_3	3	UME_081104_P40_WE03	772057.7	7095720.7	772058.2215	7095718.459	108	0	772057.935	7095718.809	5.592	6.74	0.025374272	0.8328677	0.774481498	0.015450917	44	2979	-1	-1	12661.30663	Trial1	Trial1	1.78118746865471
13	83-0198	UME_081104_P40_WE05_2	2	UME_081104_P40_WE05	772035.7	7095740.7	772036.6405	7095738.945	86	20	772036.397	7095739.174	7.347	14.499	0.050287165	2.3028259	0.535688983	0.064979311	40	2667	4.981760747	53.325	52599.81359	Trial1	Trial1	1.84258884107723
13	83-0198	UME_081104_P40_WE05_3	3	UME_081104_P40_WE05	772033.7	7095740.7	772034.6394	7095738.988	84	20	772034.231	7095739.307	6.002	14.025	0.040114706	4.0950536	0.37336316	0.034619542	40	2666	-1	-1	27629.50077	Trial1	Trial1	1.94572756279454
14	83-0198	UME_081104_P40_WE05_1	1	UME_081104_P40_WE05	772037.7	7095748.7	772038.814	7095746.906	88	28	772038.674	7095747.166	11.786	29.513	0.034667424	1.3267983	0.473141217	0.381472388	38	2514	-1	-1	184561.0968	Trial1	Trial1	1.90611964657794
14	83-0198	UME_081104_P40_WE05_2	2	UME_081104_P40_WE05	772035.7	7095748.7	772036.8129	7095746.949	86	28	772036.617	7095747.215	7.184	7.236	0.019668769	1.7742763	0.534913082	0.015803865	38	2512	4.981760747	53.325	13155.31862	Trial1	Trial1	1.84258884107723
14	83-0198	UME_081104_P40_WE05_3	3	UME_081104_P40_WE05	772033.7	7095748.7	772034.8118	7095746.992	84	28	772034.652	7095747.211	10.061	21.474	0.068189132	0.9693063	0.569414495	0.20747998	38	2509	-1	-1	114721.0606	Trial1	Trial1	1.94572756279454
57	83-0915	UME_081104_P40_WE08_1	1	UME_081104_P40_WE08	772001.7	7095822.7	772004.3891	7095821.722	52	102	772004.434	7095821.473	5.545	8.599	0.101382665	2.8623683	0.841237037	0.027090797	20	1135	-1	-1	24206.84471	Trial1	Trial1	2.08911173431314
57	83-0915	UME_081104_P40_WE08_3	3	UME_081104_P40_WE08	771997.7	7095822.7	772000.3869	7095821.809	48	102	772000.367	7095821.829	12.876	22.066	0.214322543	4.7660077	0.473913615	0.233350104	20	1133	4.507056877	73.95	109416.4319	Trial1	Trial1	2.34397958046884
69	83-1093	UME_081104_P40_WE11_1	1	UME_081104_P40_WE11	771959.7	7095818.7	771962.2799	7095818.625	10	98	771962.13	7095818.541	10.529	22.383	0.029321202	1.3483064	0.530442281	0.219758467	20	1087	5.248743005	84.9	128537.1393	Trial1	Trial1	1.86078420933088
69	83-1093	UME_081104_P40_WE11_2	2	UME_081104_P40_WE11	771957.7	7095818.7	771960.2788	7095818.669	8	98	771960.204	7095818.581	12.747	27.988	0.110736958	3.3722528	0.359453015	0.281891588	20	1086	-1	-1	190456.054	Trial1	Trial1	2.12947224908165
69	83-1093	UME_081104_P40_WE11_3	3	UME_081104_P40_WE11	771955.7	7095818.7	771958.2777	7095818.712	6	98	771958.249	7095818.556	11.705	24.126	0.127259168	2.4917178	0.439074551	0.234957438	20	1085	-1	-1	144804.514	Trial1	Trial1	2.01007568556202
5	83-0059	UME_081104_P40_WF02_1	1	UME_081104_P40_WF02	772073.7	7095720.7	772074.2303	7095718.115	124	0	772073.883	7095718.499	7.09	22.403	0.01706453	1.1857187	0.484585898	0.135435571	44	2995	4.347993602	56.1	106745.3675	Trial1	Trial1	1.8524338542577
5	83-0059	UME_081104_P40_WF02_3	3	UME_081104_P40_WF02	772069.7	7095720.7	772070.2281	7095718.201	120	0	772069.773	7095718.724	7.78	18.924	0.048839634	2.5825116	0.561405365	0.122846742	44	2991	-1	-1	88434.65217	Trial1	Trial1	2.01895406718504
5	83-0059	UME_081104_P40_WF02_2	2	UME_081104_P40_WF02	772071.7	7095720.7	772072.2292	7095718.158	122	0	772071.782	7095718.618	9.209	16.658	0.027806971	1.6113023	0.601121024	0.1206504	44	2990	-1	-1	74455.99386	Trial1	Trial1	1.8994412626017
9	83-0146	UME_081104_P40_WF03_1	1	UME_081104_P40_WF03	772055.7	7095720.7	772056.2204	7095718.503	106	0	772055.924	7095718.664	8.168	24.432	0.070210462	2.49329	0.586439623	0.224576144	44	2978	-1	-1	133229.2559	Trial1	Trial1	1.99040445521065
9	83-0146	UME_081104_P40_WF03_2	2	UME_081104_P40_WF03	772053.7	7095720.7	772054.2193	7095718.546	104	0	772053.791	7095718.799	12.626	25.106	0.058736853	2.512086	0.418093684	0.261335385	44	2977	-1	-1	150115.834	Trial1	Trial1	1.98013317921319
9	83-0146	UME_081104_P40_WF03_3	3	UME_081104_P40_WF03	772051.7	7095720.7	772052.2182	7095718.589	102	0	772051.798	7095718.86	11.532	32.59	0.456226595	9.3888219	0.28778214	0.27683723	44	2972	5.82639418	116.175	242775.4424	Trial1	Trial1	2.88608210710825
65	Y3003	UME_081104_P40_WF08_2	2	UME_081104_P40_WF08	771963.7	7095822.7	771966.3683	7095822.541	14	102	771966.67	7095822.393	7.75	11.631	0.035777976	1.8273326	0.56187416	0.046262408	20	1095	-1	-1	34629.96673	Trial1	Trial1	1.91404665441363
65	Y3003	UME_081104_P40_WF08_1	1	UME_081104_P40_WF08	771965.7	7095822.7	771968.3694	7095822.498	16	102	771968.471	7095822.29	10.349	20.771	0.016244973	1.9364302	0.450143753	0.157861557	20	1094	4.622508179	81.675	101098.1927	Trial1	Trial1	1.93086690921003
45	83-0678	UME_081104_P40_WF09_1	1	UME_081104_P40_WF09	772067.7	7095822.7	772070.4253	7095820.3	118	102	772070.459	7095820.438	11.584	23.165	0.109725264	2.9416419	0.254114794	0.12406878	20	1197	-1	-1	104115.0662	Trial1	Trial1	2.16492380101112
45	83-0678	UME_081104_P40_WF09_2	2	UME_081104_P40_WF09	772065.7	7095822.7	772068.4243	7095820.343	116	102	772068.565	7095820.548	12.048	22.013	0.019480526	0.7387561	0.505281578	0.231675303	20	1191	4.223788944	78.2	115682.2317	Trial1	Trial1	1.87309756123898
45	83-0678	UME_081104_P40_WF09_3	3	UME_081104_P40_WF09	772063.7	7095822.7	772066.4232	7095820.386	114	102	772066.699	7095820.571	5.341	20.898	0.018936311	0.757604	0.691639948	0.126713703	20	1190	-1	-1	105751.2261	Trial1	Trial1	1.87827364889841
37	83-0547	UME_081104_P40_WF10_2	2	UME_081104_P40_WF10	772095.7	7095822.7	772098.4407	7095819.696	146	102	772098.556	7095819.869	10.533	19.034	0.00642371	0.3151926	0.410375718	0.122990596	20	1221	4.879447383	82.175	76349.30496	Trial1	Trial1	1.81733920048017
37	83-0547	UME_081104_P40_WF10_1	1	UME_081104_P40_WF10	772097.7	7095822.7	772100.4418	7095819.653	148	102	772100.422	7095819.751	7.866	17.511	0.02075989	1.5023213	0.434052879	0.082227424	20	1219	-1	-1	61674.59677	Trial1	Trial1	1.97453465365242
37	83-0547	UME_081104_P40_WF10_3	3	UME_081104_P40_WF10	772093.7	7095822.7	772096.4396	7095819.74	144	102	772096.382	7095819.905	10.808	17.291	0.053836495	1.782876	0.561960715	0.142624186	20	1213	-1	-1	93830.45837	Trial1	Trial1	2.01486140583659
53	83-0816	UME_081104_P40_WF11_1	1	UME_081104_P40_WF11	772031.7	7095822.7	772034.4056	7095821.076	82	102	772034.434	7095821.285	13.245	24.021	0.025789415	0.8995633	0.429538744	0.257835037	20	1157	-1	-1	135316.7848	Trial1	Trial1	1.75694866461996
53	83-0816	UME_081104_P40_WF11_2	2	UME_081104_P40_WF11	772029.7	7095822.7	772032.4045	7095821.119	80	102	772032.378	7095821.32	11.503	20.974	0.04098603	1.4206692	0.49011646	0.19479153	20	1156	4.885024447	78.45	100047.0366	Trial1	Trial1	1.82998861653199
53	83-0816	UME_081104_P40_WF11_3	3	UME_081104_P40_WF11	772027.7	7095822.7	772030.4034	7095821.162	78	102	772030.479	7095821.309	7.944	22.071	0.064269914	2.0221302	0.644905057	0.195996438	20	1152	-1	-1	118040.0746	Trial1	Trial1	1.91367161016701
53	83-0819	UME_081104_P40_WF12_1	1	UME_081104_P40_WF12	772031.7	7095810.7	772034.147	7095809.069	82	90	772034.201	7095809.111	13.438	27.324	0.272565388	5.2519141	0.258367887	0.203584499	22	1302	-1	-1	171002.8157	Trial1	Trial1	2.35072831578482
53	83-0819	UME_081104_P40_WF12_3	3	UME_081104_P40_WF12	772027.7	7095810.7	772030.1448	7095809.155	78	90	772030.131	7095809.305	9.516	22.672	0.014076776	0.4525041	0.537875441	0.206635923	22	1301	-1	-1	123672.8404	Trial1	Trial1	1.71454448407832
53	83-0819	UME_081104_P40_WF12_2	2	UME_081104_P40_WF12	772029.7	7095810.7	772032.1459	7095809.112	80	90	772032.169	7095809.313	11.196	25.474	0.023641109	1.20385	0.480329883	0.274065639	22	1297	5.174863339	103.9	159098.6242	Trial1	Trial1	1.8124170706056
1	83-0014	UME_081104_P40_WG02_1	1	UME_081104_P40_WG02	772091.7	7095720.7	772092.2401	7095717.727	142	0	772091.839	7095718.191	9.465	22.547	0.178614072	4.651373	0.379614184	0.143465016	44	3011	-1	-1	112248.6589	Trial1	Trial1	2.3705858139474
1	83-0014	UME_081104_P40_WG02_2	2	UME_081104_P40_WG02	772089.7	7095720.7	772090.239	7095717.77	140	0	772089.815	7095718.139	6.459	19.787	0.021343984	0.6665551	0.710105204	0.141032997	44	3010	-1	-1	93813.93553	Trial1	Trial1	1.82898502802528
1	83-0014	UME_081104_P40_WG02_3	3	UME_081104_P40_WG02	772087.7	7095720.7	772088.2379	7095717.813	138	0	772087.822	7095718.128	10.508	24.602	0.036078319	1.2935294	0.599764605	0.299603144	44	3005	5.08195528	75.375	141921.3952	Trial1	Trial1	1.9036505205062
20	83-0254	UME_081104_P40_WG03_1	1	UME_081104_P40_WG03	772025.7	7095796.7	772027.8419	7095795.191	76	76	772028.019	7095795.335	11.483	25.434	0.183833202	4.5082184	0.373495656	0.217911206	26	1597	5.576802736	108.425	150454.9978	Trial1	Trial1	2.32162287946426
20	83-0254	UME_081104_P40_WG03_2	2	UME_081104_P40_WG03	772023.7	7095796.7	772025.8408	7095795.234	74	76	772025.96	7095795.33	6.922	22.232	0.014008887	0.5400063	0.572166774	0.153743852	26	1595	-1	-1	118420.7078	Trial1	Trial1	1.79250014840157
20	83-0254	UME_081104_P40_WG03_3	3	UME_081104_P40_WG03	772021.7	7095796.7	772023.8397	7095795.277	72	76	772024.018	7095795.382	12.201	24.15	0.034439078	1.3332838	0.486978072	0.272157649	26	1589	-1	-1	142646.3162	Trial1	Trial1	1.89958988114526
69	Z159	UME_081104_P40_WG09_1	1	UME_081104_P40_WG09	771953.7	7095814.7	771956.1904	7095814.753	4	94	771956.221	7095814.555	12.237	23.219	0.073073177	1.6501374	0.479583164	0.24849449	22	1233	-1	-1	133368.8864	Trial1	Trial1	1.9078428473098
69	Z159	UME_081104_P40_WG09_2	2	UME_081104_P40_WG09	771951.7	7095814.7	771954.1893	7095814.796	2	94	771954.322	7095814.576	7.454	19.66	0.028647845	1.2286648	0.540073159	0.122209816	22	1231	-1	-1	90357.67022	Trial1	Trial1	1.85014514265283
69	Z159	UME_081104_P40_WG09_3	3	UME_081104_P40_WG09	771949.7	7095814.7	771952.1882	7095814.839	0	94	771952.309	7095814.576	11.54	24.233	0.041977249	1.6100693	0.530779798	0.282509657	22	1230	5.791473141	98.525	151918.711	Trial1	Trial1	1.89971451083976
49	83-0730	UME_081104_P40_WG10_1	1	UME_081104_P40_WG10	772049.7	7095818.7	772052.3293	7095816.686	100	98	772052.42	7095816.762	12.561	29.445	0.17978304	2.9558198	0.362531379	0.310090246	20	1176	-1	-1	187030.1386	Trial1	Trial1	2.1015885577205
49	83-0730	UME_081104_P40_WG10_3	3	UME_081104_P40_WG10	772045.7	7095818.7	772048.3271	7095816.772	96	98	772048.462	7095816.959	10.035	17.51	0.028173093	0.6912076	0.521042062	0.125907827	20	1173	3.975923496	51.05	73729.5133	Trial1	Trial1	1.80544876738442
49	83-0730	UME_081104_P40_WG10_2	2	UME_081104_P40_WG10	772047.7	7095818.7	772050.3282	7095816.729	98	98	772050.282	7095816.822	12.852	24.029	0.014368033	0.5056345	0.409980276	0.238937777	20	1171	-1	-1	133778.9047	Trial1	Trial1	1.77738519236751
65	Y711	UME_081104_P40_WG11_1	1	UME_081104_P40_WG11	771971.7	7095822.7	771974.3727	7095822.369	22	102	771973.967	7095821.924	6.565	11.261	0.095238923	11.9081968	0.494608315	0.032342297	20	1105	-1	-1	25770.2641	Trial1	Trial1	3.27023048391789
65	Y711	UME_081104_P40_WG11_2	2	UME_081104_P40_WG11	771969.7	7095822.7	771972.3716	7095822.412	20	102	771972.665	7095822.237	9.451	12.443	0.047531606	2.1249864	0.522176555	0.060016418	20	1104	-1	-1	38575.30495	Trial1	Trial1	1.96067409367812
65	Y711	UME_081104_P40_WG11_3	3	UME_081104_P40_WG11	771967.7	7095822.7	771970.3705	7095822.455	18	102	771970.56	7095822.202	10.34	24.743	0.050954828	2.6135509	0.520112539	0.258580038	20	1103	8.627487484	119.825	174542.4996	Trial1	Trial1	2.02363015184625
57	83-0911	UME_081104_P40_WG12_1	1	UME_081104_P40_WG12	772007.7	7095810.7	772010.1338	7095809.586	58	90	772010.166	7095809.598	8.279	18.218	0.045738894	1.1320438	0.452332996	0.097613911	22	1289	-1	-1	78945.3272	Trial1	Trial1	1.86101285657007
57	83-0911	UME_081104_P40_WG12_2	2	UME_081104_P40_WG12	772005.7	7095810.7	772008.1327	7095809.63	56	90	772008.086	7095809.649	8.905	18.51	0.110141954	2.6444246	0.488361511	0.117028036	22	1288	-1	-1	76003.97075	Trial1	Trial1	2.06462642586552
57	83-0911	UME_081104_P40_WG12_3	3	UME_081104_P40_WG12	772003.7	7095810.7	772006.1316	7095809.673	54	90	772006.041	7095809.645	9.527	20.22	0.094569816	1.927499	0.419442559	0.128315902	22	1286	3.740698938	80.7	95319.62464	Trial1	Trial1	1.97017745171428
56	83-0839	UME_081104_P40_WH01_1	1	UME_081104_P40_WH01	772025.7	7095886.7	772029.7817	7095885.24	76	166	772030.099	7095885.193	7.048	14.265	0.044885308	1.3062905	0.563807524	0.063505768	4	74	-1	-1	48830.78547	Trial1	Trial1	1.96400915831711
56	83-0839	UME_081104_P40_WH01_2	2	UME_081104_P40_WH01	772023.7	7095886.7	772027.7806	7095885.283	74	166	772028.068	7095885.265	13.584	17.457	0.019699892	0.7541079	0.552824119	0.179731979	4	72	6.250363409	116.275	73327.61979	Trial1	Trial1	1.89357938020291
56	83-0839	UME_081104_P40_WH01_3	3	UME_081104_P40_WH01	772021.7	7095886.7	772025.7795	7095885.326	72	166	772026.004	7095885.215	10.123	14.598	0.026592224	0.9510346	0.563386034	0.095452003	4	67	-1	-1	55011.60933	Trial1	Trial1	1.92281783936993
32	83-0435	UME_081104_P40_WH03_1	1	UME_081104_P40_WH03	771971.7	7095796.7	771973.8123	7095796.355	22	76	771973.738	7095796.274	12.94	26.558	0.035098935	1.5378148	0.373496334	0.267739381	26	1541	-1	-1	162509.3504	Trial1	Trial1	1.95150170257497
32	83-0435	UME_081104_P40_WH03_2	2	UME_081104_P40_WH03	771969.7	7095796.7	771971.8112	7095796.398	20	76	771971.782	7095796.176	12.816	25.613	0.030184744	0.9626292	0.569677659	0.376190211	26	1540	5.706856533	100.925	167161.5582	Trial1	Trial1	1.87495134665892
53	83-0862	UME_081104_P40_WH07_1	1	UME_081104_P40_WH07	772019.7	7095822.7	772022.399	7095821.334	70	102	772022.76	7095821.443	9.165	16.231	0.040245156	1.5146139	0.551308883	0.104546499	20	1147	-1	-1	64819.71946	Trial1	Trial1	1.85811670062359
53	83-0862	UME_081104_P40_WH07_2	2	UME_081104_P40_WH07	772017.7	7095822.7	772020.3979	7095821.378	68	102	772020.758	7095821.514	10.013	19.876	0.027815028	1.505526	0.415297204	0.129024185	20	1146	4.930707224	77.8	84762.68749	Trial1	Trial1	1.85963534372028
45	83-0724	UME_081104_P40_WH11_1	1	UME_081104_P40_WH11	772055.7	7095822.7	772058.4188	7095820.559	106	102	772058.506	7095820.695	11.382	23.014	0.022504735	0.9182365	0.42343978	0.200492343	20	1180	4.626141933	78.475	121376.423	Trial1	Trial1	1.91140251031436
45	83-0724	UME_081104_P40_WH11_2	2	UME_081104_P40_WH11	772053.7	7095822.7	772056.4177	7095820.602	104	102	772056.429	7095820.763	8.184	11.958	0.01989062	0.6019595	0.614817963	0.056509657	20	1179	-1	-1	32891.53149	Trial1	Trial1	1.87227188201526
53	83-0820	UME_081104_P40_WH12_2	2	UME_081104_P40_WH12	772023.7	7095810.7	772026.1426	7095809.242	74	90	772026.102	7095809.34	12.687	25.663	0.15468273	3.1804942	0.374513697	0.245771422	22	1296	-1	-1	151610.5295	Trial1	Trial1	2.08391572369417
53	83-0820	UME_081104_P40_WH12_3	3	UME_081104_P40_WH12	772021.7	7095810.7	772024.1415	7095809.285	72	90	772024.239	7095809.33	12.684	25.514	0.090461216	3.2859009	0.54009489	0.350259069	22	1292	-1	-1	157514.2174	Trial1	Trial1	2.10035320704703
69	83-1096	UME_081104_P41_WA01_1	1	UME_081104_P41_WA01	771953.7	7095810.7	771956.1041	7095810.75	4	90	771956.189	7095810.472	10.045	20.279	0.064976564	2.2049793	0.449892742	0.145965722	22	1229	-1	-1	94864.87219	Trial1	Trial1	1.99282012775425
69	83-1096	UME_081104_P41_WA01_3	3	UME_081104_P41_WA01	771949.7	7095810.7	771952.102	7095810.837	0	90	771952.112	7095810.69	11.981	22.731	0.043762457	1.3586445	0.421377473	0.204884981	22	1227	4.147316572	82.2	123010.357	Trial1	Trial1	1.87765973351481
61	X4403	UME_081104_P41_WA02_1	1	UME_081104_P41_WA02	771983.7	7095814.7	771986.2068	7095814.106	34	94	771986.361	7095814.154	6.609	14.966	0.013883274	0.5197702	0.569246929	0.066183344	22	1264	3.252282224	57.825	48896.5151	Trial1	Trial1	1.81276710222031
61	X4403	UME_081104_P41_WA02_2	2	UME_081104_P41_WA02	771981.7	7095814.7	771984.2057	7095814.149	32	94	771984.506	7095814.107	12.972	26.082	0.046611684	1.7760858	0.573375043	0.397398175	22	1262	-1	-1	170288.4255	Trial1	Trial1	1.9796218252098
32	83-0475	UME_081104_P41_WA05_1	1	UME_081104_P41_WA05	771965.7	7095800.7	771967.8952	7095800.486	16	80	771967.842	7095800.322	3.58	18.76	0.027494609	0.8837872	1.000729075	0.099030551	24	1372	-1	-1	87256.70875	Trial1	Trial1	1.85935206710802
32	83-0475	UME_081104_P41_WA05_3	3	UME_081104_P41_WA05	771961.7	7095800.7	771963.893	7095800.572	12	80	771963.894	7095800.435	13.078	26.149	0.293930189	3.8213748	0.349160345	0.245225689	24	1370	6.060609486	106.9	179407.0512	Trial1	Trial1	2.25154438038345
65	Y83	UME_081104_P41_WB01_1	1	UME_081104_P41_WB01	771977.7	7095822.7	771980.376	7095822.24	28	102	771980.7	7095822.143	9.257	14.689	0.025306551	0.7570356	0.651852311	0.10225577	20	1108	-1	-1	51055.60174	Trial1	Trial1	1.78708093581028
65	Y83	UME_081104_P41_WB01_2	2	UME_081104_P41_WB01	771975.7	7095822.7	771978.3749	7095822.283	26	102	771978.681	7095822.182	8.061	15.386	0.006844332	0.5721777	0.474100926	0.071060215	20	1106	4.293963498	57.25	52217.68796	Trial1	Trial1	1.76014983603627
45	83-0725	UME_081104_P41_WB02_1	1	UME_081104_P41_WB02	772055.7	7095818.7	772058.3326	7095816.556	106	98	772058.4	7095816.711	13.353	29.201	0.138700037	3.1697296	0.302763751	0.270740399	20	1181	-1	-1	169885.0075	Trial1	Trial1	2.21869047214518
45	83-0725	UME_081104_P41_WB02_3	3	UME_081104_P41_WB02	772051.7	7095818.7	772054.3304	7095816.643	102	98	772054.444	7095816.684	6.99	20.504	0.126119712	4.2812512	0.48593267	0.112157992	20	1175	-1	-1	101663.2089	Trial1	Trial1	2.37316183235663
45	83-0725	UME_081104_P41_WB02_2	2	UME_081104_P41_WB02	772053.7	7095818.7	772056.3315	7095816.599	104	98	772056.409	7095816.628	9.168	25.909	0.033038425	1.3057483	0.47133039	0.227803794	20	1174	5.333876927	92.575	154443.5163	Trial1	Trial1	1.97256568719071
49	83-0771	UME_081104_P41_WB04_2	2	UME_081104_P41_WB04	772041.7	7095818.7	772044.3249	7095816.858	92	98	772044.422	7095816.951	11.431	26.003	0.084321944	1.9600395	0.369791321	0.224478764	20	1168	4.859465048	92.325	158053.8586	Trial1	Trial1	1.98167045485451
49	83-0771	UME_081104_P41_WB04_1	1	UME_081104_P41_WB04	772043.7	7095818.7	772046.326	7095816.815	94	98	772046.391	7095816.9	8.173	17.391	0.025077748	1.1244575	0.526777003	0.102274595	20	1164	-1	-1	72442.47943	Trial1	Trial1	1.86665627994494
49	83-0771	UME_081104_P41_WB04_3	3	UME_081104_P41_WB04	772039.7	7095818.7	772042.3238	7095816.901	90	98	772042.316	7095817.058	9.98	23.124	0.125156959	4.3071181	0.413096956	0.173142357	20	1163	-1	-1	127116.044	Trial1	Trial1	2.29867571464909
24	83-0299	UME_081104_P41_WB05_1	1	UME_081104_P41_WB05	772013.7	7095800.7	772015.9215	7095799.452	64	80	772016.043	7095799.441	5.633	19.149	0.018334682	0.6391557	0.678824504	0.110120755	24	1421	-1	-1	84379.65512	Trial1	Trial1	1.81969827852917
24	83-0299	UME_081104_P41_WB05_2	2	UME_081104_P41_WB05	772011.7	7095800.7	772013.9205	7095799.495	62	80	772014.111	7095799.506	9.298	21.137	0.07786296	1.9163774	0.475003564	0.154979822	24	1420	5.10469508	91.025	112300.0696	Trial1	Trial1	1.99184257480374
24	83-0299	UME_081104_P41_WB05_3	3	UME_081104_P41_WB05	772009.7	7095800.7	772011.9194	7095799.538	60	80	772012.104	7095799.609	11.127	22.479	0.085848527	1.7695555	0.476110331	0.210260295	24	1419	-1	-1	120966.2065	Trial1	Trial1	1.97370520183209
49	83-0772	UME_081104_P41_WC03_1	1	UME_081104_P41_WC03	772043.7	7095814.7	772046.2398	7095812.813	94	94	772046.28	7095812.982	11.057	24.395	0.074041159	4.0438644	0.449002563	0.23204015	22	1307	5.192762435	84.15	138757.8467	Trial1	Trial1	2.26302023746598
49	83-0772	UME_081104_P41_WC03_2	2	UME_081104_P41_WC03	772041.7	7095814.7	772044.2387	7095812.856	92	94	772044.237	7095812.958	8.909	12.258	0.019171847	1.126415	0.468932547	0.049304053	22	1304	-1	-1	33434.08319	Trial1	Trial1	1.87627033052924
49	83-0772	UME_081104_P41_WC03_3	3	UME_081104_P41_WC03	772039.7	7095814.7	772042.2376	7095812.899	90	94	772042.024	7095813.035	7.664	12.421	0.030780782	0.6241684	0.615934629	0.057203945	22	1303	-1	-1	37616.30331	Trial1	Trial1	1.81226025825149
20	83-0215	UME_081104_P41_WC05_1	1	UME_081104_P41_WC05	772031.7	7095796.7	772033.8452	7095795.062	82	76	772033.792	7095794.963	8.553	13.398	0.083369002	2.7136701	0.47781836	0.057615597	26	1602	-1	-1	41812.20463	Trial1	Trial1	2.07840520818998
20	83-0215	UME_081104_P41_WC05_2	2	UME_081104_P41_WC05	772029.7	7095796.7	772031.8441	7095795.105	80	76	772031.966	7095795.193	12.434	26.31	0.020217361	0.8242529	0.489421989	0.330841287	26	1601	4.749204204	89.9	177526.1887	Trial1	Trial1	1.82711632015073
57	83-0910	UME_081104_P41_WD02_1	1	UME_081104_P41_WD02	772007.7	7095814.7	772010.22	7095813.589	58	94	772010.346	7095813.647	8.2	16.553	0.023088081	1.0298383	0.48478583	0.085550104	22	1287	-1	-1	61558.37593	Trial1	Trial1	1.84641503922217
57	83-0910	UME_081104_P41_WD02_2	2	UME_081104_P41_WD02	772005.7	7095814.7	772008.2189	7095813.632	56	94	772008.29	7095813.66	10.52	19.544	0.015689386	0.9851358	0.419004391	0.132233027	22	1285	3.494381992	72.5	83246.78728	Trial1	Trial1	1.84193738795984
45	83-0683	UME_081104_P41_WD03_1	1	UME_081104_P41_WD03	772061.7	7095814.7	772064.2496	7095812.425	112	94	772064.27	7095812.728	10.239	12.856	0.03208368	0.7333317	0.518567781	0.068923268	22	1323	-1	-1	38437.59891	Trial1	Trial1	1.89283548801673
45	83-0683	UME_081104_P41_WD03_3	3	UME_081104_P41_WD03	772057.7	7095814.7	772060.2474	7095812.511	108	94	772060.539	7095812.762	12.025	17.154	0.095724691	1.6998365	0.60063196	0.166931834	22	1322	3.579780285	67.675	80330.86478	Trial1	Trial1	2.02719038233918
45	83-0683	UME_081104_P41_WD03_2	2	UME_081104_P41_WD03	772059.7	7095814.7	772062.2485	7095812.468	110	94	772062.345	7095812.781	8.114	11.475	0.019553907	0.6350383	0.499878033	0.041944533	22	1320	-1	-1	29883.36625	Trial1	Trial1	1.88227630246764
20	83-0214	UME_081104_P41_WD05_1	1	UME_081104_P41_WD05	772031.7	7095800.7	772033.9314	7095799.064	82	80	772033.872	7095799.176	7.065	17.007	0.041580921	1.3935893	0.595836295	0.095626977	24	1437	-1	-1	79159.30977	Trial1	Trial1	1.89775017661402
20	83-0214	UME_081104_P41_WD05_2	2	UME_081104_P41_WD05	772029.7	7095800.7	772031.9303	7095799.107	80	80	772031.924	7095799.284	10.93	22.116	0.090666855	3.211539	0.481793466	0.202299207	24	1435	-1	-1	120828.4503	Trial1	Trial1	2.14228790581855
20	83-0214	UME_081104_P41_WD05_3	3	UME_081104_P41_WD05	772027.7	7095800.7	772029.9292	7095799.15	78	80	772029.892	7095799.319	11.896	25.07	0.017849567	0.7440472	0.53973558	0.316954741	24	1432	5.276942989	108.85	155007.5463	Trial1	Trial1	1.8141679812989
69	83-1099	UME_081104_P41_WE01_2	2	UME_081104_P41_WE01	771951.7	7095822.7	771954.3617	7095822.8	2	102	771954.587	7095822.574	11.48	18.15	0.056566079	1.247202	0.467588592	0.138875761	20	1084	-1	-1	74491.21584	Trial1	Trial1	1.82834968116781
69	83-1099	UME_081104_P41_WE01_1	1	UME_081104_P41_WE01	771953.7	7095822.7	771956.3628	7095822.757	4	102	771956.33	7095822.583	12.129	26.415	0.042077534	1.5956946	0.386445529	0.2568649	20	1081	5.172204998	108.25	161727.5123	Trial1	Trial1	1.87702423225733
57	83-0866	UME_081104_P41_WE03_1	1	UME_081104_P41_WE03	772013.7	7095810.7	772016.1371	7095809.457	64	90	772016.432	7095809.338	9.631	20.694	0.052283906	1.495067	0.425557754	0.137847088	22	1290	-1	-1	107662.8706	Trial1	Trial1	1.90408961808057
45	83-0681	UME_081104_P41_WF01_1	1	UME_081104_P41_WF01	772067.7	7095810.7	772070.1667	7095808.293	118	90	772070.25	7095808.516	11.089	24.931	0.024129698	0.9738453	0.492404178	0.266557651	22	1328	-1	-1	147332.6714	Trial1	Trial1	1.92669785210833
45	83-0681	UME_081104_P41_WF01_3	3	UME_081104_P41_WF01	772063.7	7095810.7	772066.1645	7095808.38	114	90	772066.177	7095808.575	7.483	19.828	0.05131376	1.4846796	0.557485121	0.128816612	22	1326	-1	-1	91110.05899	Trial1	Trial1	1.99925061970766
45	83-0681	UME_081104_P41_WF01_2	2	UME_081104_P41_WF01	772065.7	7095810.7	772068.1656	7095808.336	116	90	772068.185	7095808.593	11.734	21.899	0.024394709	0.8495015	0.506171344	0.223712752	22	1324	5.412073317	86.175	115441.6916	Trial1	Trial1	1.91216649613356
8	83-0078	UME_081104_P41_WG01_1	1	UME_081104_P41_WG01	772073.7	7095796.7	772075.8683	7095794.156	124	76	772075.801	7095794.42	10.395	23.943	0.038650582	1.8001287	0.632800073	0.29616699	26	1639	-1	-1	147677.0998	Trial1	Trial1	1.9307637065991
8	83-0078	UME_081104_P41_WG01_2	2	UME_081104_P41_WG01	772071.7	7095796.7	772073.8672	7095794.199	122	76	772073.797	7095794.346	9.304	22.185	0.032322328	1.1697747	0.569097419	0.204680743	26	1636	5.364907568	107	120191.8995	Trial1	Trial1	1.84726087510716
8	83-0078	UME_081104_P41_WG01_3	3	UME_081104_P41_WG01	772069.7	7095796.7	772071.8661	7095794.243	120	76	772071.636	7095794.401	4.82	4.095	0.055599042	3.7853029	0.816947146	0.005187073	26	1635	-1	-1	4838.169447	Trial1	Trial1	2.19760566948448
32	83-0432	UME_081104_P41_WH01_1	1	UME_081104_P41_WH01	771977.7	7095804.7	771979.988	7095804.23	28	84	771979.914	7095804.228	9.532	23.352	0.038667423	1.6960883	0.614300437	0.250794922	24	1385	6.333526679	98.8	149928.6595	Trial1	Trial1	1.96409240491123
32	83-0432	UME_081104_P41_WH01_3	3	UME_081104_P41_WH01	771973.7	7095804.7	771975.9858	7095804.316	24	84	771975.9	7095804.205	7.926	12.185	0.058812897	1.4465827	0.425281953	0.039310297	24	1384	-1	-1	28681.34869	Trial1	Trial1	1.93010451867038
32	83-0432	UME_081104_P41_WH01_2	2	UME_081104_P41_WH01	771975.7	7095804.7	771977.9869	7095804.273	26	84	771978.105	7095804.202	8.158	13.721	0.032553355	1.2773052	0.436224171	0.052623425	24	1382	-1	-1	39246.10734	Trial1	Trial1	1.9078499981078
41	83-0634	UME_081104_P41_WH03_1	1	UME_081104_P41_WH03	772079.7	7095814.7	772082.2595	7095812.037	130	94	772081.891	7095812.14	6.249	11.493	0.075398419	2.8901457	0.667701036	0.043284387	22	1339	-1	-1	28721.27424	Trial1	Trial1	2.11815106299161
41	83-0634	UME_081104_P41_WH03_2	2	UME_081104_P41_WH03	772077.7	7095814.7	772080.2584	7095812.08	128	94	772080.069	7095812.439	11.234	21.99	0.028499153	1.1899632	0.414717012	0.176933647	22	1338	5.840936486	92.25	105733.8522	Trial1	Trial1	1.89239498704265
28	83-0389	UME_081104_P41_WH04_1	1	UME_081104_P41_WH04	771983.7	7095804.7	771985.9913	7095804.1	34	84	771985.97	7095804.028	11.78	24.236	0.163233354	5.4549329	0.373293525	0.202864647	24	1388	4.887590078	94.95	131922.1047	Trial1	Trial1	2.34913734530632
28	83-0389	UME_081104_P41_WH04_2	2	UME_081104_P41_WH04	771981.7	7095804.7	771983.9902	7095804.144	32	84	771984.048	7095804.12	7.297	19.514	0.043451747	1.7261338	0.574781561	0.125426056	24	1387	-1	-1	94264.09364	Trial1	Trial1	1.85093779670583
28	83-0389	UME_081104_P41_WH04_3	3	UME_081104_P41_WH04	771979.7	7095804.7	771981.9891	7095804.187	30	84	771981.995	7095804.164	6.644	23.344	0.066044293	3.2504443	0.512145779	0.145622056	24	1386	-1	-1	117962.5921	Trial1	Trial1	2.05453376362621
12	83-0084	UME_081104_P42_WA03_1	1	UME_081104_P42_WA03	772067.7	7095792.7	772069.7788	7095790.283	118	72	772069.79	7095790.533	7.235	22.884	0.222733532	5.7032495	0.575755964	0.171328104	26	1637	5.300292876	104.525	126762.0183	Trial1	Trial1	2.48521851804469
12	83-0084	UME_081104_P42_WA03_2	2	UME_081104_P42_WA03	772065.7	7095792.7	772067.7777	7095790.327	116	72	772067.708	7095790.536	12.279	28.542	0.057892408	1.3357147	0.414830692	0.32590025	26	1632	-1	-1	197008.0497	Trial1	Trial1	1.90240901126549
41	83-0640	UME_081104_P42_WA04_1	1	UME_081104_P42_WA04	772073.7	7095826.7	772076.5149	7095824.173	124	106	772076.5	7095824.354	9.775	24.031	0.033282291	1.1688978	0.680366112	0.301638319	18	1050	6.748085793	113.75	140119.4102	Trial1	Trial1	1.86807545527969
41	83-0640	UME_081104_P42_WA04_2	2	UME_081104_P42_WA04	772071.7	7095826.7	772074.5138	7095824.216	122	106	772074.417	7095824.398	6.945	10.126	0.080519019	2.4595667	0.62917288	0.035189311	18	1049	-1	-1	25467.57139	Trial1	Trial1	2.04269092256563
62	U1003	UME_081104_P42_WA05_1	1	UME_081104_P42_WA05	771983.7	7095834.7	771986.6379	7095834.117	34	114	771986.913	7095834.289	11.043	16.344	0.032855659	1.1695007	0.618079939	0.143190564	16	843	-1	-1	67610.29935	Trial1	Trial1	1.87683201721825
62	U1003	UME_081104_P42_WA05_2	2	UME_081104_P42_WA05	771981.7	7095834.7	771984.6368	7095834.16	32	114	771985.196	7095834.129	11.673	19.889	0.072782628	2.4300888	0.31232176	0.113272656	16	836	4.719502665	77.3	85084.90756	Trial1	Trial1	2.04209621357874
43	83-0652	UME_081104_P42_WA06_1	1	UME_081104_P42_WA06	772073.7	7095874.7	772077.5494	7095872.199	124	154	772077.71	7095872.338	11.903	22.351	0.1333448	2.3104464	0.390474399	0.182353148	6	241	-1	-1	118815.324	Trial1	Trial1	1.93020479500903
43	83-0652	UME_081104_P42_WA06_3	3	UME_081104_P42_WA06	772069.7	7095874.7	772073.5472	7095872.285	120	154	772073.71	7095872.389	12.225	20.47	0.07864904	2.6075703	0.402303195	0.161859274	6	238	-1	-1	102156.2583	Trial1	Trial1	1.97786733294498
43	83-0652	UME_081104_P42_WA06_2	2	UME_081104_P42_WA06	772071.7	7095874.7	772075.5483	7095872.242	122	154	772075.639	7095872.386	8.519	17.315	0.034671744	1.3027648	0.548331344	0.109994105	6	237	5.135241802	76.2	74006.05151	Trial1	Trial1	1.79945218582329
46	83-0688	UME_081104_P42_WA07_3	3	UME_081104_P42_WA07	772057.7	7095834.7	772060.6785	7095832.522	108	114	772060.768	7095832.931	12.347	22.036	0.114574504	2.5705982	0.507620357	0.239039106	16	915	4.685852536	87.3	117520.8211	Trial1	Trial1	2.09250650765529
46	83-0688	UME_081104_P42_WA07_1	1	UME_081104_P42_WA07	772061.7	7095834.7	772064.6807	7095832.436	112	114	772064.767	7095832.692	8.218	16.283	0.01203163	0.5144007	0.540565583	0.092505043	16	909	-1	-1	63562.0026	Trial1	Trial1	1.8108942944588
46	83-0688	UME_081104_P42_WA07_2	2	UME_081104_P42_WA07	772059.7	7095834.7	772062.6796	7095832.479	110	114	772062.72	7095832.841	8.108	13.738	0.010893003	0.4038953	0.534900447	0.064288686	16	908	-1	-1	43691.96767	Trial1	Trial1	1.79950303458777
51	83-0790	UME_081104_P42_WA08_1	1	UME_081104_P42_WA08	772037.7	7095874.7	772041.5296	7095872.975	88	154	772041.791	7095872.973	11.922	20.658	0.085340086	1.4477501	0.424830882	0.169753236	6	219	-1	-1	104822.3675	Trial1	Trial1	1.8410369896899
51	83-0790	UME_081104_P42_WA08_2	2	UME_081104_P42_WA08	772035.7	7095874.7	772039.5285	7095873.018	86	154	772039.582	7095872.899	10.061	20.175	0.061130927	2.5431654	0.585716024	0.188391697	6	212	4.388346152	76.675	117266.0805	Trial1	Trial1	1.99310108293547
51	83-0786	UME_081104_P42_WA09_1	1	UME_081104_P42_WA09	772037.7	7095858.7	772041.1848	7095856.966	88	138	772041.447	7095857.101	10.094	24.562	0.054585933	2.7598348	0.558019936	0.266898136	10	476	5.336252536	99.575	144095.9334	Trial1	Trial1	2.03329786675437
51	83-0786	UME_081104_P42_WA09_2	2	UME_081104_P42_WA09	772035.7	7095858.7	772039.1837	7095857.009	86	138	772039.288	7095856.969	12.066	24.551	0.049521794	1.9047308	0.613611979	0.350502005	10	475	-1	-1	155842.7623	Trial1	Trial1	1.92421041209467
51	83-0786	UME_081104_P42_WA09_3	3	UME_081104_P42_WA09	772033.7	7095858.7	772037.1826	7095857.052	84	138	772037.295	7095856.99	10.121	18.647	0.039329687	1.4465436	0.500354641	0.138291936	10	473	-1	-1	80600.76573	Trial1	Trial1	1.86792430337102
51	83-0744	UME_081104_P42_WA10_3	3	UME_081104_P42_WA10	772045.7	7095874.7	772049.534	7095872.803	96	154	772050.005	7095872.65	12.128	22.423	0.118685223	2.2304044	0.39474621	0.189058424	6	227	-1	-1	109334.0202	Trial1	Trial1	1.92151710394863
51	83-0744	UME_081104_P42_WA10_2	2	UME_081104_P42_WA10	772047.7	7095874.7	772051.5351	7095872.76	98	154	772051.88	7095872.647	9.609	18.649	0.293420127	9.3355557	0.32027128	0.084058181	6	222	4.766531879	81.4	76687.77938	Trial1	Trial1	2.86487239738299
51	83-0742	UME_081104_P42_WA11_3	3	UME_081104_P42_WA11	772045.7	7095866.7	772049.3616	7095864.798	96	146	772049.723	7095864.925	9.742	16.322	0.076647902	1.1307567	0.45377422	0.092494667	8	349	-1	-1	59673.09962	Trial1	Trial1	1.78432070928288
51	83-0742	UME_081104_P42_WA11_1	1	UME_081104_P42_WA11	772049.7	7095866.7	772053.3638	7095864.712	100	146	772053.596	7095864.88	11.429	20.373	0.047719656	1.9943081	0.457117781	0.170312353	8	347	5.275007032	87.7	97906.78597	Trial1	Trial1	1.88821255621537
51	83-0742	UME_081104_P42_WA11_2	2	UME_081104_P42_WA11	772047.7	7095866.7	772051.3627	7095864.755	98	146	772051.645	7095864.972	9.421	16.383	0.073399494	2.8450587	0.49752465	0.098813176	8	346	-1	-1	61230.29917	Trial1	Trial1	2.0076032496476
59	83-0928	UME_081104_P42_WA12_2	2	UME_081104_P42_WA12	771999.7	7095874.7	772003.5088	7095873.794	50	154	772003.775	7095873.473	12.424	25.98	0.050150216	1.7177077	0.418376904	0.275537481	6	180	5.599088965	95.25	171215.0239	Trial1	Trial1	1.94511847830863
59	83-0928	UME_081104_P42_WA12_3	3	UME_081104_P42_WA12	771997.7	7095874.7	772001.5077	7095873.837	48	154	772001.752	7095873.548	11.544	25.097	0.078289014	2.942941	0.666549907	0.380624595	6	179	-1	-1	158960.5822	Trial1	Trial1	2.10689869306863
32	N0-1428	UME_081104_P42_WB02_2	2	UME_081104_P42_WB02	771975.7	7095796.7	771977.8145	7095796.268	26	76	771977.689	7095796.052	10.665	14.924	0.024545205	0.8187589	0.489228703	0.091271072	26	1547	-1	-1	50791.97546	Trial1	Trial1	1.85466286064204
32	N0-1428	UME_081104_P42_WB02_3	3	UME_081104_P42_WB02	771973.7	7095796.7	771975.8134	7095796.312	24	76	771975.919	7095796.299	11.508	24.906	0.10131079	4.8198736	0.406239061	0.227751077	26	1545	-1	-1	119087.8596	Trial1	Trial1	2.38969566408827
49	83-0779	UME_081104_P42_WB03_1	1	UME_081104_P42_WB03	772037.7	7095830.7	772040.5813	7095828.951	88	110	772040.756	7095829.087	12.793	25.931	0.07500363	2.1417623	0.417353531	0.281971232	18	1026	4.943508132	88.975	160025.0571	Trial1	Trial1	1.99855734476773
49	83-0779	UME_081104_P42_WB03_2	2	UME_081104_P42_WB03	772035.7	7095830.7	772038.5802	7095828.994	86	110	772038.64	7095829.085	11.883	21.422	0.210723055	5.7086096	0.434057571	0.185897566	18	1022	-1	-1	121288.7995	Trial1	Trial1	2.47921166946793
49	83-0779	UME_081104_P42_WB03_3	3	UME_081104_P42_WB03	772033.7	7095830.7	772036.5791	7095829.037	84	110	772036.609	7095829.063	9.036	24.435	0.061931667	1.919067	0.529643621	0.224422918	18	1019	-1	-1	138475.4894	Trial1	Trial1	1.97683465895405
37	83-0548	UME_081104_P42_WB04_1	1	UME_081104_P42_WB04	772097.7	7095826.7	772100.528	7095823.656	148	106	772100.528	7095823.967	6.466	15.668	0.015100326	0.485937	0.595917384	0.074287697	18	1073	4.199743298	64.85	53989.44049	Trial1	Trial1	1.82894913720245
37	83-0548	UME_081104_P42_WB04_2	2	UME_081104_P42_WB04	772095.7	7095826.7	772098.5269	7095823.699	146	106	772098.599	7095824.009	11.124	16.956	0.132239994	2.2441762	0.413165612	0.10378079	18	1072	-1	-1	67926.02882	Trial1	Trial1	2.06555430538581
37	83-0548	UME_081104_P42_WB04_3	3	UME_081104_P42_WB04	772093.7	7095826.7	772096.5258	7095823.742	144	106	772096.566	7095824.134	11.604	18.02	0.069509804	1.4004739	0.494638035	0.146386606	18	1071	-1	-1	76114.42138	Trial1	Trial1	1.95446419675843
54	83-0858	UME_081104_P42_WB05_3	3	UME_081104_P42_WB05	772015.7	7095838.7	772018.7417	7095837.429	66	118	772019.109	7095837.445	12.749	21.528	0.057095979	1.5569048	0.503903559	0.23383792	16	877	-1	-1	111718.5986	Trial1	Trial1	1.90615379159915
54	83-0858	UME_081104_P42_WB05_2	2	UME_081104_P42_WB05	772017.7	7095838.7	772020.7428	7095837.386	68	118	772020.993	7095837.389	8.759	19.343	0.015105304	0.5452341	0.558430399	0.1437254	16	874	3.932644672	72.7	85404.65563	Trial1	Trial1	1.76827516887787
57	83-0917	UME_081104_P42_WB07_3	3	UME_081104_P42_WB07	771997.7	7095830.7	772000.5594	7095829.813	48	110	772000.642	7095829.817	11.486	21.186	0.389119444	8.2945076	0.320387703	0.129732361	18	999	-1	-1	104988.0764	Trial1	Trial1	2.80832343158349
57	83-0917	UME_081104_P42_WB07_1	1	UME_081104_P42_WB07	772001.7	7095830.7	772004.5615	7095829.727	52	110	772004.767	7095829.795	10.825	18.295	0.025166893	1.1401672	0.469765658	0.133676006	18	997	3.844980499	71.85	81335.27988	Trial1	Trial1	1.85246974487328
57	83-0917	UME_081104_P42_WB07_2	2	UME_081104_P42_WB07	771999.7	7095830.7	772002.5605	7095829.77	50	110	772002.596	7095829.79	6.938	20.114	0.04562924	1.8500943	0.562073014	0.123912121	18	996	-1	-1	97003.97412	Trial1	Trial1	1.9474757895279
39	83-0560	UME_081104_P42_WB08_2	2	UME_081104_P42_WB08	772095.7	7095874.7	772099.5615	7095871.725	146	154	772099.677	7095872.126	10.164	15.848	0.029893736	0.6604044	0.674537725	0.1352465	6	261	3.778410071	61.7	60926.70022	Trial1	Trial1	1.58947276998362
39	83-0560	UME_081104_P42_WB08_3	3	UME_081104_P42_WB08	772093.7	7095874.7	772097.5604	7095871.768	144	154	772097.621	7095872.21	9.843	17.835	0.009209627	1.0405347	0.421018679	0.101750427	6	255	-1	-1	65812.1138	Trial1	Trial1	1.64503790927794
43	83-0651	UME_081104_P42_WB09_1	1	UME_081104_P42_WB09	772073.7	7095870.7	772077.4632	7095868.197	124	150	772077.744	7095868.639	11.968	23.01	0.088600349	3.0302492	0.379149145	0.188696754	8	374	5.127982037	85.375	123332.0629	Trial1	Trial1	2.03442891181389
43	83-0651	UME_081104_P42_WB09_2	2	UME_081104_P42_WB09	772071.7	7095870.7	772075.4621	7095868.24	122	150	772075.742	7095868.622	11.836	21.346	0.018684191	0.8713817	0.544255941	0.230537671	8	373	-1	-1	122629.6383	Trial1	Trial1	1.74965464719098
43	83-0651	UME_081104_P42_WB09_3	3	UME_081104_P42_WB09	772069.7	7095870.7	772073.461	7095868.283	120	150	772073.813	7095868.64	9.04	19.914	0.032478542	0.9778868	0.490675532	0.138155445	8	372	-1	-1	88799.35293	Trial1	Trial1	1.76776617249315
43	83-0606	UME_081104_P42_WB10_2	2	UME_081104_P42_WB10	772083.7	7095874.7	772087.5549	7095871.984	134	154	772088.012	7095872.326	9.842	18.294	0.023373614	0.9521439	0.642995751	0.16634211	6	248	4.673599761	59.6	88832.30403	Trial1	Trial1	1.72974415689199
43	83-0606	UME_081104_P42_WB10_3	3	UME_081104_P42_WB10	772081.7	7095874.7	772085.5538	7095872.027	132	154	772086.027	7095872.309	11.143	16.79	0.084626178	3.3312757	0.263023375	0.064887451	6	243	-1	-1	60523.78401	Trial1	Trial1	2.05158434494299
63	Eb39	UME_081104_P42_WB11_1	1	UME_081104_P42_WB11	771983.7	7095862.7	771987.2414	7095862.132	34	142	771987.586	7095861.99	6.474	15.469	0.039301358	2.4027174	0.409372982	0.049809461	10	432	-1	-1	42174.82395	Trial1	Trial1	2.01928711298296
63	Eb39	UME_081104_P42_WB11_3	3	UME_081104_P42_WB11	771979.7	7095862.7	771983.2392	7095862.219	30	142	771983.464	7095862.08	8.738	16.069	0.030131784	1.7734354	0.487248157	0.086339162	10	430	3.919646856	60.975	60123.45336	Trial1	Trial1	1.9236359653571
63	Eb39	UME_081104_P42_WB11_2	2	UME_081104_P42_WB11	771981.7	7095862.7	771985.2403	7095862.175	32	142	771985.485	7095862.025	8.343	15.615	0.0077059	0.6506925	0.502475551	0.080284406	10	429	-1	-1	60941.82255	Trial1	Trial1	1.77950592750626
55	83-0837	UME_081104_P42_WB12_1	1	UME_081104_P42_WB12	772025.7	7095878.7	772029.6093	7095877.236	76	158	772029.66	7095877.076	12.081	19.058	0.059536744	1.365021	0.424970513	0.146448984	6	210	-1	-1	90691.08532	Trial1	Trial1	1.89716291381958
55	83-0837	UME_081104_P42_WB12_3	3	UME_081104_P42_WB12	772021.7	7095878.7	772025.6071	7095877.322	72	158	772025.769	7095877.213	12.706	26.148	0.056527366	2.1647919	0.421047635	0.287282165	6	201	4.590884899	86.5	167515.4568	Trial1	Trial1	2.01042444371691
4	81-0053	UME_081104_P42_WC02_1	1	UME_081104_P42_WC02	772091.7	7095804.7	772094.0506	7095801.773	142	84	772093.967	7095802.159	11.051	21.207	0.250346034	8.6455813	0.287019269	0.112035782	24	1500	-1	-1	99066.93854	Trial1	Trial1	2.72721105627967
4	81-0053	UME_081104_P42_WC02_2	2	UME_081104_P42_WC02	772089.7	7095804.7	772092.0495	7095801.816	140	84	772092.07	7095802.068	12.061	19.036	0.043051612	1.5504937	0.371800865	0.127629788	24	1498	3.338490392	61.875	80756.21926	Trial1	Trial1	1.77953382696723
4	81-0053	UME_081104_P42_WC02_3	3	UME_081104_P42_WC02	772087.7	7095804.7	772090.0484	7095801.859	138	84	772089.991	7095802.159	7.707	18.499	0.018305169	0.9397828	0.516016563	0.106880967	24	1493	-1	-1	80530.00509	Trial1	Trial1	1.69834306127082
45	83-0686	UME_081104_P42_WC03_2	2	UME_081104_P42_WC03	772059.7	7095826.7	772062.5072	7095824.475	110	106	772062.696	7095824.637	9.419	14.25	0.043082506	0.7810127	0.471918421	0.07088711	18	1040	-1	-1	47365.94333	Trial1	Trial1	1.87979242531374
45	83-0686	UME_081104_P42_WC03_1	1	UME_081104_P42_WC03	772061.7	7095826.7	772064.5083	7095824.431	112	106	772064.682	7095824.678	11.882	20.941	0.027243863	1.1249013	0.475770296	0.19470837	18	1036	4.935503446	86.8	103423.7218	Trial1	Trial1	1.92271297445805
58	83-0873	UME_081104_P42_WC05_1	1	UME_081104_P42_WC05	772013.7	7095838.7	772016.7406	7095837.473	64	118	772016.97	7095837.486	11.864	19.244	0.032681801	1.5593281	0.551083869	0.190158693	16	870	4.301906948	76.925	90585.31269	Trial1	Trial1	1.78067380712503
58	83-0873	UME_081104_P42_WC05_2	2	UME_081104_P42_WC05	772011.7	7095838.7	772014.7395	7095837.516	62	118	772014.896	7095837.583	8.036	12.052	0.021348337	1.1121787	0.52403157	0.048039117	16	865	-1	-1	34191.45503	Trial1	Trial1	1.72307376640448
58	83-0873	UME_081104_P42_WC05_3	3	UME_081104_P42_WC05	772009.7	7095838.7	772012.7384	7095837.559	60	118	772012.943	7095837.64	11.292	18.332	0.01811577	1.3134455	0.468047954	0.139491936	16	864	-1	-1	75525.71265	Trial1	Trial1	1.75180666948183
50	83-0767	UME_081104_P42_WC07_1	1	UME_081104_P42_WC07	772043.7	7095834.7	772046.6708	7095832.824	94	114	772046.762	7095832.838	6.101	12.597	0.044658861	1.8052101	0.536424157	0.040786057	16	900	-1	-1	34664.86931	Trial1	Trial1	1.95720159935684
50	83-0767	UME_081104_P42_WC07_2	2	UME_081104_P42_WC07	772041.7	7095834.7	772044.6697	7095832.867	92	114	772044.736	7095833.038	9.145	16.367	0.052895923	0.8995854	0.542426955	0.104366885	16	896	4.802759272	54.025	60641.31576	Trial1	Trial1	1.84051923712703
50	83-0767	UME_081104_P42_WC07_3	3	UME_081104_P42_WC07	772039.7	7095834.7	772042.6686	7095832.91	90	114	772042.599	7095833.103	7.527	14.05	0.066567243	1.120515	0.737791273	0.086093051	16	895	-1	-1	44457.13449	Trial1	Trial1	1.87438443964595
59	83-0882	UME_081104_P42_WC08_1	1	UME_081104_P42_WC08	772013.7	7095874.7	772017.5165	7095873.492	64	154	772017.771	7095873.344	12.3	24.227	0.173101788	6.0191738	0.372515163	0.211225905	6	195	-1	-1	138924.8073	Trial1	Trial1	2.51681453320365
59	83-0882	UME_081104_P42_WC08_3	3	UME_081104_P42_WC08	772009.7	7095874.7	772013.5143	7095873.579	60	154	772013.238	7095874.181	12.735	11.892	0.012549542	0.5200034	1.242243719	0.17571955	6	192	-1	-1	40472.66401	Trial1	Trial1	1.78501189565728
59	83-0882	UME_081104_P42_WC08_2	2	UME_081104_P42_WC08	772011.7	7095874.7	772015.5154	7095873.535	62	154	772015.836	7095873.42	10.627	23.749	0.037137641	1.322591	0.600717428	0.282777733	6	188	5.984217934	99.9	138827.0092	Trial1	Trial1	1.89090646033846
55	83-0836	UME_081104_P42_WC09_1	1	UME_081104_P42_WC09	772025.7	7095874.7	772029.523	7095873.234	76	154	772029.713	7095873.091	12.391	21.947	0.091024642	1.7995825	0.473044264	0.221747132	6	203	4.452870992	86.25	123344.302	Trial1	Trial1	1.9593581419218
55	83-0836	UME_081104_P42_WC09_2	2	UME_081104_P42_WC09	772023.7	7095874.7	772027.5219	7095873.277	74	154	772027.662	7095873.176	12.28	22.025	0.073313387	1.7079404	0.492642812	0.230497737	6	202	-1	-1	119398.8735	Trial1	Trial1	1.95051777288519
55	83-0836	UME_081104_P42_WC09_3	3	UME_081104_P42_WC09	772021.7	7095874.7	772025.5209	7095873.32	72	154	772025.791	7095873.293	8.534	21.605	0.023695026	0.7556064	0.568455767	0.177850295	6	200	-1	-1	111861.5391	Trial1	Trial1	1.82633267090052
55	83-0832	UME_081104_P42_WC10_2	2	UME_081104_P42_WC10	772023.7	7095858.7	772027.1771	7095857.268	74	138	772027.301	7095857.301	11.954	22.16	0.094300407	3.2968205	0.686924355	0.316714259	10	464	-1	-1	148369.6578	Trial1	Trial1	2.17731168667854
55	83-0832	UME_081104_P42_WC10_3	3	UME_081104_P42_WC10	772021.7	7095858.7	772025.176	7095857.311	72	138	772025.322	7095857.218	5.542	17.296	0.041805444	1.3878783	0.716980575	0.093345126	10	460	-1	-1	77641.85902	Trial1	Trial1	1.92551518989697
63	Eb35	UME_081104_P42_WC11_1	1	UME_081104_P42_WC11	771983.7	7095874.7	771987.5	7095874.139	34	154	771987.963	7095874.04	10.607	22.285	0.034905561	1.4133813	0.50967945	0.210856519	6	167	-1	-1	116707.8079	Trial1	Trial1	1.86466975481982
63	Eb35	UME_081104_P42_WC11_2	2	UME_081104_P42_WC11	771981.7	7095874.7	771985.4989	7095874.182	32	154	771985.75	7095873.976	6.086	14.402	0.050469603	1.7948341	0.696939271	0.069100095	6	160	-1	-1	54566.40155	Trial1	Trial1	1.90888699567349
63	Eb35	UME_081104_P42_WC11_3	3	UME_081104_P42_WC11	771979.7	7095874.7	771983.4978	7095874.225	30	154	771983.885	7095874.041	10.349	21.652	0.029706135	1.2279	0.508906438	0.193930139	6	159	5.320266194	93.175	111456.904	Trial1	Trial1	1.82617478869559
64	Bg51	UME_081104_P42_WC12_1	1	UME_081104_P42_WC12	771983.7	7095882.7	771987.6724	7095882.143	34	162	771988.557	7095882.157	6.505	18.507	0.066840269	2.1815398	0.611661345	0.10703074	4	36	5.322550153	77.75	84674.02515	Trial1	Trial1	1.92820028661474
8	83-0080	UME_081104_P42_WD02_1	1	UME_081104_P42_WD02	772073.7	7095804.7	772076.0407	7095802.161	124	84	772076.069	7095802.392	10.132	21.864	0.032314859	1.5398349	0.448724837	0.170699225	24	1484	-1	-1	112961.8091	Trial1	Trial1	1.8729034667392
8	83-0080	UME_081104_P42_WD02_2	2	UME_081104_P42_WD02	772071.7	7095804.7	772074.0396	7095802.204	122	84	772073.955	7095802.448	7.285	25.483	0.038279064	1.5535475	0.521864507	0.193905668	24	1483	5.771594531	109.375	152645.9121	Trial1	Trial1	1.87604815615686
8	83-0080	UME_081104_P42_WD02_3	3	UME_081104_P42_WD02	772069.7	7095804.7	772072.0385	7095802.247	120	84	772072.093	7095802.462	6.802	21.818	0.057469686	2.2665895	0.71611633	0.182116377	24	1482	-1	-1	140814.7599	Trial1	Trial1	1.97277936295066
61	83-0962	UME_081104_P42_WD03_2	2	UME_081104_P42_WD03	771987.7	7095826.7	771990.4677	7095826.026	38	106	771990.408	7095826.166	8.066	14.052	0.083359119	1.9017672	0.636700085	0.079645805	18	986	-1	-1	45918.55816	Trial1	Trial1	1.98461831451044
61	83-0962	UME_081104_P42_WD03_1	1	UME_081104_P42_WD03	771989.7	7095826.7	771992.4688	7095825.983	40	106	771992.725	7095826.012	9.328	12.378	0.029726457	1.2093751	0.514787613	0.057783299	18	983	4.934258144	66.15	36643.06491	Trial1	Trial1	1.89380090496189
37	83-0585	UME_081104_P42_WD04_1	1	UME_081104_P42_WD04	772091.7	7095826.7	772094.5247	7095823.785	142	106	772094.584	7095824.1	9.462	15.959	0.061409218	1.8733408	0.716871184	0.135683785	18	1068	3.795323805	64.6	58878.01331	Trial1	Trial1	2.0192713400287
37	83-0585	UME_081104_P42_WD04_2	2	UME_081104_P42_WD04	772089.7	7095826.7	772092.5236	7095823.828	140	106	772092.774	7095824.052	8.57	16.223	0.014482038	0.4657171	0.56474998	0.100045007	18	1065	-1	-1	64277.75437	Trial1	Trial1	1.83279682688463
37	83-0585	UME_081104_P42_WD04_3	3	UME_081104_P42_WD04	772087.7	7095826.7	772090.5225	7095823.871	138	106	772090.642	7095824.122	10.173	15.986	0.03339023	1.3738655	0.448384176	0.091553779	18	1064	-1	-1	56830.12899	Trial1	Trial1	1.9557579219293
56	83-0838	UME_081104_P42_WD06_1	1	UME_081104_P42_WD06	772025.7	7095882.7	772029.6955	7095881.238	76	162	772030.015	7095881.232	11.326	17.501	0.076385785	1.4858453	0.560412663	0.152693857	4	73	4.000820383	70.2	74163.46688	Trial1	Trial1	1.99139757532077
56	83-0838	UME_081104_P42_WD06_2	2	UME_081104_P42_WD06	772023.7	7095882.7	772027.6944	7095881.281	74	162	772027.872	7095881.441	12.48	18.536	0.040678859	1.2491275	0.688004474	0.231691263	4	71	-1	-1	89069.76149	Trial1	Trial1	1.96313458615193
56	83-0838	UME_081104_P42_WD06_3	3	UME_081104_P42_WD06	772021.7	7095882.7	772025.6933	7095881.324	72	162	772025.85	7095881.291	6.866	16.114	0.054675234	1.5720946	0.710976943	0.099552064	4	68	-1	-1	61327.54681	Trial1	Trial1	2.00925470001299
66	Y3028	UME_081104_P42_WD07_1	1	UME_081104_P42_WD07	771965.7	7095834.7	771968.628	7095834.505	16	114	771968.768	7095834.445	7.271	15.463	0.050128812	1.7014003	0.594796132	0.081217939	16	829	-1	-1	62759.3164	Trial1	Trial1	1.97322208382179
66	Y3028	UME_081104_P42_WD07_2	2	UME_081104_P42_WD07	771963.7	7095834.7	771966.6269	7095834.548	14	114	771966.86	7095834.471	12.392	18.823	0.029160698	1.1878589	0.465953458	0.160683482	16	828	5.547174899	83.275	87130.72064	Trial1	Trial1	1.90114169095503
66	Y3028	UME_081104_P42_WD07_3	3	UME_081104_P42_WD07	771961.7	7095834.7	771964.6258	7095834.591	12	114	771965.137	7095834.302	7.804	10.712	0.019550973	1.3816621	0.465438118	0.032734111	16	822	-1	-1	23533.74485	Trial1	Trial1	1.92365425286462
56	83-0847	UME_081104_P42_WD09_1	1	UME_081104_P42_WD09	772019.7	7095882.7	772023.6922	7095881.367	70	162	772024.087	7095881.327	9.273	17.05	0.018324569	0.5810288	0.603201929	0.12770701	4	66	4.408321054	77.35	67786.29338	Trial1	Trial1	1.8794340892481
56	83-0847	UME_081104_P42_WD09_2	2	UME_081104_P42_WD09	772017.7	7095882.7	772021.6911	7095881.41	68	162	772021.953	7095881.303	12.456	25.431	0.030837918	1.4637839	0.647142095	0.409445564	4	65	-1	-1	177084.9001	Trial1	Trial1	1.99965728133701
56	83-0847	UME_081104_P42_WD09_3	3	UME_081104_P42_WD09	772015.7	7095882.7	772019.69	7095881.454	66	162	772019.904	7095881.391	11.872	22.851	0.031828987	1.1060294	0.472273605	0.22995039	4	61	-1	-1	123330.8477	Trial1	Trial1	1.95380309708245
67	83-1067	UME_081104_P42_WD10_1	1	UME_081104_P42_WD10	771965.7	7095878.7	771969.5763	7095878.529	16	158	771969.802	7095878.159	13.751	31.308	0.061943323	2.2070902	0.444302739	0.470341973	6	155	-1	-1	219806.6517	Trial1	Trial1	1.93018000045008
67	83-1067	UME_081104_P42_WD10_2	2	UME_081104_P42_WD10	771963.7	7095878.7	771967.5752	7095878.572	14	158	771967.95	7095878.329	9.203	17.389	0.061518038	2.4828092	0.49559572	0.108319944	6	154	-1	-1	74105.2942	Trial1	Trial1	1.95984867916769
67	83-1067	UME_081104_P42_WD10_3	3	UME_081104_P42_WD10	771961.7	7095878.7	771965.5741	7095878.615	12	158	771965.851	7095878.323	13.302	24.215	0.053262102	1.9424578	0.539145959	0.330292777	6	148	6.113673544	122.125	176769.4964	Trial1	Trial1	1.88067846032228
71	83-1110	UME_081104_P42_WD11_1	1	UME_081104_P42_WD11	771953.7	7095866.7	771957.3111	7095866.781	4	146	771957.567	7095866.673	10.993	23.052	0.04202402	1.8327237	0.578800041	0.265544532	8	264	5.032526469	97.7	138075.6474	Trial1	Trial1	1.87595884206844
71	83-1110	UME_081104_P42_WD11_2	2	UME_081104_P42_WD11	771951.7	7095866.7	771955.31	7095866.824	2	146	771955.614	7095866.535	11.211	23.384	0.037032521	1.7467412	0.457845245	0.220448252	8	263	-1	-1	125308.914	Trial1	Trial1	1.85910801318832
71	83-1110	UME_081104_P42_WD11_3	3	UME_081104_P42_WD11	771949.7	7095866.7	771953.3089	7095866.867	0	146	771952.591	7095866.615	5.557	14.294	0.039893596	1.7328403	0.448374922	0.039983799	8	262	-1	-1	37318.00409	Trial1	Trial1	1.85191373686568
60	83-0930	UME_081104_P42_WD12_1	1	UME_081104_P42_WD12	772001.7	7095882.7	772005.6823	7095881.755	52	162	772005.845	7095881.571	10.073	19.998	0.071328512	2.9954361	0.472522363	0.149504363	4	49	-1	-1	95879.25932	Trial1	Trial1	2.16482919551507
60	83-0930	UME_081104_P42_WD12_2	2	UME_081104_P42_WD12	771999.7	7095882.7	772003.6812	7095881.798	50	162	772003.871	7095881.597	7.655	8.387	0.042993796	1.4375131	0.549297675	0.023230882	4	48	-1	-1	17859.85531	Trial1	Trial1	1.95498456904504
60	83-0930	UME_081104_P42_WD12_3	3	UME_081104_P42_WD12	771997.7	7095882.7	772001.6801	7095881.842	48	162	772001.959	7095881.703	11.661	19.45	0.03030155	0.9735649	0.543861063	0.188423561	4	47	5.045033072	96.05	92869.49518	Trial1	Trial1	1.89051886602538
20	83-0255	UME_081104_P42_WE01_1	1	UME_081104_P42_WE01	772025.7	7095800.7	772027.9281	7095799.193	76	80	772027.811	7095799.278	3.479	9.11	0.128796687	5.2099548	0.933755046	0.021172856	24	1431	-1	-1	20104.50958	Trial1	Trial1	2.41243981714518
20	83-0255	UME_081104_P42_WE01_3	3	UME_081104_P42_WE01	772021.7	7095800.7	772023.9259	7095799.279	72	80	772024.001	7095799.451	9.12	15.028	0.035175214	1.685016	0.620115844	0.100315285	24	1427	-1	-1	63841.82256	Trial1	Trial1	1.94445404966525
20	83-0255	UME_081104_P42_WE01_2	2	UME_081104_P42_WE01	772023.7	7095800.7	772025.927	7095799.236	74	80	772026.034	7095799.226	10.701	20.717	0.051376424	2.0800349	0.455108531	0.164165794	24	1426	5.021961009	71.225	95501.0727	Trial1	Trial1	1.99574428318555
8	83-0079	UME_081104_P42_WE02_2	2	UME_081104_P42_WE02	772071.7	7095800.7	772073.9534	7095798.202	122	80	772073.898	7095798.474	12.249	22.334	0.043356191	1.4564213	0.472120125	0.226550023	24	1480	-1	-1	126307.2362	Trial1	Trial1	1.87334632705383
8	83-0079	UME_081104_P42_WE02_1	1	UME_081104_P42_WE02	772073.7	7095800.7	772075.9545	7095798.159	124	80	772075.98	7095798.42	11.816	23.582	0.035895998	1.7332637	0.454467815	0.234536334	24	1479	4.62148183	94.975	132671.4797	Trial1	Trial1	1.90930253920936
50	83-0735	UME_081104_P42_WE03_1	1	UME_081104_P42_WE03	772049.7	7095838.7	772052.7603	7095836.697	100	118	772052.871	7095836.624	8.017	18.437	0.115581433	3.4580926	0.550569534	0.117838479	16	906	-1	-1	73653.1702	Trial1	Trial1	2.15932709561294
50	83-0735	UME_081104_P42_WE03_2	2	UME_081104_P42_WE03	772047.7	7095838.7	772050.7592	7095836.74	98	118	772050.863	7095836.71	13.397	23.257	0.037554262	2.1796635	0.475237628	0.270472296	16	903	-1	-1	144902.5524	Trial1	Trial1	1.99283851348249
50	83-0735	UME_081104_P42_WE03_3	3	UME_081104_P42_WE03	772045.7	7095838.7	772048.7581	7095836.783	96	118	772048.929	7095836.729	10.535	22.258	0.035170439	1.3632609	0.535188187	0.219388163	16	901	5.145708911	88.325	120527.5812	Trial1	Trial1	1.888175194382
49	83-0732	UME_081104_P42_WE04_2	2	UME_081104_P42_WE04	772047.7	7095826.7	772050.5006	7095824.733	98	106	772050.567	7095824.798	13.03	24.259	0.175979436	3.8656232	0.316289205	0.190481128	18	1034	-1	-1	147972.2695	Trial1	Trial1	2.21479738415623
49	83-0732	UME_081104_P42_WE04_1	1	UME_081104_P42_WE04	772049.7	7095826.7	772052.5017	7095824.69	100	106	772052.482	7095824.786	7.935	16.266	0.035542857	1.1564838	0.4735257	0.078078664	18	1030	-1	-1	60610.48038	Trial1	Trial1	1.84915214748457
49	83-0732	UME_081104_P42_WE04_3	3	UME_081104_P42_WE04	772045.7	7095826.7	772048.4995	7095824.776	96	106	772048.515	7095824.789	9.654	21.704	0.012784042	0.4568493	0.560456021	0.200184692	18	1027	5.267941033	91.85	109847.7641	Trial1	Trial1	1.76306734034343
66	83-1042	UME_081104_P42_WE05_1	1	UME_081104_P42_WE05	771971.7	7095838.7	771974.7175	7095838.378	22	118	771974.871	7095838.065	11.804	21.156	0.085699143	3.1725153	0.49527904	0.205520156	16	833	3.079394195	53.925	110343.6894	Trial1	Trial1	2.17206721061746
60	83-0893	UME_081104_P42_WE06_2	2	UME_081104_P42_WE06	772005.7	7095882.7	772009.6845	7095881.669	56	162	772010.051	7095881.97	13.593	25.329	0.109555997	1.3107303	0.308093844	0.21102472	4	64	-1	-1	133126.0996	Trial1	Trial1	1.94100900104581
60	83-0893	UME_081104_P42_WE06_1	1	UME_081104_P42_WE06	772007.7	7095882.7	772011.6856	7095881.626	58	162	772011.981	7095881.956	13.961	25.8	0.048628839	1.4986724	0.690053416	0.50363882	4	57	5.807550566	91.125	164731.5094	Trial1	Trial1	1.96592890426595
60	83-0893	UME_081104_P42_WE06_3	3	UME_081104_P42_WE06	772003.7	7095882.7	772007.6834	7095881.712	54	162	772008.054	7095881.873	4.689	21.862	0.029152517	0.8869684	0.802848327	0.141310657	4	53	-1	-1	113817.0167	Trial1	Trial1	1.88405659197395
55	83-0802	UME_081104_P42_WE08_1	1	UME_081104_P42_WE08	772031.7	7095878.7	772035.6125	7095877.107	82	158	772035.87	7095877.038	11.633	21.342	0.051920663	0.9821649	0.48442293	0.201578684	6	211	-1	-1	110812.1468	Trial1	Trial1	1.83326387661486
55	83-0802	UME_081104_P42_WE08_2	2	UME_081104_P42_WE08	772029.7	7095878.7	772033.6115	7095877.15	80	158	772033.783	7095877.098	12.423	18.362	0.013590814	0.5129144	0.507371865	0.166905582	6	208	4.736643709	73.6	82427.15783	Trial1	Trial1	1.77524308037096
55	83-0802	UME_081104_P42_WE08_3	3	UME_081104_P42_WE08	772027.7	7095878.7	772031.6104	7095877.193	78	158	772031.801	7095877.149	5.879	17.017	0.038537043	1.240961	0.893380073	0.119444652	6	207	-1	-1	68429.15754	Trial1	Trial1	1.87677647832526
68	83-1068	UME_081104_P42_WE09_1	1	UME_081104_P42_WE09	771965.7	7095882.7	771969.6625	7095882.531	16	162	771969.938	7095882.444	11.874	27.205	0.041861547	1.4754658	0.425189817	0.29348409	4	22	-1	-1	172780.1559	Trial1	Trial1	2.01045237600383
68	83-1068	UME_081104_P42_WE09_2	2	UME_081104_P42_WE09	771963.7	7095882.7	771967.6614	7095882.574	14	162	771967.529	7095882.284	12.834	34.866	0.012416269	0.4109897	1.044622313	1.280016924	4	21	6.433494034	127.65	342577.0973	Trial1	Trial1	1.86070427067808
47	83-0667	UME_081104_P42_WE10_2	2	UME_081104_P42_WE10	772065.7	7095866.7	772069.3726	7095864.367	116	146	772069.605	7095864.688	6.965	17.437	0.13041697	5.2929968	0.59381216	0.098763846	8	366	-1	-1	73564.22616	Trial1	Trial1	2.37112333689279
47	83-0667	UME_081104_P42_WE10_1	1	UME_081104_P42_WE10	772067.7	7095866.7	772071.3737	7095864.324	118	146	772071.498	7095864.52	8.987	17.234	0.040826305	1.6009254	0.457005051	0.095802202	8	365	-1	-1	69811.50905	Trial1	Trial1	1.87355264163691
47	83-0667	UME_081104_P42_WE10_3	3	UME_081104_P42_WE10	772063.7	7095866.7	772067.3715	7095864.41	114	146	772067.488	7095864.698	10.276	22.898	0.046185155	1.9673921	0.580381091	0.245602032	8	364	4.810131045	90.625	138241.4009	Trial1	Trial1	1.93130205371412
52	83-0755	UME_081104_P42_WE11_3	3	UME_081104_P42_WE11	772039.7	7095882.7	772043.7032	7095880.936	90	162	772044.227	7095881.15	10.507	20.684	0.072678592	1.3115688	0.435276575	0.153672005	4	86	5.075998981	87.925	96645.19491	Trial1	Trial1	1.77977230562689
24	83-0297	UME_081104_P42_WF01_1	1	UME_081104_P42_WF01	772013.7	7095792.7	772015.7491	7095791.447	64	72	772015.839	7095791.411	12.386	25.481	0.038293835	0.7598352	0.427541999	0.270034735	26	1584	5.565833705	92.25	160845.1645	Trial1	Trial1	1.80994674520115
24	83-0297	UME_081104_P42_WF01_2	2	UME_081104_P42_WF01	772011.7	7095792.7	772013.748	7095791.49	62	72	772013.932	7095791.49	10.945	20.679	0.017718823	0.7201161	0.531651855	0.19542357	26	1578	-1	-1	105099.8601	Trial1	Trial1	1.70097424823459
24	83-0297	UME_081104_P42_WF01_3	3	UME_081104_P42_WF01	772009.7	7095792.7	772011.7469	7095791.534	60	72	772011.738	7095791.568	10.458	19.623	0.014453774	0.5563402	0.556854859	0.17612534	26	1577	-1	-1	93252.58426	Trial1	Trial1	1.83368430945362
24	83-0297	UME_081104_P42_WF01_1	1	UME_081104_P42_WF01	772001.7	7095796.7	772003.8288	7095795.708	52	76	772003.232	7095795.557	6.77	8.379	0.05096602	1.3360318	0.619660996	0.023134247	26	1570	5.565833705	92.25	17216.63499	Trial1	Trial1	1.80994674520115
24	83-0297	UME_081104_P42_WF01_3	3	UME_081104_P42_WF01	771997.7	7095796.7	771999.8266	7095795.794	48	76	771999.656	7095795.79	9.133	12.312	0.091512457	1.7062	0.467463257	0.050830194	26	1569	-1	-1	34517.27258	Trial1	Trial1	1.83368430945362
24	83-0297	UME_081104_P42_WF01_2	2	UME_081104_P42_WF01	771999.7	7095796.7	772001.8277	7095795.751	50	76	772001.636	7095795.754	8.907	12.379	0.011553044	0.4342129	0.490890117	0.052622417	26	1568	-1	-1	35703.32856	Trial1	Trial1	1.70097424823459
16	83-0168	UME_081104_P42_WF02_1	1	UME_081104_P42_WF02	772049.7	7095804.7	772052.0275	7095802.678	100	84	772051.982	7095802.813	12.867	26.159	0.090612606	3.7335006	0.325870417	0.225346369	24	1460	5.172667758	101.025	162428.1905	Trial1	Trial1	2.22595449527912
16	83-0168	UME_081104_P42_WF02_2	2	UME_081104_P42_WF02	772047.7	7095804.7	772050.0264	7095802.721	98	84	772050.024	7095802.818	7.537	24.741	0.047802523	1.8845516	0.405960856	0.147110587	24	1459	-1	-1	129035.2329	Trial1	Trial1	1.98107664250459
16	83-0168	UME_081104_P42_WF02_3	3	UME_081104_P42_WF02	772045.7	7095804.7	772048.0253	7095802.764	96	84	772047.978	7095802.803	12.043	25.248	0.065460917	1.8749327	0.338246154	0.203942432	24	1457	-1	-1	153196.1813	Trial1	Trial1	1.98198758839512
49	83-0769	UME_081104_P42_WF03_1	1	UME_081104_P42_WF03	772043.7	7095826.7	772046.4984	7095824.819	94	106	772046.541	7095824.857	13.499	25.656	0.116829923	2.4777792	0.330048364	0.230325613	18	1029	-1	-1	151416.1949	Trial1	Trial1	2.0369169146671
49	83-0769	UME_081104_P42_WF03_2	2	UME_081104_P42_WF03	772041.7	7095826.7	772044.4973	7095824.862	92	106	772044.623	7095824.979	12.397	24.03	0.028713213	0.7817076	0.377761231	0.212395405	18	1025	5.706941903	86.85	137111.9542	Trial1	Trial1	1.81415787007801
41	83-0630	UME_081104_P42_WF04_1	1	UME_081104_P42_WF04	772079.7	7095830.7	772082.6044	7095828.046	130	110	772082.652	7095828.284	10.837	18.461	0.086007192	3.4453439	0.432895491	0.125568727	18	1054	-1	-1	79761.14369	Trial1	Trial1	2.15896538050148
41	83-0630	UME_081104_P42_WF04_2	2	UME_081104_P42_WF04	772077.7	7095830.7	772080.6033	7095828.089	128	110	772080.657	7095828.388	11.379	17.662	0.023653647	1.2346658	0.483273137	0.134723916	18	1053	-1	-1	78043.52568	Trial1	Trial1	1.86547535209766
41	83-0630	UME_081104_P42_WF04_3	3	UME_081104_P42_WF04	772075.7	7095830.7	772078.6022	7095828.132	126	110	772078.692	7095828.453	7.859	11.077	0.025514064	0.7840426	0.543587372	0.041169247	18	1052	-1	-1	29718.04872	Trial1	Trial1	1.8072403847185
58	83-0872	UME_081104_P42_WF05_1	1	UME_081104_P42_WF05	772013.7	7095834.7	772016.6543	7095833.47	64	114	772017.075	7095833.628	4.503	15.696	0.017875929	0.5913315	0.817994607	0.071276013	16	869	-1	-1	59714.14946	Trial1	Trial1	1.65469617355671
58	83-0872	UME_081104_P42_WF05_2	2	UME_081104_P42_WF05	772011.7	7095834.7	772014.6532	7095833.513	62	114	772015.032	7095833.557	10.78	20.292	0.167626841	4.6313839	0.543310246	0.189415838	16	867	-1	-1	114871.0026	Trial1	Trial1	2.19668445290615
58	83-0872	UME_081104_P42_WF05_3	3	UME_081104_P42_WF05	772009.7	7095834.7	772012.6522	7095833.557	60	114	772012.961	7095833.652	10.481	22.006	0.025309394	1.1649561	0.505842933	0.201652111	16	863	4.780770044	87.125	114978.0574	Trial1	Trial1	1.73535639534963
46	83-0689	UME_081104_P42_WF06_1	1	UME_081104_P42_WF06	772061.7	7095838.7	772064.7669	7095836.438	112	118	772064.96	7095836.664	10.478	17.484	0.030409832	1.6184436	0.464879667	0.116942515	16	914	4.053079251	67.025	68972.68264	Trial1	Trial1	1.95084593048294
46	83-0689	UME_081104_P42_WF06_2	2	UME_081104_P42_WF06	772059.7	7095838.7	772062.7658	7095836.481	110	118	772063.03	7095836.745	5.313	11.652	0.017117673	0.6599951	0.666825758	0.037778222	16	913	-1	-1	30531.14255	Trial1	Trial1	1.8263487921652
46	83-0689	UME_081104_P42_WF06_3	3	UME_081104_P42_WF06	772057.7	7095838.7	772060.7647	7095836.524	108	118	772060.879	7095836.723	3.286	7.349	0.051818785	5.9183791	0.675849914	0.009420479	16	912	-1	-1	9284.134818	Trial1	Trial1	2.53266974047227
46	83-0720	UME_081104_P42_WF07_1	1	UME_081104_P42_WF07	772055.7	7095838.7	772058.7636	7095836.567	106	118	772058.924	7095836.498	11.846	24.228	0.032659969	1.6075439	0.382518096	0.208903726	16	911	4.338530439	84.725	119231.5758	Trial1	Trial1	1.96049192835464
46	83-0720	UME_081104_P42_WF07_2	2	UME_081104_P42_WF07	772053.7	7095838.7	772056.7625	7095836.61	104	118	772056.855	7095836.526	12.489	22.845	0.042118979	1.7428628	0.390665863	0.199984886	16	907	-1	-1	113986.8653	Trial1	Trial1	1.98253119215133
43	83-0621	UME_081104_P42_WF08_3	3	UME_081104_P42_WF08	772075.7	7095866.7	772079.3781	7095864.152	126	146	772079.886	7095864.485	12.461	27.537	0.174100271	3.7553386	0.294268745	0.218377749	8	384	-1	-1	172315.1769	Trial1	Trial1	2.13427881519987
43	83-0621	UME_081104_P42_WF08_1	1	UME_081104_P42_WF08	772079.7	7095866.7	772083.3803	7095864.065	130	146	772083.732	7095864.474	12.559	23.943	0.010639452	0.430131	0.445140199	0.251706104	8	377	4.869066744	90.925	128980.2324	Trial1	Trial1	1.68342656395124
43	83-0621	UME_081104_P42_WF08_2	2	UME_081104_P42_WF08	772077.7	7095866.7	772081.3792	7095864.109	128	146	772081.87	7095864.443	7.123	12.791	0.064402101	1.9489565	0.490773622	0.044917605	8	376	-1	-1	33777.10183	Trial1	Trial1	1.88964563787418
51	83-0740	UME_081104_P42_WF09_1	1	UME_081104_P42_WF09	772049.7	7095858.7	772053.1914	7095856.708	100	138	772053.611	7095856.908	11.535	22.345	0.110457065	1.8203926	0.452719451	0.20478921	10	490	4.831868272	80.125	117361.115	Trial1	Trial1	1.87518369022306
51	83-0740	UME_081104_P42_WF09_3	3	UME_081104_P42_WF09	772045.7	7095858.7	772049.1892	7095856.794	96	138	772049.677	7095856.955	11.509	22.182	0.075375731	1.5127597	0.402377615	0.178964439	10	484	-1	-1	103961.8502	Trial1	Trial1	1.84493289037638
59	83-0896	UME_081104_P42_WF10_3	3	UME_081104_P42_WF10	772003.7	7095870.7	772007.4248	7095869.706	54	150	772007.723	7095869.689	12.521	20.42	0.126574913	1.9469967	0.404010294	0.165663694	8	317	5.311352107	78.575	91145.67589	Trial1	Trial1	1.98233837947614
55	83-0834	UME_081104_P42_WF12_1	1	UME_081104_P42_WF12	772025.7	7095866.7	772029.3506	7095865.229	76	146	772029.477	7095865.086	10.336	18.134	0.207818054	2.8313912	0.482615508	0.128837901	8	333	-1	-1	74862.55367	Trial1	Trial1	2.10373889382519
55	83-0834	UME_081104_P42_WF12_2	2	UME_081104_P42_WF12	772023.7	7095866.7	772027.3495	7095865.272	74	146	772027.423	7095865.325	11.583	17.491	0.103095607	4.4790965	0.43124749	0.120016827	8	331	5.252611386	76.675	76453.65074	Trial1	Trial1	2.32737231357752
55	83-0834	UME_081104_P42_WF12_3	3	UME_081104_P42_WF12	772021.7	7095866.7	772025.3484	7095865.315	72	146	772025.667	7095865.213	12.352	19.894	0.031408081	1.733893	0.444395211	0.170626189	8	326	-1	-1	91489.30241	Trial1	Trial1	1.96373445318778
36	83-0519	UME_081104_P42_WG02_1	1	UME_081104_P42_WG02	771953.7	7095800.7	771955.8886	7095800.745	4	80	771955.933	7095800.58	9.156	18.119	0.114036356	2.1066839	0.534012925	0.126070516	24	1360	5.716081135	72.475	83573.82178	Trial1	Trial1	1.95402312563161
36	83-0519	UME_081104_P42_WG02_2	2	UME_081104_P42_WG02	771951.7	7095800.7	771953.8875	7095800.788	2	80	771954.25	7095800.577	3.786	21.826	0.00999264	0.7515648	1.075966149	0.152412074	24	1358	-1	-1	144635.1492	Trial1	Trial1	1.77272496977254
61	W3042	UME_081104_P42_WG04_1	1	UME_081104_P42_WG04	771983.7	7095830.7	771986.5517	7095830.115	34	110	771986.738	7095830.208	11.229	19.996	0.041875302	1.857892	0.498158855	0.175671961	18	982	-1	-1	89325.02099	Trial1	Trial1	1.96860339673426
66	83-1057	UME_081104_P42_WG05_2	2	UME_081104_P42_WG05	771963.7	7095838.7	771966.7131	7095838.55	14	118	771966.888	7095838.379	12.595	22.619	0.010118572	0.7745032	0.462394127	0.234021666	16	831	-1	-1	123517.3287	Trial1	Trial1	1.83575191990644
66	83-1057	UME_081104_P42_WG05_1	1	UME_081104_P42_WG05	771965.7	7095838.7	771968.7142	7095838.507	16	118	771968.89	7095838.301	6.181	11.627	0.034917114	2.2546065	0.547176684	0.035907964	16	830	-1	-1	30905.36292	Trial1	Trial1	2.03737297473835
66	83-1057	UME_081104_P42_WG05_3	3	UME_081104_P42_WG05	771961.7	7095838.7	771964.712	7095838.593	12	118	771964.774	7095838.397	12.364	20.481	0.01789108	1.4427718	0.506381268	0.206261989	16	825	4.943368629	87.2	105918.4015	Trial1	Trial1	1.92128849008124
70	83-1103	UME_081104_P42_WG06_2	2	UME_081104_P42_WG06	771951.7	7095838.7	771954.7065	7095838.809	2	118	771954.835	7095838.465	13.314	25.797	0.201571716	3.8086633	0.41113929	0.286109197	16	820	-1	-1	166567.0104	Trial1	Trial1	2.1569846199191
70	83-1103	UME_081104_P42_WG06_3	3	UME_081104_P42_WG06	771949.7	7095838.7	771952.7054	7095838.852	0	118	771952.795	7095838.472	10.516	22.415	0.191525357	3.7769378	0.396201982	0.164403254	16	819	5.288415977	88	131066.4143	Trial1	Trial1	2.14933361967041
70	83-1103	UME_081104_P42_WG06_1	1	UME_081104_P42_WG06	771953.7	7095838.7	771956.7076	7095838.766	4	118	771956.943	7095838.478	7.535	23.291	0.031072169	1.0223654	0.580277272	0.186295198	16	818	-1	-1	126634.2227	Trial1	Trial1	1.78811950233607
71	Z3006	UME_081104_P42_WG07_3	3	UME_081104_P42_WG07	771955.7	7095870.7	771959.3984	7095870.74	6	150	771959.694	7095870.743	12.08	25.481	0.143464202	2.827198	0.474625425	0.292370829	8	275	-1	-1	139404.4683	Trial1	Trial1	1.79481447973727
71	Z3006	UME_081104_P42_WG07_2	2	UME_081104_P42_WG07	771957.7	7095870.7	771961.3995	7095870.697	8	150	771961.703	7095870.539	10.254	18.275	0.056673709	2.7970139	0.479397886	0.128939449	8	271	5.96351398	93.475	81763.01873	Trial1	Trial1	2.00356075887719
71	Z3006	UME_081104_P42_WG07_1	1	UME_081104_P42_WG07	771953.7	7095870.7	771957.3973	7095870.783	4	150	771958.012	7095870.941	6.908	6.161	0.024572682	8.104904	2.01370145	0.041467844	8	266	-1	-1	24759.26862	Trial1	Trial1	2.70120538597069
71	Z3006	UME_081104_P42_WG07_3	3	UME_081104_P42_WG07	771949.7	7095870.7	771953.3951	7095870.869	0	150	771953.819	7095870.771	10.694	19.311	0.020969421	0.9855576	0.450520396	0.141111631	8	265	-1	-1	85287.03855	Trial1	Trial1	1.79481447973727
59	83-0883	UME_081104_P42_WG08_1	1	UME_081104_P42_WG08	772013.7	7095878.7	772017.6027	7095877.494	64	158	772017.838	7095877.434	10.125	19.082	0.010620282	1.2171959	0.453849352	0.131416689	6	196	-1	-1	85193.12662	Trial1	Trial1	1.87165010158587
59	83-0883	UME_081104_P42_WG08_2	2	UME_081104_P42_WG08	772011.7	7095878.7	772015.6016	7095877.538	62	158	772015.813	7095877.351	10.155	20.612	0.019810318	1.1602262	0.459036945	0.155550924	6	190	4.301205669	84.525	102919.2211	Trial1	Trial1	1.86552711402435
39	83-0573	UME_081104_P42_WG09_1	1	UME_081104_P42_WG09	772091.7	7095874.7	772095.5593	7095871.811	142	154	772095.846	7095872.321	10.114	14.857	0.094113572	1.958262	0.51927078	0.091042924	6	253	4.565474676	52	50399.58126	Trial1	Trial1	1.77237150197306
71	Z3010	UME_081104_P42_WG10_1	1	UME_081104_P42_WG10	771959.7	7095874.7	771963.4868	7095874.656	10	154	771963.901	7095874.503	8.197	18.096	0.064758647	1.1770133	0.54361879	0.114615821	6	152	-1	-1	75778.01425	Trial1	Trial1	1.96459652561262
71	Z3010	UME_081104_P42_WG10_2	2	UME_081104_P42_WG10	771957.7	7095874.7	771961.4857	7095874.699	8	154	771961.862	7095874.626	11.024	21.714	0.060655902	1.7366318	0.471024169	0.192291842	6	149	-1	-1	110070.4828	Trial1	Trial1	1.67427651813297
71	Z3010	UME_081104_P42_WG10_3	3	UME_081104_P42_WG10	771955.7	7095874.7	771959.4846	7095874.742	6	154	771960.094	7095874.595	9.019	19.095	0.022975486	0.9950583	0.459358387	0.118640618	6	146	4.43217166	-1	86976.53261	Trial1	Trial1	1.71397318556444
71	Z3010	UME_081104_P42_WG10_1	1	UME_081104_P42_WG10	771953.7	7095874.7	771957.4835	7095874.785	4	154	771957.984	7095874.676	9.607	18.579	0.141761973	4.0828168	0.378643912	0.098612044	6	143	-1	-1	81320.53784	Trial1	Trial1	1.96459652561262
71	Z3010	UME_081104_P42_WG10_2	2	UME_081104_P42_WG10	771951.7	7095874.7	771955.4824	7095874.829	2	154	771955.933	7095874.69	9.939	23.194	0.036134784	1.1519299	0.566960918	0.238085324	6	142	-1	-1	114560.5125	Trial1	Trial1	1.67427651813297
71	Z3010	UME_081104_P42_WG10_3	3	UME_081104_P42_WG10	771949.7	7095874.7	771953.4813	7095874.872	0	154	771953.96	7095874.77	10.476	24.099	0.068671462	2.3208118	0.524485302	0.250619361	6	141	4.43217166	-1	147885.0754	Trial1	Trial1	1.71397318556444
63	89-P38	UME_081104_P42_WG11_1	1	UME_081104_P42_WG11	771989.7	7095878.7	771993.5895	7095878.012	40	158	771993.964	7095877.828	11.416	28.08	0.038542728	2.0218171	0.437146327	0.309045576	6	173	7.034289658	110.8	190074.0831	Trial1	Trial1	1.95678767902886
63	89-P38	UME_081104_P42_WG11_3	3	UME_081104_P42_WG11	771985.7	7095878.7	771989.5873	7095878.098	36	158	771989.234	7095878.191	9.546	10.071	0.010846166	0.4480241	1.330556269	0.10118689	6	169	-1	-1	30629.02506	Trial1	Trial1	1.73421096857167
67	83-1064	UME_081104_P42_WG12_1	1	UME_081104_P42_WG12	771965.7	7095866.7	771969.3177	7095866.522	16	146	771969.398	7095866.368	12.513	26.282	0.026951933	1.1175911	0.446643874	0.303202429	8	277	5.574645774	96.65	162660.3617	Trial1	Trial1	1.81737667950864
67	83-1064	UME_081104_P42_WG12_2	2	UME_081104_P42_WG12	771963.7	7095866.7	771967.3166	7095866.566	14	146	771967.361	7095866.555	8.08	9.075	0.030909341	1.9105998	0.410149753	0.021437573	8	276	-1	-1	16452.6097	Trial1	Trial1	1.91715217550735
67	83-1064	UME_081104_P42_WG12_3	3	UME_081104_P42_WG12	771961.7	7095866.7	771965.3155	7095866.609	12	146	771965.573	7095866.613	7.121	14.357	0.026577258	1.0325243	0.472493448	0.054472602	8	270	-1	-1	43573.4762	Trial1	Trial1	1.79381906526281
28	83-0387	UME_081104_P42_WH02_1	1	UME_081104_P42_WH02	771989.7	7095800.7	771991.9084	7095799.969	40	80	771991.947	7095799.981	10.317	22.251	0.08643851	1.3838274	0.483486027	0.193972513	24	1402	5.958134949	106.35	120072.3982	Trial1	Trial1	1.80650242696956
28	83-0387	UME_081104_P42_WH02_2	2	UME_081104_P42_WH02	771987.7	7095800.7	771989.9073	7095800.012	38	80	771989.866	7095800.133	8.404	19.079	0.044985896	1.5360745	0.429949596	0.103302986	24	1395	-1	-1	84872.85226	Trial1	Trial1	1.8276586924489
28	83-0387	UME_081104_P42_WH02_3	3	UME_081104_P42_WH02	771985.7	7095800.7	771987.9062	7095800.055	36	80	771987.905	7095800.15	11.161	22.702	0.076877472	2.7447129	0.354510476	0.160162143	24	1393	-1	-1	110985.2103	Trial1	Trial1	1.98984383629413
65	Y3006	UME_081104_P42_WH03_1	1	UME_081104_P42_WH03	771965.7	7095826.7	771968.4556	7095826.5	16	106	771968.477	7095826.266	7.332	17.558	0.043427026	1.1746578	0.527888929	0.093713507	18	965	4.938776562	86.175	74797.33027	Trial1	Trial1	1.81954994828304
65	Y3006	UME_081104_P42_WH03_2	2	UME_081104_P42_WH03	771963.7	7095826.7	771966.4545	7095826.544	14	106	771966.664	7095826.408	7.977	16.296	0.02361993	0.838799	0.46738319	0.077762459	18	963	-1	-1	60146.91816	Trial1	Trial1	1.77201818815951
65	Y3006	UME_081104_P42_WH03_3	3	UME_081104_P42_WH03	771961.7	7095826.7	771964.4534	7095826.587	12	106	771964.712	7095826.382	10.133	22.32	0.157661572	3.2698564	0.478150179	0.189570097	18	962	-1	-1	110132.4809	Trial1	Trial1	2.0942539548475
54	83-0859	UME_081104_P42_WH04_2	2	UME_081104_P42_WH04	772017.7	7095834.7	772020.6565	7095833.384	68	114	772020.844	7095833.461	10.02	19.135	0.059825548	1.2813452	0.514588654	0.148274302	16	876	-1	-1	91273.46961	Trial1	Trial1	1.8695959435982
54	83-0859	UME_081104_P42_WH04_1	1	UME_081104_P42_WH04	772019.7	7095834.7	772022.6576	7095833.341	70	114	772022.648	7095833.418	7.572	14.918	0.05870266	1.8069289	0.556606074	0.073664239	16	872	-1	-1	52476.65458	Trial1	Trial1	1.93689365086549
54	83-0859	UME_081104_P42_WH04_3	3	UME_081104_P42_WH04	772015.7	7095834.7	772018.6554	7095833.427	66	114	772019.048	7095833.48	12.535	26.41	0.081169462	1.580244	0.38300146	0.263000105	16	871	5.004089964	92.875	170235.062	Trial1	Trial1	1.91223098618163
42	83-0642	UME_081104_P42_WH06_1	1	UME_081104_P42_WH06	772073.7	7095834.7	772076.6873	7095832.177	124	114	772076.724	7095832.353	10.997	21.528	0.04671749	0.9973807	0.428554359	0.171534562	16	926	5.110449505	84.3	107395.7762	Trial1	Trial1	1.88226241426709
42	83-0642	UME_081104_P42_WH06_2	2	UME_081104_P42_WH06	772071.7	7095834.7	772074.6862	7095832.22	122	114	772074.738	7095832.488	7.099	10.511	0.021189424	0.5026018	0.580061488	0.035729568	16	923	-1	-1	26112.41273	Trial1	Trial1	1.8184908787076
52	83-0792	UME_081104_P42_WH07_2	2	UME_081104_P42_WH07	772035.7	7095882.7	772039.701	7095881.023	86	162	772039.924	7095881.137	11.893	23.427	0.241246566	6.6109913	0.414623456	0.212555346	4	80	4.835258289	95.875	142330.7418	Trial1	Trial1	2.49993614076539
51	83-0788	UME_081104_P42_WH09_1	1	UME_081104_P42_WH09	772037.7	7095866.7	772041.3572	7095864.971	88	146	772041.574	7095864.966	10.728	20.454	0.055922904	2.6219965	0.651829082	0.229752938	8	344	5.113927449	95.05	139760.4016	Trial1	Trial1	2.00658896115847
51	83-0788	UME_081104_P42_WH09_2	2	UME_081104_P42_WH09	772035.7	7095866.7	772039.3561	7095865.014	86	146	772039.543	7095864.919	5.999	17.059	0.087659708	2.8725762	0.660911122	0.090619226	8	342	-1	-1	72896.14698	Trial1	Trial1	2.04551942464104
51	83-0788	UME_081104_P42_WH09_3	3	UME_081104_P42_WH09	772033.7	7095866.7	772037.355	7095865.057	84	146	772037.586	7095864.942	8.88	23.201	0.010256345	0.6075359	0.511296994	0.191960285	8	341	-1	-1	127686.179	Trial1	Trial1	1.74803533481406
43	83-0650	UME_081104_P42_WH10_1	1	UME_081104_P42_WH10	772073.7	7095866.7	772077.377	7095864.195	124	146	772077.666	7095864.612	8.092	13.924	0.018873394	0.3734367	0.464223958	0.057199906	8	375	3.329786401	47.3	41643.32879	Trial1	Trial1	1.68574666104011
43	83-0650	UME_081104_P42_WH10_2	2	UME_081104_P42_WH10	772071.7	7095866.7	772075.3759	7095864.238	122	146	772075.705	7095864.592	7.817	14.013	0.038442348	1.7887637	0.522663081	0.063012925	8	369	-1	-1	46346.92475	Trial1	Trial1	1.87835919020103
51	83-0745	UME_081104_P42_WH11_1	1	UME_081104_P42_WH11	772049.7	7095878.7	772053.6224	7095876.719	100	158	772053.844	7095876.82	12.534	20.807	0.018546819	0.6844757	0.450206243	0.191880284	6	225	-1	-1	101853.6422	Trial1	Trial1	1.69914204521697
51	83-0745	UME_081104_P42_WH11_3	3	UME_081104_P42_WH11	772045.7	7095878.7	772049.6202	7095876.805	96	158	772049.865	7095876.911	10.358	23.038	0.06399868	3.2462701	0.449504723	0.194084906	6	224	-1	-1	124309.4353	Trial1	Trial1	2.0536377483261
51	83-0745	UME_081104_P42_WH11_2	2	UME_081104_P42_WH11	772047.7	7095878.7	772051.6213	7095876.762	98	158	772051.974	7095876.912	12.171	21.069	0.016895938	1.3242413	0.402855879	0.170951389	6	223	4.216269453	88.125	100377.1794	Trial1	Trial1	1.79067742975164
51	83-0760	UME_081104_P43_WA02_1	1	UME_081104_P43_WA02	772043.7	7095862.7	772047.2743	7095860.839	94	142	772047.387	7095860.765	8.651	13.382	0.002707063	0.2930144	0.451069401	0.053877767	10	482	-1	-1	38377.96216	Trial1	Trial1	1.68194678640425
51	83-0760	UME_081104_P43_WA02_2	2	UME_081104_P43_WA02	772041.7	7095862.7	772045.2732	7095860.882	92	142	772045.482	7095860.885	11.695	23.391	0.038874591	1.506619	0.523185378	0.262941951	10	479	-1	-1	129335.5042	Trial1	Trial1	1.84975888674968
39	83-0574	UME_081104_P43_WA03_2	2	UME_081104_P43_WA03	772089.7	7095870.7	772093.472	7095867.852	140	150	772093.923	7095868.46	11.282	20	0.039541427	1.039626	0.452250772	0.160298198	8	396	4.328478588	65	89634.70659	Trial1	Trial1	1.66139097223557
39	83-0574	UME_081104_P43_WA03_1	1	UME_081104_P43_WA03	772091.7	7095870.7	772095.4731	7095867.809	142	150	772095.98	7095868.26	9.604	14.058	0.117145838	6.1937551	0.465837397	0.069445703	8	393	-1	-1	45521.43734	Trial1	Trial1	2.34570989897945
39	83-0574	UME_081104_P43_WA03_3	3	UME_081104_P43_WA03	772087.7	7095870.7	772091.4709	7095867.895	138	150	772090.592	7095868.147	5.583	4.169	0.020524424	1.4939792	2.523512793	0.019232105	8	392	-1	-1	10120.56626	Trial1	Trial1	1.72631471994056
3	81-0060	UME_081104_P43_WA04_1	1	UME_081104_P43_WA04	772091.7	7095776.7	772093.4471	7095773.757	142	56	772093.215	7095774.126	10.767	15.295	0.080743006	1.8082886	0.482838175	0.095515775	30	1945	-1	-1	56600.95106	Trial1	Trial1	1.92411820647272
3	81-0060	UME_081104_P43_WA04_3	3	UME_081104_P43_WA04	772087.7	7095776.7	772089.4449	7095773.844	138	56	772089.302	7095774.085	8.104	10.825	0.046924763	1.5079875	0.608810968	0.045405244	30	1941	-1	-1	28367.13407	Trial1	Trial1	1.88047928942237
3	81-0060	UME_081104_P43_WA04_2	2	UME_081104_P43_WA04	772089.7	7095776.7	772091.446	7095773.8	140	56	772091.25	7095774.053	7.716	12.007	0.025135715	1.2830753	0.553910928	0.048395353	30	1940	3.286320227	45.925	36042.26465	Trial1	Trial1	1.85213593120247
23	83-0335	UME_081104_P43_WA06_1	1	UME_081104_P43_WA06	772001.7	7095768.7	772003.2253	7095767.693	52	48	772003.112	7095767.733	8.645	18.977	0.027240402	0.7618257	0.713481214	0.174457433	32	2011	-1	-1	88315.02325	Trial1	Trial1	1.83377308905441
23	83-0335	UME_081104_P43_WA06_3	3	UME_081104_P43_WA06	771997.7	7095768.7	771999.2231	7095767.779	48	48	771999.184	7095767.85	9.878	18.336	0.087904328	2.893057	0.418667839	0.109199479	32	2010	-1	-1	84713.72995	Trial1	Trial1	2.12024483721231
23	83-0335	UME_081104_P43_WA06_2	2	UME_081104_P43_WA06	771999.7	7095768.7	772001.2242	7095767.736	50	48	772001.145	7095767.813	12.819	27.346	0.021770841	0.9532238	0.499884609	0.376356306	32	2007	5.353535027	96.05	193921.7027	Trial1	Trial1	1.85993314715976
27	83-0379	UME_081104_P43_WA07_2	2	UME_081104_P43_WA07	771987.7	7095768.7	771989.2176	7095767.994	38	48	771989.096	7095767.997	4.076	23.191	0.060075085	1.7084906	0.840836389	0.144771384	32	2001	-1	-1	115878.646	Trial1	Trial1	1.87145258625294
27	83-0379	UME_081104_P43_WA07_1	1	UME_081104_P43_WA07	771989.7	7095768.7	771991.2187	7095767.951	40	48	771991.054	7095767.812	11.091	21.879	0.010134573	0.3948105	0.536048443	0.22351126	32	1997	7.654922397	89.975	119119.8265	Trial1	Trial1	1.69277464799539
27	83-0379	UME_081104_P43_WA07_3	3	UME_081104_P43_WA07	771985.7	7095768.7	771987.2165	7095768.038	36	48	771987.015	7095767.883	12.32	24.323	0.090917781	3.5063688	0.341578843	0.195543488	32	1996	-1	-1	139106.4326	Trial1	Trial1	2.11495056669413
23	83-0337	UME_081104_P43_WA08_1	1	UME_081104_P43_WA08	772001.7	7095776.7	772003.3977	7095775.697	52	56	772003.289	7095775.733	11.243	22.406	0.062064421	1.5709172	0.352984475	0.156473384	30	1861	5.452902621	95.525	114825.3769	Trial1	Trial1	1.94797372377599
23	83-0337	UME_081104_P43_WA08_2	2	UME_081104_P43_WA08	771999.7	7095776.7	772001.3966	7095775.74	50	56	772001.531	7095775.846	12.009	27.26	0.081744847	3.4976496	0.430536194	0.30174759	30	1858	-1	-1	162468.7016	Trial1	Trial1	2.20645556017464
15	83-0205	UME_081104_P43_WA09_1	1	UME_081104_P43_WA09	772037.7	7095776.7	772039.4175	7095774.921	88	56	772039.38	7095774.887	9.04	26.048	0.019637565	0.6681534	0.545378118	0.26273649	30	1898	6.613506642	112.225	165099.6034	Trial1	Trial1	1.80010904391643
15	83-0205	UME_081104_P43_WA09_3	3	UME_081104_P43_WA09	772033.7	7095776.7	772035.4153	7095775.007	84	56	772035.332	7095775.047	9.125	20.409	0.137295283	2.3277658	0.504371986	0.150561457	30	1897	-1	-1	111061.1155	Trial1	Trial1	2.01871927909784
15	83-0205	UME_081104_P43_WA09_2	2	UME_081104_P43_WA09	772035.7	7095776.7	772037.4164	7095774.964	86	56	772037.312	7095774.984	12.952	23.268	0.048876858	1.9289585	0.639113989	0.351980071	30	1892	-1	-1	141804.7624	Trial1	Trial1	1.96699354566746
23	83-0307	UME_081104_P43_WA10_1	1	UME_081104_P43_WA10	772007.7	7095780.7	772009.4872	7095779.57	58	60	772009.366	7095779.482	10.135	17.296	0.080937265	1.8320522	0.397018966	0.094543939	30	1874	-1	-1	68361.39409	Trial1	Trial1	1.9832809612334
23	83-0307	UME_081104_P43_WA10_2	2	UME_081104_P43_WA10	772005.7	7095780.7	772007.4861	7095779.613	56	60	772007.341	7095779.621	10.434	18.104	0.021532765	1.1621693	0.449948799	0.120857807	30	1865	6.130653529	99.825	75493.21732	Trial1	Trial1	1.89412513762621
23	83-0307	UME_081104_P43_WA10_3	3	UME_081104_P43_WA10	772003.7	7095780.7	772005.485	7095779.656	54	60	772005.424	7095779.573	6.906	18.908	0.073043982	2.9115608	0.605025216	0.117322144	30	1864	-1	-1	89029.02361	Trial1	Trial1	2.1284821246025
19	83-0250	UME_081104_P43_WA11_1	1	UME_081104_P43_WA11	772025.7	7095780.7	772027.4971	7095779.182	76	60	772027.366	7095779.282	5.152	17.646	0.018940484	0.8738771	0.787966706	0.099278352	30	1883	-1	-1	85297.42625	Trial1	Trial1	1.76530311097174
19	83-0250	UME_081104_P43_WA11_2	2	UME_081104_P43_WA11	772023.7	7095780.7	772025.496	7095779.225	74	60	772025.43	7095779.234	5.046	17.1	0.007878556	0.4076307	0.600979982	0.069640005	30	1882	-1	-1	62583.54058	Trial1	Trial1	1.76529455171832
19	83-0250	UME_081104_P43_WA11_3	3	UME_081104_P43_WA11	772021.7	7095780.7	772023.4949	7095779.268	72	60	772023.365	7095779.317	5.472	20.987	0.007272032	0.4763378	0.584805152	0.110704138	30	1879	4.744240773	81.775	96420.83985	Trial1	Trial1	1.91029455483938
12	83-0250	UME_081104_P43_WA11_1	1	UME_081104_P43_WA11	772061.7	7095792.7	772063.7755	7095790.413	112	72	772063.61	7095790.674	6.257	11.754	0.020788093	0.7171899	0.590010122	0.040055363	26	1626	-1	-1	31277.16209	Trial1	Trial1	1.76530311097174
12	83-0250	UME_081104_P43_WA11_2	2	UME_081104_P43_WA11	772059.7	7095792.7	772061.7744	7095790.456	110	72	772061.598	7095790.719	6.769	12.613	0.025097101	1.180781	0.552877417	0.046758488	26	1625	-1	-1	37590.42624	Trial1	Trial1	1.76529455171832
12	83-0250	UME_081104_P43_WA11_3	3	UME_081104_P43_WA11	772057.7	7095792.7	772059.7733	7095790.499	108	72	772059.704	7095790.738	5.354	8.849	0.057342794	2.3390125	0.675414062	0.022241605	26	1622	4.744240773	81.775	19453.73629	Trial1	Trial1	1.91029455483938
35	83-0482	UME_081104_P43_WA12_1	1	UME_081104_P43_WA12	771959.7	7095784.7	771961.5471	7095784.607	10	64	771961.438	7095784.463	6.879	22.467	0.055824585	1.7033576	0.607016667	0.165545944	28	1678	5.936989304	89.675	122612.8258	Trial1	Trial1	1.93881708475372
35	83-0482	UME_081104_P43_WA12_2	2	UME_081104_P43_WA12	771957.7	7095784.7	771959.546	7095784.65	8	64	771959.412	7095784.432	9.729	20.539	0.117150537	2.3522956	0.426385766	0.137444019	28	1677	-1	-1	96687.83698	Trial1	Trial1	2.02642620648665
35	83-0482	UME_081104_P43_WA12_3	3	UME_081104_P43_WA12	771955.7	7095784.7	771957.5449	7095784.693	6	64	771957.452	7095784.571	10.754	24.664	0.145360767	3.7917883	0.314524275	0.161599019	28	1676	-1	-1	107820.9265	Trial1	Trial1	2.21963070324999
43	83-0622	UME_081104_P43_WB01_1	1	UME_081104_P43_WB01	772079.7	7095862.7	772083.294	7095860.063	130	142	772083.436	7095860.269	12.331	21.394	0.108114944	1.8459637	0.574226667	0.254551861	10	517	3.740477225	75.225	109915.0617	Trial1	Trial1	1.8787108971001
43	83-0622	UME_081104_P43_WB01_2	2	UME_081104_P43_WB01	772077.7	7095862.7	772081.293	7095860.106	128	142	772081.658	7095860.222	4.753	7.226	0.080569367	3.6463372	0.697496772	0.013595166	10	512	-1	-1	12774.09629	Trial1	Trial1	2.12232967438835
43	83-0622	UME_081104_P43_WB01_3	3	UME_081104_P43_WB01	772075.7	7095862.7	772079.2919	7095860.149	126	142	772079.405	7095860.345	12.036	25.86	0.200315626	6.3233138	0.397446991	0.251244283	10	510	-1	-1	143999.3218	Trial1	Trial1	2.48307970289418
47	83-0715	UME_081104_P43_WB03_1	1	UME_081104_P43_WB03	772055.7	7095858.7	772059.1947	7095856.578	106	138	772059.584	7095856.813	9.752	27.494	0.224214199	4.7298132	0.389973282	0.225790763	10	497	-1	-1	158406.312	Trial1	Trial1	2.33130161476165
47	83-0715	UME_081104_P43_WB03_2	2	UME_081104_P43_WB03	772053.7	7095858.7	772057.1936	7095856.621	104	138	772057.548	7095856.804	12.183	28.855	0.102014715	2.9880349	0.303987646	0.242182146	10	492	5.702281574	97.125	182678.0487	Trial1	Trial1	2.10370479689035
47	83-0715	UME_081104_P43_WB03_3	3	UME_081104_P43_WB03	772051.7	7095858.7	772055.1925	7095856.665	102	138	772055.599	7095856.806	6.785	14.107	0.032512346	1.1448381	0.478554113	0.050750743	10	485	-1	-1	41628.13651	Trial1	Trial1	1.86266077451167
3	83-0001	UME_081104_P43_WB05_1	1	UME_081104_P43_WB05	772091.7	7095772.7	772093.3609	7095769.755	142	52	772093.351	7095770.296	6.084	17.234	0.057262019	1.6597976	0.534663721	0.075876903	32	2104	-1	-1	61612.61683	Trial1	Trial1	1.92338460115472
3	83-0001	UME_081104_P43_WB05_3	3	UME_081104_P43_WB05	772087.7	7095772.7	772089.3587	7095769.841	138	52	772089.24	7095770.195	11.769	22.017	0.174307991	3.5805977	0.331263773	0.148431808	32	2103	4.964282111	64.825	112358.925	Trial1	Trial1	2.17583163260134
3	83-0001	UME_081104_P43_WB05_2	2	UME_081104_P43_WB05	772089.7	7095772.7	772091.3598	7095769.798	140	52	772091.243	7095770.303	11.325	19.965	0.038316612	1.3227746	0.389619148	0.138129983	32	2100	-1	-1	84000.68468	Trial1	Trial1	1.87619643232576
31	83-0442	UME_081104_P43_WB06_3	3	UME_081104_P43_WB06	771967.7	7095768.7	771969.2066	7095768.426	18	48	771969.044	7095768.645	6.153	12.263	0.05387957	1.481665	0.595265484	0.043257505	32	1982	-1	-1	34567.86222	Trial1	Trial1	1.88266678679602
31	83-0442	UME_081104_P43_WB06_1	1	UME_081104_P43_WB06	771971.7	7095768.7	771973.2088	7095768.339	22	48	771973.136	7095768.446	5.836	16.666	0.039863194	1.2415201	0.607566622	0.077349101	32	1978	-1	-1	61187.42492	Trial1	Trial1	1.84498019587197
31	83-0442	UME_081104_P43_WB06_2	2	UME_081104_P43_WB06	771969.7	7095768.7	771971.2077	7095768.382	20	48	771971.13	7095768.395	7.355	22.999	0.028773334	1.0529329	0.607364044	0.185574501	32	1977	4.279637633	81.1	120403.1431	Trial1	Trial1	1.82264484490974
11	83-0089	UME_081104_P43_WB07_1	1	UME_081104_P43_WB07	772067.7	7095772.7	772069.3477	7095770.272	118	52	772069.196	7095770.452	5.437	12.233	0.035107536	1.8973758	0.808968732	0.051697112	32	2081	-1	-1	44253.45526	Trial1	Trial1	2.04579839366184
11	83-0089	UME_081104_P43_WB07_2	2	UME_081104_P43_WB07	772065.7	7095772.7	772067.3466	7095770.316	116	52	772067.259	7095770.533	6.397	16.661	0.030130417	1.9792357	0.571663869	0.079727023	32	2075	4.433543442	80.2	64497.44811	Trial1	Trial1	2.05519468154854
11	83-0089	UME_081104_P43_WB07_3	3	UME_081104_P43_WB07	772063.7	7095772.7	772065.3455	7095770.359	114	52	772065.243	7095770.577	7.352	16.99	0.02322979	1.1057595	0.533412181	0.088910178	32	2074	-1	-1	66619.11747	Trial1	Trial1	1.9369459961513
3	81-0008	UME_081104_P43_WB08_1	1	UME_081104_P43_WB08	772103.7	7095768.7	772105.2813	7095765.494	154	48	772105.33	7095765.923	8.548	16.156	0.035013907	1.5988879	0.418553441	0.073345748	32	2118	-1	-1	55562.80108	Trial1	Trial1	1.95368783279452
3	81-0008	UME_081104_P43_WB08_2	2	UME_081104_P43_WB08	772101.7	7095768.7	772103.2802	7095765.537	152	48	772103.224	7095766.118	8.24	15.889	0.098807928	2.3377889	0.579842223	0.094738019	32	2117	4.863951798	58.925	63719.30877	Trial1	Trial1	2.04948815891229
11	83-0085	UME_081104_P43_WB09_1	1	UME_081104_P43_WB09	772067.7	7095788.7	772069.6926	7095786.281	118	68	772069.615	7095786.535	10.156	19.337	0.04362626	1.97862	0.54480331	0.162493198	28	1779	4.901800118	89.1	93404.90677	Trial1	Trial1	1.99869283230777
11	83-0085	UME_081104_P43_WB09_2	2	UME_081104_P43_WB09	772065.7	7095788.7	772067.6915	7095786.324	116	68	772067.555	7095786.492	8.902	25.88	0.147150561	5.8563957	0.598762999	0.280391582	28	1778	-1	-1	172681.2155	Trial1	Trial1	2.51721458704867
23	83-0294	UME_081104_P43_WB10_1	1	UME_081104_P43_WB10	772013.7	7095780.7	772015.4905	7095779.441	64	60	772015.329	7095779.465	12.363	18.977	0.011836119	0.7292442	0.439869483	0.153812219	30	1876	-1	-1	83395.7742	Trial1	Trial1	1.8360148339306
23	83-0294	UME_081104_P43_WB10_2	2	UME_081104_P43_WB10	772011.7	7095780.7	772013.4894	7095779.484	62	60	772013.344	7095779.404	12.912	23.546	0.136441353	4.2784053	0.266431598	0.14980203	30	1872	4.640792012	81.9	134733.5809	Trial1	Trial1	2.3100489359026
23	83-0294	UME_081104_P43_WB10_3	3	UME_081104_P43_WB10	772009.7	7095780.7	772011.4883	7095779.527	60	60	772011.408	7095779.364	6.72	16.03	0.021265621	1.0746924	0.588891032	0.07987032	30	1871	-1	-1	63322.95896	Trial1	Trial1	1.75633666199106
12	83-0294	UME_081104_P43_WB10_3	3	UME_081104_P43_WB10	772063.7	7095800.7	772065.949	7095798.374	114	80	772065.916	7095798.61	8.458	11.681	0.028941457	0.833672	0.635097063	0.057567526	24	1476	-1	-1	34488.48894	Trial1	Trial1	1.75633666199106
7	83-0249	UME_081104_P43_WB11_3	3	UME_081104_P43_WB11	772069.7	7095780.7	772071.5212	7095778.234	120	60	772071.504	7095778.583	5.052	9.082	0.062418208	4.3298528	0.629566511	0.020605312	30	1926	-1	-1	18482.78834	Trial1	Trial1	2.3201866170663
19	83-0249	UME_081104_P43_WB11_2	2	UME_081104_P43_WB11	772023.7	7095776.7	772025.4098	7095775.223	74	56	772025.247	7095775.205	9.809	22.723	0.087788976	1.7997544	0.548311851	0.218110933	30	1885	4.225487476	87.875	113921.8664	Trial1	Trial1	2.01001930869578
19	83-0249	UME_081104_P43_WB11_1	1	UME_081104_P43_WB11	772025.7	7095776.7	772027.4109	7095775.18	76	56	772027.236	7095775.21	8.564	18.787	0.112472662	3.0684528	0.523397935	0.124256421	30	1884	-1	-1	84328.89008	Trial1	Trial1	2.18078496939619
3	81-0046	UME_081104_P43_WB12_2	2	UME_081104_P43_WB12	772095.7	7095780.7	772097.5355	7095777.673	146	60	772097.508	7095778.016	10.831	18.695	0.019190661	0.7609968	0.429631448	0.127735906	30	1954	-1	-1	76482.59938	Trial1	Trial1	1.76810218029454
3	81-0046	UME_081104_P43_WB12_1	1	UME_081104_P43_WB12	772097.7	7095780.7	772099.5366	7095777.63	148	60	772099.414	7095777.942	11.144	21.924	0.032574097	2.9159833	0.440361003	0.185265405	30	1953	4.196128735	82.025	114257.9564	Trial1	Trial1	2.05771720603083
3	81-0046	UME_081104_P43_WB12_3	3	UME_081104_P43_WB12	772093.7	7095780.7	772095.5344	7095777.716	144	60	772095.484	7095778.001	8.461	23.769	0.046352525	3.187288	0.449149	0.168629531	30	1947	-1	-1	113246.401	Trial1	Trial1	2.09069243914597
55	83-0806	UME_081104_P43_WC01_1	1	UME_081104_P43_WC01	772031.7	7095862.7	772035.2677	7095861.098	82	142	772035.552	7095861.111	9.301	18.119	0.042063318	1.4942784	0.507578297	0.121732401	10	471	-1	-1	79980.9725	Trial1	Trial1	1.91689702388198
55	83-0806	UME_081104_P43_WC01_2	2	UME_081104_P43_WC01	772029.7	7095862.7	772033.2666	7095861.141	80	142	772033.413	7095861.109	9.762	23.646	0.033690182	1.26168	0.467971361	0.200608382	10	470	4.445422925	91.225	134413.6949	Trial1	Trial1	1.8902764163045
55	83-0806	UME_081104_P43_WC01_3	3	UME_081104_P43_WC01	772027.7	7095862.7	772031.2655	7095861.184	78	142	772031.37	7095861.137	6.988	21.156	0.029843956	1.095771	0.60741159	0.149208085	10	469	-1	-1	95141.2824	Trial1	Trial1	1.8722495939063
59	83-0879	UME_081104_P43_WC02_1	1	UME_081104_P43_WC02	772013.7	7095862.7	772017.2578	7095861.486	64	142	772017.489	7095861.502	8.646	18.292	0.027456211	1.0494986	0.619920259	0.145873241	10	457	-1	-1	98475.19748	Trial1	Trial1	1.86485146269049
59	83-0879	UME_081104_P43_WC02_2	2	UME_081104_P43_WC02	772011.7	7095862.7	772015.2567	7095861.529	62	142	772015.449	7095861.531	12.426	29.728	0.08535857	3.2099694	0.713649629	0.6155118	10	452	5.844517123	117.6	241134.2632	Trial1	Trial1	2.15551980685085
63	Eb38	UME_081104_P43_WC03_1	1	UME_081104_P43_WC03	771983.7	7095870.7	771987.4138	7095870.137	34	150	771987.705	7095870.031	10.455	21.786	0.034170569	2.8342958	0.329274596	0.128331371	8	300	4.746929275	75.525	86000.0459	Trial1	Trial1	2.06205018224909
63	Eb38	UME_081104_P43_WC03_2	2	UME_081104_P43_WC03	771981.7	7095870.7	771985.4127	7095870.18	32	150	771985.895	7095869.901	10.441	5.756	0.098003349	6.6069023	2.230122584	0.060591226	8	293	-1	-1	24689.33166	Trial1	Trial1	2.55975699095785
3	81-0044	UME_081104_P43_WC04_1	1	UME_081104_P43_WC04	772097.7	7095772.7	772099.3642	7095769.626	148	52	772099.286	7095769.907	11.154	18.286	0.023207914	1.5554334	0.457784588	0.134100955	32	2113	-1	-1	79355.94557	Trial1	Trial1	1.91647569385651
3	81-0044	UME_081104_P43_WC04_2	2	UME_081104_P43_WC04	772095.7	7095772.7	772097.3631	7095769.669	146	52	772097.175	7095770.026	7.449	18.163	0.126651224	10.1161383	0.39347259	0.075939759	32	2112	-1	-1	47479.3689	Trial1	Trial1	3.05792675421547
3	81-0044	UME_081104_P43_WC04_3	3	UME_081104_P43_WC04	772093.7	7095772.7	772095.362	7095769.712	144	52	772095.209	7095770.044	11.953	17.939	0.045171411	2.6695228	0.531613092	0.160614454	32	2108	3.148839856	64.375	78991.09774	Trial1	Trial1	2.06056885877486
23	83-0338	UME_081104_P43_WC06_2	2	UME_081104_P43_WC06	771999.7	7095780.7	772001.4828	7095779.742	50	60	772001.403	7095779.654	8.738	16.162	0.022210218	0.6087535	0.600710958	0.107682605	30	1863	4.011974803	68.65	63460.19464	Trial1	Trial1	1.82286899861829
27	83-0380	UME_081104_P43_WC07_1	1	UME_081104_P43_WC07	771989.7	7095772.7	771991.3049	7095771.954	40	52	771991.19	7095771.771	11.75	16.783	0.047947678	1.5555227	0.516345894	0.134223951	32	2000	3.606675516	64.85	72106.20785	Trial1	Trial1	1.85228116213638
27	83-0380	UME_081104_P43_WC07_2	2	UME_081104_P43_WC07	771987.7	7095772.7	771989.3038	7095771.997	38	52	771989.177	7095771.885	10.106	16.528	0.041888376	1.8038086	0.474545939	0.102896713	32	1999	-1	-1	63509.60582	Trial1	Trial1	1.88843947531491
27	83-0380	UME_081104_P43_WC07_3	3	UME_081104_P43_WC07	771985.7	7095772.7	771987.3027	7095772.04	36	52	771987.182	7095771.904	6.922	11.659	0.019000317	0.7974356	0.598211159	0.041075389	32	1998	-1	-1	32421.6807	Trial1	Trial1	1.757020737701
27	83-0382	UME_081104_P43_WC09_3	3	UME_081104_P43_WC09	771985.7	7095780.7	771987.4751	7095780.044	36	60	771987.378	7095779.884	7.769	23.183	0.013509161	0.4138466	0.600869905	0.197043177	30	1853	-1	-1	128512.3096	Trial1	Trial1	1.70893797562538
27	83-0382	UME_081104_P43_WC09_1	1	UME_081104_P43_WC09	771989.7	7095780.7	771991.4773	7095779.958	40	60	771991.345	7095779.937	12.814	25.897	0.012574266	0.7182533	0.440173935	0.297085898	30	1850	5.689623708	101.525	160719.9665	Trial1	Trial1	1.74463794976946
27	83-0382	UME_081104_P43_WC09_2	2	UME_081104_P43_WC09	771987.7	7095780.7	771989.4762	7095780.001	38	60	771989.307	7095779.973	12.629	22.043	0.062639214	2.3572487	0.593773627	0.286178958	30	1849	-1	-1	121560.0001	Trial1	Trial1	1.96613338063399
31	83-0469	UME_081104_P43_WC10_2	2	UME_081104_P43_WC10	771963.7	7095776.7	771965.3768	7095776.516	14	56	771965.328	7095776.495	10.709	19.083	0.096298109	3.0998425	0.380710412	0.116609944	30	1828	-1	-1	79665.74114	Trial1	Trial1	2.10257507206742
31	83-0469	UME_081104_P43_WC10_1	1	UME_081104_P43_WC10	771965.7	7095776.7	771967.3779	7095776.473	16	56	771967.275	7095776.39	8.561	19.875	0.019723889	0.723505	0.487041573	0.12935889	30	1827	-1	-1	91296.82363	Trial1	Trial1	1.7832833575369
31	83-0469	UME_081104_P43_WC10_3	3	UME_081104_P43_WC10	771961.7	7095776.7	771963.3757	7095776.559	12	56	771963.3	7095776.513	12.085	22.095	0.027591504	1.2689124	0.407458527	0.188804055	30	1821	4.920131969	89	113317.8984	Trial1	Trial1	1.8595624332858
19	83-0219	UME_081104_P43_WC11_1	1	UME_081104_P43_WC11	772031.7	7095780.7	772033.5004	7095779.053	82	60	772033.376	7095779.084	10.775	20.681	0.024799174	0.9836987	0.498959855	0.180603484	30	1889	-1	-1	106062.6588	Trial1	Trial1	1.90245504439869
19	83-0219	UME_081104_P43_WC11_2	2	UME_081104_P43_WC11	772029.7	7095780.7	772031.4993	7095779.096	80	60	772031.455	7095779.244	6.317	21.354	0.053199251	2.0646878	0.548193156	0.124029259	30	1888	6.24441878	99.775	111195.6692	Trial1	Trial1	2.04598719759606
19	83-0219	UME_081104_P43_WC11_3	3	UME_081104_P43_WC11	772027.7	7095780.7	772029.4982	7095779.139	78	60	772029.365	7095779.173	7.148	21.106	0.071526538	2.7647528	0.868906109	0.217295495	30	1887	-1	-1	116482.7444	Trial1	Trial1	2.13866303074057
15	83-0208	UME_081104_P43_WC12_1	1	UME_081104_P43_WC12	772037.7	7095788.7	772039.6761	7095786.928	88	68	772039.685	7095786.921	11.785	23.339	0.021337285	0.7885864	0.507825867	0.256031765	28	1750	5.21908492	109.525	130937.4292	Trial1	Trial1	1.79902209152609
15	83-0208	UME_081104_P43_WC12_3	3	UME_081104_P43_WC12	772033.7	7095788.7	772035.6739	7095787.014	84	68	772035.707	7095787.085	8.433	16.003	0.134361457	3.6107966	0.478850069	0.081220988	28	1745	-1	-1	56106.3391	Trial1	Trial1	2.17658487212768
15	83-0208	UME_081104_P43_WC12_2	2	UME_081104_P43_WC12	772035.7	7095788.7	772037.675	7095786.971	86	68	772037.624	7095787.105	6.856	18.979	0.045560691	1.4847742	0.524408939	0.10171368	28	1744	-1	-1	81336.6061	Trial1	Trial1	1.89228384343508
47	83-0668	UME_081104_P43_WD02_1	1	UME_081104_P43_WD02	772067.7	7095862.7	772071.2875	7095860.322	118	142	772071.494	7095860.553	12.095	27.521	0.109108446	1.8857756	0.306659203	0.22064528	10	508	-1	-1	136501.1153	Trial1	Trial1	1.91813797895568
47	83-0668	UME_081104_P43_WD02_2	2	UME_081104_P43_WD02	772065.7	7095862.7	772069.2864	7095860.365	116	142	772069.464	7095860.581	9.849	18.383	0.051007893	1.0391215	0.448735317	0.117307299	10	507	3.984329237	66.825	76949.07419	Trial1	Trial1	1.80907667558293
63	83-0942	UME_081104_P43_WD03_1	1	UME_081104_P43_WD03	771995.7	7095870.7	771999.4204	7095869.878	46	150	771999.62	7095869.7	7.96	14.454	0.027156483	0.9806385	0.540935784	0.070653679	8	308	-1	-1	51712.35535	Trial1	Trial1	1.84319631312617
63	83-0942	UME_081104_P43_WD03_2	2	UME_081104_P43_WD03	771993.7	7095870.7	771997.4193	7095869.921	44	150	771997.718	7095869.758	11.488	22.476	0.017233093	0.7340531	0.5998086	0.273397405	8	307	4.05651433	82.725	132092.8051	Trial1	Trial1	1.80700749235917
63	83-0942	UME_081104_P43_WD03_3	3	UME_081104_P43_WD03	771991.7	7095870.7	771995.4182	7095869.964	42	150	771995.687	7095869.922	10.604	21.134	0.015773998	0.8701133	0.488463868	0.18169167	8	304	-1	-1	107072.662	Trial1	Trial1	1.82121683495087
35	83-0485	UME_081104_P43_WD07_1	1	UME_081104_P43_WD07	771959.7	7095772.7	771961.2884	7095772.6	10	52	771961.167	7095772.549	10.398	20.508	0.027538323	0.9946944	0.483084619	0.165915521	32	1971	-1	-1	97315.37521	Trial1	Trial1	1.85247990700986
35	83-0485	UME_081104_P43_WD07_2	2	UME_081104_P43_WD07	771957.7	7095772.7	771959.2873	7095772.643	8	52	771959.19	7095772.573	11.983	22.305	0.009456405	0.4010976	0.479790928	0.224655129	32	1970	4.049432172	82.825	121105.2603	Trial1	Trial1	1.77480112766678
35	83-0485	UME_081104_P43_WD07_3	3	UME_081104_P43_WD07	771955.7	7095772.7	771957.2862	7095772.686	6	52	771957.268	7095772.608	5.108	19.148	0.01508159	0.7217778	0.641462584	0.09434962	32	1968	-1	-1	83448.94186	Trial1	Trial1	1.81919168419184
7	83-0071	UME_081104_P43_WD08_1	1	UME_081104_P43_WD08	772073.7	7095768.7	772075.2648	7095766.141	124	48	772075.227	7095766.582	11.784	18.791	0.09529837	2.1253379	0.426095653	0.139251484	32	2086	4.406745966	68.975	83596.43535	Trial1	Trial1	2.07731964043111
7	83-0071	UME_081104_P43_WD08_2	2	UME_081104_P43_WD08	772071.7	7095768.7	772073.2637	7095766.184	122	48	772073.255	7095766.552	7.009	12.95	0.112951909	2.4234605	0.685419485	0.063275306	32	2085	-1	-1	37799.67035	Trial1	Trial1	2.11518708017244
7	83-0071	UME_081104_P43_WD08_3	3	UME_081104_P43_WD08	772069.7	7095768.7	772071.2626	7095766.227	120	48	772071.285	7095766.589	10.019	16.077	0.11106621	2.6714759	0.432707768	0.088009794	32	2084	-1	-1	59203.69356	Trial1	Trial1	2.14632866081506
3	81-0005	UME_081104_P43_WD09_1	1	UME_081104_P43_WD09	772103.7	7095780.7	772105.5399	7095777.501	154	60	772105.681	7095777.906	6.631	14.514	0.002103779	0.7706489	0.489280204	0.053681503	30	1959	-1	-1	43369.37962	Trial1	Trial1	1.77609747251731
3	81-0005	UME_081104_P43_WD09_3	3	UME_081104_P43_WD09	772099.7	7095780.7	772101.5377	7095777.587	150	60	772101.565	7095778.091	8.227	17.25	0.003310143	0.5674148	0.401153273	0.077128295	30	1955	5.091141576	69.1	57914.56774	Trial1	Trial1	1.74558646854651
15	83-0162	UME_081104_P43_WD11_1	1	UME_081104_P43_WD11	772049.7	7095780.7	772051.5102	7095778.665	100	60	772051.35	7095778.829	11.039	24.582	0.111127525	5.4797017	0.380108988	0.199148574	30	1909	4.697504795	85.35	105313.7861	Trial1	Trial1	2.44188100748734
15	83-0162	UME_081104_P43_WD11_2	2	UME_081104_P43_WD11	772047.7	7095780.7	772049.5092	7095778.708	98	60	772049.393	7095778.816	5.183	12.92	0.021613153	0.7300213	0.678753481	0.046125007	30	1908	-1	-1	39972.51202	Trial1	Trial1	1.80658657855012
15	83-0162	UME_081104_P43_WD11_3	3	UME_081104_P43_WD11	772045.7	7095780.7	772047.5081	7095778.751	96	60	772047.387	7095778.944	9.465	20.494	0.020566711	0.7549324	0.589938248	0.184192953	30	1905	-1	-1	104420.5156	Trial1	Trial1	1.80919648059877
15	83-0173	UME_081104_P43_WD12_1	1	UME_081104_P43_WD12	772043.7	7095788.7	772045.6794	7095786.799	94	68	772045.438	7095787.045	7.581	22.231	0.044780516	1.7264989	0.600716688	0.176766581	28	1754	7.821014162	96.15	121142.5295	Trial1	Trial1	1.92345433854757
15	83-0173	UME_081104_P43_WD12_3	3	UME_081104_P43_WD12	772039.7	7095788.7	772041.6772	7095786.885	90	68	772041.652	7095786.799	6.972	6.22	0.031340368	3.356866	0.457964554	0.009214602	28	1751	-1	-1	7293.046847	Trial1	Trial1	2.14192733846873
56	83-0801	UME_081104_P43_WE01_2	2	UME_081104_P43_WE01	772029.7	7095882.7	772033.6977	7095881.152	80	162	772033.938	7095881.171	10.606	20.537	0.132932786	2.5424554	0.339999784	0.119449359	4	78	-1	-1	92220.34861	Trial1	Trial1	2.12447637175173
56	83-0801	UME_081104_P43_WE01_1	1	UME_081104_P43_WE01	772031.7	7095882.7	772035.6988	7095881.109	82	162	772035.897	7095881.029	11.624	20.595	0.051150097	1.2173794	0.412509091	0.159742516	4	77	4.153565132	73.075	105359.7204	Trial1	Trial1	1.94268534918894
56	83-0801	UME_081104_P43_WE01_3	3	UME_081104_P43_WE01	772027.7	7095882.7	772031.6966	7095881.195	78	162	772031.82	7095881.065	8.416	18.807	0.037473568	1.2303347	0.529436906	0.123781719	4	76	-1	-1	87499.8275	Trial1	Trial1	1.9534392242284
39	83-0528	UME_081104_P43_WE03_2	2	UME_081104_P43_WE03	772101.7	7095870.7	772105.4785	7095867.593	152	150	772105.876	7095868.188	5.254	9.683	0.032348939	1.3233625	0.594143045	0.022985497	8	403	4.004182983	66.4	19557.63971	Trial1	Trial1	1.6775056723712
39	83-0528	UME_081104_P43_WE03_3	3	UME_081104_P43_WE03	772099.7	7095870.7	772103.4774	7095867.637	150	150	772104.037	7095868.316	8.369	17.44	0.266642829	7.4164869	0.831253133	0.166177693	8	402	-1	-1	158290.0299	Trial1	Trial1	2.32725444678157
43	83-0528	UME_081104_P43_WE03_1	1	UME_081104_P43_WE03	772085.7	7095870.7	772089.4698	7095867.938	136	150	772089.679	7095868.491	9.345	13.99	0.055253167	1.2521788	0.515588386	0.074064415	8	395	-1	-1	47616.05233	Trial1	Trial1	1.77512324532283
43	83-0528	UME_081104_P43_WE03_2	2	UME_081104_P43_WE03	772083.7	7095870.7	772087.4687	7095867.981	134	150	772087.775	7095868.532	7.992	10.631	0.051326321	2.4196319	0.548671202	0.038921463	8	388	4.004182983	66.4	28507.75835	Trial1	Trial1	1.6775056723712
43	83-0528	UME_081104_P43_WE03_3	3	UME_081104_P43_WE03	772081.7	7095870.7	772085.4676	7095868.025	132	150	772085.797	7095868.483	8.055	11.514	0.036609249	1.7780554	0.395428155	0.033166313	8	382	-1	-1	25342.47134	Trial1	Trial1	2.32725444678157
31	N021444	UME_081104_P43_WE04_1	1	UME_081104_P43_WE04	771971.7	7095772.7	771973.295	7095772.342	22	52	771973.173	7095772.246	11.094	22.102	0.077737329	1.5234435	0.554045925	0.235832255	32	1984	-1	-1	132418.2872	Trial1	Trial1	1.8838321444174
31	N021444	UME_081104_P43_WE04_3	3	UME_081104_P43_WE04	771967.7	7095772.7	771969.2928	7095772.428	18	52	771969.202	7095772.293	6.476	17.31	0.048259311	1.5324027	0.789603456	0.120340983	32	1983	-1	-1	80040.19724	Trial1	Trial1	1.8899232827108
31	N021444	UME_081104_P43_WE04_2	2	UME_081104_P43_WE04	771969.7	7095772.7	771971.2939	7095772.385	20	52	771971.297	7095772.359	11.117	19.904	0.029882438	1.2214706	0.491503267	0.17001511	32	1981	-1	-1	89360.61802	Trial1	Trial1	1.84598645154697
15	83-0203	UME_081104_P43_WE05_1	1	UME_081104_P43_WE05	772037.7	7095768.7	772039.245	7095766.917	88	48	772039.165	7095766.949	12.477	19.289	0.035227617	1.111952	0.417321268	0.152161466	32	2047	4.524790434	80.725	89166.21702	Trial1	Trial1	1.87072899921673
15	83-0203	UME_081104_P43_WE05_2	2	UME_081104_P43_WE05	772035.7	7095768.7	772037.2439	7095766.96	86	48	772037.211	7095767.034	11.894	17.24	0.081401542	1.6523993	0.372710258	0.103482617	32	2046	-1	-1	74079.53033	Trial1	Trial1	1.93997689366529
15	83-0203	UME_081104_P43_WE05_3	3	UME_081104_P43_WE05	772033.7	7095768.7	772035.2428	7095767.003	84	48	772035.081	7095767.147	5.476	15.488	0.009559331	0.3253394	0.697205959	0.071933067	32	2044	-1	-1	54595.14869	Trial1	Trial1	1.75975285689647
31	83-0467	UME_081104_P43_WE07_2	2	UME_081104_P43_WE07	771963.7	7095768.7	771965.2044	7095768.512	14	48	771965.139	7095768.582	11.633	22.016	0.056814491	2.1206028	0.584491969	0.258848127	32	1975	-1	-1	118322.3631	Trial1	Trial1	1.97298617965978
31	83-0467	UME_081104_P43_WE07_3	3	UME_081104_P43_WE07	771961.7	7095768.7	771963.2033	7095768.555	12	48	771963.154	7095768.564	9.137	16.708	0.02555121	0.820437	0.510841799	0.102329868	32	1974	4.674845026	78.925	67775.9716	Trial1	Trial1	1.80145956385966
23	83-0293	UME_081104_P43_WE09_1	1	UME_081104_P43_WE09	772013.7	7095776.7	772015.4043	7095775.439	64	56	772015.352	7095775.448	6.594	20.377	0.039126518	1.2913834	0.669015781	0.143860889	30	1875	-1	-1	97379.07246	Trial1	Trial1	1.91088741621842
23	83-0293	UME_081104_P43_WE09_3	3	UME_081104_P43_WE09	772009.7	7095776.7	772011.4021	7095775.525	60	56	772011.463	7095775.593	11.322	22.071	0.073514111	2.3261033	0.602062678	0.260804567	30	1870	-1	-1	117136.0928	Trial1	Trial1	2.04812482822535
23	83-0293	UME_081104_P43_WE09_2	2	UME_081104_P43_WE09	772011.7	7095776.7	772013.4032	7095775.482	62	56	772013.433	7095775.512	13.554	28.309	0.02274181	0.9071161	0.425704695	0.363176364	30	1869	5.136092037	98.625	187911.8772	Trial1	Trial1	1.85893889228899
3	81-0048	UME_081104_P43_WE10_2	2	UME_081104_P43_WE10	772095.7	7095788.7	772097.7079	7095785.678	146	68	772097.558	7095785.864	11.941	24.653	0.019558275	1.0452664	0.438513333	0.249949733	28	1804	4.492294016	96.6	142050.6512	Trial1	Trial1	1.76914233146125
3	81-0048	UME_081104_P43_WE10_3	3	UME_081104_P43_WE10	772093.7	7095788.7	772095.7068	7095785.721	144	68	772095.591	7095786.072	11.083	20.589	0.040022544	1.3610651	0.593734623	0.219091983	28	1800	-1	-1	111075.0995	Trial1	Trial1	1.81041375815172
31	83-0426	UME_081104_P43_WE11_1	1	UME_081104_P43_WE11	771977.7	7095780.7	771979.4707	7095780.217	28	60	771979.363	7095780.058	9.016	16.17	0.065230766	1.849937	0.477767892	0.088459218	30	1843	5.20683371	52.725	59112.66893	Trial1	Trial1	1.92035974620282
31	83-0426	UME_081104_P43_WE11_3	3	UME_081104_P43_WE11	771973.7	7095780.7	771975.4685	7095780.303	24	60	771975.439	7095780.475	2.359	7.554	0.187642937	13.2359606	0.941407987	0.009953137	30	1838	-1	-1	9889.556216	Trial1	Trial1	3.44561616986027
31	83-0426	UME_081104_P43_WE11_2	2	UME_081104_P43_WE11	771975.7	7095780.7	771977.4696	7095780.26	26	60	771977.474	7095780.038	2.932	7.215	0.023007952	1.8343208	0.724172456	0.008680131	30	1837	-1	-1	8719.606198	Trial1	Trial1	1.92024893748013
15	83-0164	UME_081104_P43_WE12_1	1	UME_081104_P43_WE12	772049.7	7095788.7	772051.6827	7095786.669	100	68	772051.642	7095786.827	12.812	23.654	0.132835852	2.282636	0.459226192	0.258541546	28	1762	4.928462413	99.325	131701.4662	Trial1	Trial1	1.99651604578105
15	83-0164	UME_081104_P43_WE12_3	3	UME_081104_P43_WE12	772045.7	7095788.7	772047.6805	7095786.755	96	68	772047.652	7095786.937	12.04	23.349	0.124077196	2.4462715	0.440440537	0.227054033	28	1755	-1	-1	133814.6301	Trial1	Trial1	2.01926339541326
67	Y373	UME_081104_P43_WF01_1	1	UME_081104_P43_WF01	771977.7	7095862.7	771981.2381	7095862.262	28	142	771981.392	7095862.072	12.246	22.432	0.098405991	3.7674462	0.349527807	0.169162109	10	428	4.819476973	80.1	98875.60162	Trial1	Trial1	2.21842768385495
67	Y373	UME_081104_P43_WF01_3	3	UME_081104_P43_WF01	771973.7	7095862.7	771977.2359	7095862.348	24	142	771977.327	7095862.234	6.42	7.16	0.050822848	2.5485912	0.981955269	0.026080823	10	424	-1	-1	17833.57096	Trial1	Trial1	2.04311908165454
71	83-1109	UME_081104_P43_WF02_3	3	UME_081104_P43_WF02	771949.7	7095862.7	771953.2227	7095862.865	0	142	771953.633	7095862.653	6.829	19.374	0.104277799	3.2065104	0.562913133	0.113328289	10	410	-1	-1	77367.39138	Trial1	Trial1	2.06137222331213
71	83-1109	UME_081104_P43_WF02_1	1	UME_081104_P43_WF02	771953.7	7095862.7	771957.2249	7095862.779	4	142	771957.455	7095862.565	11.034	18.073	0.091403105	4.1245278	0.284780555	0.080609632	10	407	4.444786895	81.275	70928.32304	Trial1	Trial1	2.19415995838225
71	83-1109	UME_081104_P43_WF02_2	2	UME_081104_P43_WF02	771951.7	7095862.7	771955.2238	7095862.822	2	142	771955.43	7095862.544	6.303	16.352	0.059051079	2.1912711	0.572711948	0.075809898	10	406	-1	-1	56565.32136	Trial1	Trial1	1.93076479037925
43	83-0603	UME_081104_P43_WF03_2	2	UME_081104_P43_WF03	772083.7	7095862.7	772087.2962	7095859.977	134	142	772087.49	7095860.128	8.918	15.816	0.134950312	3.2011378	0.56900962	0.099697674	10	520	-1	-1	62470.6206	Trial1	Trial1	2.05341621802507
43	83-0603	UME_081104_P43_WF03_1	1	UME_081104_P43_WF03	772085.7	7095862.7	772089.2973	7095859.934	136	142	772089.492	7095860.052	11.857	23.471	0.13857459	4.5936003	0.357644783	0.183469428	10	519	4.955446407	90.5	130201.9797	Trial1	Trial1	2.23608883728394
43	83-0603	UME_081104_P43_WF03_3	3	UME_081104_P43_WF03	772081.7	7095862.7	772085.2951	7095860.02	132	142	772085.457	7095860.198	11.395	21.698	0.220882671	6.1601373	0.393518805	0.165808944	10	516	-1	-1	115844.0247	Trial1	Trial1	2.4520415152406
3	81-0007	UME_081104_P43_WF05_1	1	UME_081104_P43_WF05	772103.7	7095772.7	772105.3675	7095769.497	154	52	772105.515	7095770.076	7.531	13.019	0.020512818	1.3790795	0.512268282	0.051352643	32	2120	-1	-1	39268.95407	Trial1	Trial1	1.90034830227955
3	81-0007	UME_081104_P43_WF05_2	2	UME_081104_P43_WF05	772101.7	7095772.7	772103.3664	7095769.54	152	52	772103.428	7095770.089	8.06	14.624	0.015793747	1.585992	0.502769249	0.068065335	32	2115	4.155531691	57.4	48515.90218	Trial1	Trial1	1.92550135560995
3	81-0007	UME_081104_P43_WF05_3	3	UME_081104_P43_WF05	772099.7	7095772.7	772101.3653	7095769.583	150	52	772101.428	7095770.058	7.172	12.523	0.034376829	1.3394889	0.600121701	0.053015444	32	2114	-1	-1	38352.64341	Trial1	Trial1	1.89008841740033
19	83-0265	UME_081104_P43_WF07_1	1	UME_081104_P43_WF07	772019.7	7095772.7	772021.3214	7095771.307	70	52	772021.139	7095771.296	12.009	19.123	0.01921821	1.0724831	0.437630826	0.150940469	32	2030	4.019692342	71.575	85639.33152	Trial1	Trial1	1.91137768480514
19	83-0265	UME_081104_P43_WF07_2	2	UME_081104_P43_WF07	772017.7	7095772.7	772019.3203	7095771.35	68	52	772019.194	7095771.347	11.978	18.828	0.024516361	1.2201997	0.424670398	0.141626117	32	2029	-1	-1	80669.55389	Trial1	Trial1	1.92970535938215
19	83-0265	UME_081104_P43_WF07_3	3	UME_081104_P43_WF07	772015.7	7095772.7	772017.3192	7095771.393	66	52	772017.244	7095771.399	7.993	16.776	0.016720348	0.7179786	0.536016428	0.094700624	32	2027	-1	-1	68014.26339	Trial1	Trial1	1.71952600405686
3	83-0265	UME_081104_P43_WF07_3	3	UME_081104_P43_WF07	772099.7	7095788.7	772101.7101	7095785.592	150	68	772101.584	7095785.816	6.736	9.068	0.04285286	1.2147672	0.71725212	0.031203112	28	1806	-1	-1	26638.54777	Trial1	Trial1	1.71952600405686
23	83-0336	UME_081104_P43_WF08_1	1	UME_081104_P43_WF08	772001.7	7095772.7	772003.3115	7095771.695	52	52	772003.176	7095771.76	12.899	21.292	0.066549283	2.2262242	0.476712709	0.218942511	32	2014	4.005354678	69.875	115303.9077	Trial1	Trial1	2.03280457224035
23	83-0336	UME_081104_P43_WF08_2	2	UME_081104_P43_WF08	771999.7	7095772.7	772001.3104	7095771.738	50	52	772001.29	7095771.883	11.584	20.665	0.021265355	0.9616075	0.494130965	0.191981071	32	2009	-1	-1	96764.92782	Trial1	Trial1	1.86465470600399
23	83-0336	UME_081104_P43_WF08_3	3	UME_081104_P43_WF08	771997.7	7095772.7	771999.3093	7095771.781	48	52	771999.251	7095771.767	3.824	24.353	0.019612497	0.7695937	0.771167558	0.137363612	32	2008	-1	-1	129906.7012	Trial1	Trial1	1.84028709299093
19	83-0252	UME_081104_P43_WF09_1	1	UME_081104_P43_WF09	772025.7	7095788.7	772027.6695	7095787.186	76	68	772027.779	7095787.225	9.944	24.264	0.013256251	0.9079325	0.493831268	0.227059253	28	1736	-1	-1	145574.1192	Trial1	Trial1	1.88506869087088
19	83-0252	UME_081104_P43_WF09_2	2	UME_081104_P43_WF09	772023.7	7095788.7	772025.6684	7095787.23	74	68	772025.743	7095787.239	3.7	21.788	0.023252219	1.1145055	0.863156129	0.119075897	28	1735	-1	-1	113639.12	Trial1	Trial1	1.91287657216051
19	83-0252	UME_081104_P43_WF09_3	3	UME_081104_P43_WF09	772021.7	7095788.7	772023.6673	7095787.273	72	68	772023.78	7095787.223	9.571	24.101	0.010349593	0.6145491	0.50398194	0.220049731	28	1733	5.64388119	99.9	140046.7443	Trial1	Trial1	1.84630761545206
27	83-0394	UME_081104_P43_WF12_1	1	UME_081104_P43_WF12	771983.7	7095784.7	771985.5602	7095784.089	34	64	771985.466	7095784.02	9.657	21.456	0.070751038	1.4259702	0.462387052	0.161450934	28	1702	-1	-1	103986.1314	Trial1	Trial1	1.84819948059
27	83-0394	UME_081104_P43_WF12_2	2	UME_081104_P43_WF12	771981.7	7095784.7	771983.5591	7095784.133	32	64	771983.46	7095784.028	8.529	20.052	0.031259091	0.9356808	0.477607474	0.12864408	28	1698	3.766418862	64.925	89291.71365	Trial1	Trial1	1.78465588662679
51	83-0787	UME_081104_P43_WG02_2	2	UME_081104_P43_WG02	772035.7	7095862.7	772039.2699	7095861.012	86	142	772039.392	7095861.016	9.298	16.165	0.122741127	2.753665	0.488347707	0.093190633	10	480	-1	-1	68460.54997	Trial1	Trial1	2.03278992488348
51	83-0787	UME_081104_P43_WG02_1	1	UME_081104_P43_WG02	772037.7	7095862.7	772041.271	7095860.968	88	142	772041.616	7095861.095	9.609	16.454	0.100313127	5.2633311	0.453127678	0.092582347	10	478	-1	-1	67805.37223	Trial1	Trial1	2.36281819453178
51	83-0787	UME_081104_P43_WG02_3	3	UME_081104_P43_WG02	772033.7	7095862.7	772037.2688	7095861.055	84	142	772037.348	7095860.971	12.455	22.022	0.202619746	6.9362999	0.414506202	0.196640616	10	474	4.847246494	87.05	128428.3587	Trial1	Trial1	2.596727683037
19	83-0222	UME_081104_P43_WG04_2	2	UME_081104_P43_WG04	772029.7	7095768.7	772031.2406	7095767.089	80	48	772031.178	7095767.211	11.089	20.187	0.045828107	1.5768548	0.489023705	0.17356591	32	2040	3.711770685	72.325	100673.3858	Trial1	Trial1	1.99039655678414
19	83-0222	UME_081104_P43_WG04_1	1	UME_081104_P43_WG04	772031.7	7095768.7	772033.2417	7095767.046	82	48	772033.196	7095767.164	9.796	18.63	0.027069354	0.9583179	0.548219839	0.146393626	32	2039	-1	-1	85096.05336	Trial1	Trial1	1.91046971476594
11	83-0117	UME_081104_P43_WG05_2	2	UME_081104_P43_WG05	772059.7	7095776.7	772061.4295	7095774.447	110	56	772061.257	7095774.566	7.397	11.339	0.059564335	1.1664496	0.851313994	0.063585275	30	1922	-1	-1	30469.24037	Trial1	Trial1	1.92857902612774
11	83-0117	UME_081104_P43_WG05_1	1	UME_081104_P43_WG05	772061.7	7095776.7	772063.4306	7095774.404	112	56	772063.213	7095774.614	8.386	20.36	0.020940666	0.7266273	0.562154087	0.153482288	30	1920	-1	-1	98891.67699	Trial1	Trial1	1.87075222863645
11	83-0117	UME_081104_P43_WG05_3	3	UME_081104_P43_WG05	772057.7	7095776.7	772059.4284	7095774.49	108	56	772059.245	7095774.647	11.475	22.715	0.028610773	1.0557461	0.505303663	0.234959194	30	1918	4.593285609	78.6	112889.2461	Trial1	Trial1	1.91282927870948
19	83-0263	UME_081104_P43_WG07_1	1	UME_081104_P43_WG07	772019.7	7095780.7	772021.4938	7095779.311	70	60	772021.31	7095779.291	12.06	20.817	0.022472757	0.8999215	0.447399854	0.183644737	30	1880	-1	-1	105849.7748	Trial1	Trial1	1.88664028445462
19	83-0263	UME_081104_P43_WG07_2	2	UME_081104_P43_WG07	772017.7	7095780.7	772019.4927	7095779.354	68	60	772019.343	7095779.346	12.986	31.08	0.047556971	1.7840642	0.659347082	0.649577148	30	1878	7.044688432	138.25	274596.329	Trial1	Trial1	2.00424236781419
19	83-0263	UME_081104_P43_WG07_3	3	UME_081104_P43_WG07	772015.7	7095780.7	772017.4916	7095779.398	66	60	772017.321	7095779.488	8.142	19.041	0.041402496	1.8221767	0.502315478	0.116459803	30	1877	-1	-1	83052.91969	Trial1	Trial1	2.00889115117104
11	83-0132	UME_081104_P43_WG08_1	1	UME_081104_P43_WG08	772055.7	7095776.7	772057.4273	7095774.533	106	56	772057.556	7095774.743	10.751	18.423	0.067340252	1.0997662	0.443331998	0.127052589	30	1916	-1	-1	78240.08919	Trial1	Trial1	1.9177195855937
11	83-0132	UME_081104_P43_WG08_2	2	UME_081104_P43_WG08	772053.7	7095776.7	772055.4262	7095774.576	104	56	772055.706	7095774.691	11.131	23.143	0.020172142	0.8285533	0.439639103	0.205859	30	1913	4.440831535	79.6	124326.9798	Trial1	Trial1	1.88043606041433
11	83-0132	UME_081104_P43_WG08_3	3	UME_081104_P43_WG08	772051.7	7095776.7	772053.4251	7095774.62	102	56	772053.571	7095774.776	7.274	20.889	0.028388717	1.0837548	0.580292637	0.144668147	30	1907	-1	-1	103245.7649	Trial1	Trial1	1.91342245183233
7	83-0076	UME_081104_P43_WG09_1	1	UME_081104_P43_WG09	772073.7	7095788.7	772075.6958	7095786.152	124	68	772075.705	7095786.469	10.611	25.951	0.021741368	1.011513	0.488502901	0.274180552	28	1783	4.689955313	103.975	156998.1957	Trial1	Trial1	1.84869341277579
7	83-0076	UME_081104_P43_WG09_2	2	UME_081104_P43_WG09	772071.7	7095788.7	772073.6947	7095786.195	122	68	772073.607	7095786.371	9.405	24.38	0.032891628	1.0754575	0.560306256	0.246007459	28	1781	-1	-1	152932.5946	Trial1	Trial1	1.85726934069495
7	83-0076	UME_081104_P43_WG09_3	3	UME_081104_P43_WG09	772069.7	7095788.7	772071.6936	7095786.238	120	68	772071.599	7095786.495	5.931	24.444	0.028675507	1.1038647	0.64169449	0.178608687	28	1780	-1	-1	145274.7002	Trial1	Trial1	1.86120924443248
7	83-0041	UME_081104_P43_WG10_2	2	UME_081104_P43_WG10	772077.7	7095788.7	772079.698	7095786.066	128	68	772079.526	7095786.259	7.952	12.57	0.037758873	1.0417211	0.535615162	0.05285742	28	1791	-1	-1	33225.29013	Trial1	Trial1	1.85299945456003
7	83-0041	UME_081104_P43_WG10_1	1	UME_081104_P43_WG10	772079.7	7095788.7	772081.6991	7095786.023	130	68	772081.506	7095786.336	10.789	22.233	0.03726598	2.1526868	0.493296966	0.206633981	28	1788	4.836277148	92.525	119112.4114	Trial1	Trial1	2.0017342525724
11	83-0129	UME_081104_P43_WG11_1	1	UME_081104_P43_WG11	772055.7	7095788.7	772057.686	7095786.54	106	68	772057.608	7095786.741	12.666	21.369	0.059911769	2.6848819	0.296242396	0.134569052	28	1769	4.820996462	104.1	97821.58907	Trial1	Trial1	2.09651097114188
11	83-0129	UME_081104_P43_WG11_2	2	UME_081104_P43_WG11	772053.7	7095788.7	772055.6849	7095786.583	104	68	772055.488	7095786.929	9.098	18.236	0.041103592	2.1639764	0.432486615	0.102767069	28	1765	-1	-1	71709.56813	Trial1	Trial1	2.02750798211843
11	83-0129	UME_081104_P43_WG11_3	3	UME_081104_P43_WG11	772051.7	7095788.7	772053.6838	7095786.626	102	68	772053.574	7095786.848	6.368	13.156	0.018167259	0.9789039	0.556625873	0.048187185	28	1758	-1	-1	39199.37628	Trial1	Trial1	1.86971270554198
23	83-0295	UME_081104_P43_WG12_1	1	UME_081104_P43_WG12	772013.7	7095784.7	772015.5767	7095783.443	64	64	772015.528	7095783.511	5.887	17.297	0.028957762	0.8906955	0.698684365	0.0966519	28	1723	-1	-1	74950.88259	Trial1	Trial1	1.85817013036575
23	83-0295	UME_081104_P43_WG12_2	2	UME_081104_P43_WG12	772011.7	7095784.7	772013.5756	7095783.486	62	64	772013.524	7095783.477	12.2	21.251	0.143140086	3.6373484	0.338215178	0.146359879	28	1721	5.289632688	84.75	119228.1043	Trial1	Trial1	2.22536061939067
23	83-0295	UME_081104_P43_WG12_3	3	UME_081104_P43_WG12	772009.7	7095784.7	772011.5745	7095783.529	60	64	772011.537	7095783.665	12.824	22.245	0.034737943	1.209589	0.517943115	0.25814211	28	1717	-1	-1	115642.6983	Trial1	Trial1	1.90130571025464
67	83-1063	UME_081104_P43_WH01_1	1	UME_081104_P43_WH01	771965.7	7095862.7	771969.2315	7095862.52	16	142	771969.425	7095862.351	13.881	29.621	0.106642765	4.1577522	0.288013013	0.275504271	10	417	-1	-1	191812.663	Trial1	Trial1	2.23338856438329
67	83-1063	UME_081104_P43_WH01_2	2	UME_081104_P43_WH01	771963.7	7095862.7	771967.2304	7095862.563	14	142	771967.42	7095862.392	6.35	17.222	0.02432423	0.7513947	0.674820073	0.099825081	10	416	7.944437712	89.925	70669.2599	Trial1	Trial1	1.77236084264627
67	83-1063	UME_081104_P43_WH01_3	3	UME_081104_P43_WH01	771961.7	7095862.7	771965.2293	7095862.606	12	142	771965.479	7095862.444	12.003	22.421	0.037878474	1.6343928	0.589431068	0.279331281	10	412	-1	-1	144723.9533	Trial1	Trial1	1.88465000974867
47	83-0713	UME_081104_P43_WH02_1	1	UME_081104_P43_WH02	772055.7	7095866.7	772059.3671	7095864.583	106	146	772059.76	7095864.9	8.337	15.674	0.021242022	0.7272217	0.54027734	0.086908974	8	356	-1	-1	56988.55691	Trial1	Trial1	1.78593211212844
47	83-0713	UME_081104_P43_WH02_2	2	UME_081104_P43_WH02	772053.7	7095866.7	772057.366	7095864.626	104	146	772057.679	7095864.89	12.205	28.659	0.024903068	0.992635	0.460365634	0.362467462	8	355	4.867581573	103.5	187082.4176	Trial1	Trial1	1.82686213853985
47	83-0713	UME_081104_P43_WH02_3	3	UME_081104_P43_WH02	772051.7	7095866.7	772055.3649	7095864.669	102	146	772055.749	7095864.985	10.052	19.706	0.135977649	3.056576	0.445937913	0.136724186	8	350	-1	-1	91378.34983	Trial1	Trial1	2.10821232350875
3	81-0006	UME_081104_P43_WH03_1	1	UME_081104_P43_WH03	772103.7	7095776.7	772105.4537	7095773.499	154	56	772105.644	7095773.759	7.735	15.794	0.066835418	2.3324656	0.42221302	0.063978982	30	1958	-1	-1	51155.89317	Trial1	Trial1	2.00627799363928
3	81-0006	UME_081104_P43_WH03_2	2	UME_081104_P43_WH03	772101.7	7095776.7	772103.4526	7095773.542	152	56	772103.64	7095773.952	8.775	15.414	0.086821364	3.3095921	0.514510634	0.084253262	30	1952	4.849539076	59.925	53281.20077	Trial1	Trial1	2.13476422731207
3	81-0006	UME_081104_P43_WH03_3	3	UME_081104_P43_WH03	772099.7	7095776.7	772101.4515	7095773.585	150	56	772101.522	7095773.954	7.653	13.239	0.014424221	0.6555751	0.603184153	0.063541505	30	1950	-1	-1	44564.34453	Trial1	Trial1	1.77806949569275
7	83-0044	UME_081104_P43_WH04_1	1	UME_081104_P43_WH04	772079.7	7095776.7	772081.4405	7095774.016	130	56	772081.3	7095774.265	10.495	29.482	0.100384853	2.2714399	0.443690262	0.317891746	30	1937	-1	-1	219153.3701	Trial1	Trial1	2.06669850213465
7	83-0044	UME_081104_P43_WH04_2	2	UME_081104_P43_WH04	772077.7	7095776.7	772079.4394	7095774.059	128	56	772079.318	7095774.301	5.221	15.729	0.031286103	0.9650428	0.612368422	0.062121708	30	1936	2.607786629	52.7	52836.7476	Trial1	Trial1	1.89085640740352
7	83-0044	UME_081104_P43_WH04_3	3	UME_081104_P43_WH04	772075.7	7095776.7	772077.4383	7095774.102	126	56	772077.259	7095774.356	2.929	9.741	0.018193554	1.843247	0.742135396	0.016199099	30	1929	-1	-1	15965.47023	Trial1	Trial1	2.00697521941119
27	83-0398	UME_081104_P43_WH05_1	1	UME_081104_P43_WH05	771983.7	7095768.7	771985.2154	7095768.081	34	48	771985.091	7095768.059	9.345	19.094	0.045313424	1.3914233	0.712407343	0.190634909	32	1991	-1	-1	87967.19267	Trial1	Trial1	1.8356705378836
27	83-0398	UME_081104_P43_WH05_2	2	UME_081104_P43_WH05	771981.7	7095768.7	771983.2143	7095768.124	32	48	771983.07	7095768.042	7.147	21.158	0.023862811	0.9815218	0.688848667	0.173103874	32	1988	4.541645149	89.2	113651.0864	Trial1	Trial1	1.78421836508457
3	81-0058	UME_081104_P43_WH07_2	2	UME_081104_P43_WH07	772089.7	7095784.7	772091.6184	7095781.805	140	64	772091.455	7095782.311	11.459	22.625	0.15837221	3.9216728	0.329840909	0.151958902	28	1798	-1	-1	104073.7588	Trial1	Trial1	2.16721202853876
3	81-0058	UME_081104_P43_WH07_1	1	UME_081104_P43_WH07	772091.7	7095784.7	772093.6195	7095781.762	142	64	772093.513	7095781.994	11.349	18.73	0.134899895	5.0777035	0.371064291	0.116026699	28	1796	4.101182724	64.25	72439.6215	Trial1	Trial1	2.32282212731391
3	81-0047	UME_081104_P43_WH08_1	1	UME_081104_P43_WH08	772097.7	7095784.7	772099.6228	7095781.632	148	64	772099.539	7095781.843	12.333	20.675	0.052423517	0.8241765	0.563858168	0.233456574	28	1805	3.710184774	72.5	109767.4943	Trial1	Trial1	1.75825828971917
3	81-0047	UME_081104_P43_WH08_3	3	UME_081104_P43_WH08	772093.7	7095784.7	772095.6206	7095781.719	144	64	772095.614	7095782.004	9.466	14.373	0.025709901	0.3629859	0.595067801	0.091393706	28	1801	-1	-1	46795.53742	Trial1	Trial1	1.69406353423726
3	81-0047	UME_081104_P43_WH08_2	2	UME_081104_P43_WH08	772095.7	7095784.7	772097.6217	7095781.676	146	64	772097.491	7095781.936	6.632	15.441	0.070575099	2.5956228	0.677401456	0.084126157	28	1799	-1	-1	61202.81891	Trial1	Trial1	1.99365019839332
23	83-0296	UME_081104_P43_WH10_1	1	UME_081104_P43_WH10	772013.7	7095788.7	772015.6629	7095787.445	64	68	772015.711	7095787.266	12.156	17.61	0.093940265	2.194615	0.4842035	0.143356721	28	1725	3.601740327	56.3	73434.95021	Trial1	Trial1	2.0324374164344
23	83-0296	UME_081104_P43_WH10_3	3	UME_081104_P43_WH10	772009.7	7095788.7	772011.6607	7095787.531	60	68	772011.872	7095787.586	8.08	12.848	0.056374393	1.1878631	0.561259643	0.05879397	28	1722	-1	-1	40160.28858	Trial1	Trial1	1.89915438691344
23	83-0296	UME_081104_P43_WH10_2	2	UME_081104_P43_WH10	772011.7	7095788.7	772013.6618	7095787.488	62	68	772013.856	7095787.32	5.685	9.723	0.039346925	1.2009578	0.699774645	0.029537934	28	1719	-1	-1	23892.3752	Trial1	Trial1	1.90021796469959
23	83-0306	UME_081104_P43_WH12_2	2	UME_081104_P43_WH12	772005.7	7095784.7	772007.5723	7095783.615	56	64	772007.523	7095783.511	10.754	27.08	0.191452234	3.1704334	0.3784665	0.234410238	28	1720	6.400990979	105.95	168931.2222	Trial1	Trial1	2.16446028621919
23	83-0306	UME_081104_P43_WH12_3	3	UME_081104_P43_WH12	772003.7	7095784.7	772005.5712	7095783.658	54	64	772005.507	7095783.605	10.784	27.032	0.031710272	1.40608	0.523324699	0.323901164	28	1715	-1	-1	177286.1525	Trial1	Trial1	1.92956642652245
66	83-1039	UME_081104_P44_WA01_1	1	UME_081104_P44_WA01	771971.7	7095850.7	771974.9761	7095850.384	22	130	771975.157	7095850.063	10.397	23.273	0.173671447	6.0238163	0.278237315	0.123060948	12	550	4.758902336	84.2	111720.9153	Trial1	Trial1	2.52825225450029
66	83-1039	UME_081104_P44_WA01_2	2	UME_081104_P44_WA01	771969.7	7095850.7	771972.975	7095850.427	20	130	771972.978	7095850.365	8.222	12.575	0.020028233	0.7958758	0.504870435	0.051557389	12	549	-1	-1	36343.66354	Trial1	Trial1	1.82447211086182
46	83-0717	UME_081104_P44_WA02_1	1	UME_081104_P44_WA02	772055.7	7095850.7	772059.0222	7095848.574	106	130	772059.226	7095848.75	12.598	26.707	0.022744756	1.6355816	0.411495254	0.290401648	12	626	6.663013613	109.225	157382.4835	Trial1	Trial1	1.94530271102543
46	83-0717	UME_081104_P44_WA02_2	2	UME_081104_P44_WA02	772053.7	7095850.7	772057.0211	7095848.617	104	130	772057.123	7095848.839	11.433	18.395	0.043727785	1.694433	0.58812357	0.178704824	12	624	-1	-1	83158.90901	Trial1	Trial1	1.95785540053397
46	83-0717	UME_081104_P44_WA02_3	3	UME_081104_P44_WA02	772051.7	7095850.7	772055.02	7095848.66	102	130	772055.34	7095848.926	8.598	23.396	0.047193823	1.4345321	0.623121923	0.230318053	12	622	-1	-1	130993.5249	Trial1	Trial1	1.92793658113236
38	83-0534	UME_081104_P44_WA03_1	1	UME_081104_P44_WA03	772103.7	7095846.7	772106.9624	7095843.537	154	126	772106.759	7095843.356	6.726	8.451	0.046283985	1.8465125	0.63230523	0.023853568	14	816	4.559531036	64.5	16892.84776	Trial1	Trial1	2.00996922346653
70	83-1085	UME_081104_P44_WA04_1	1	UME_081104_P44_WA04	771959.7	7095850.7	771962.9696	7095850.643	10	130	771963.225	7095850.52	10.033	20.253	0.048027295	2.0007037	0.543247968	0.175586484	12	541	-1	-1	100091.2052	Trial1	Trial1	1.89817219654245
70	83-1085	UME_081104_P44_WA04_2	2	UME_081104_P44_WA04	771957.7	7095850.7	771960.9685	7095850.686	8	130	771961.145	7095850.579	10.068	16.176	0.090833803	3.5708756	0.653542159	0.135216556	12	539	-1	-1	66706.1241	Trial1	Trial1	2.10346061292372
70	83-1085	UME_081104_P44_WA04_3	3	UME_081104_P44_WA04	771955.7	7095850.7	771958.9674	7095850.729	6	130	771959.261	7095850.494	8.817	25.846	0.04146755	1.6364594	0.566041264	0.261836002	12	538	5.511411806	107.275	156712.0874	Trial1	Trial1	1.84056581528185
67	Y693	UME_081104_P44_WA05_1	1	UME_081104_P44_WA05	771971.7	7095858.7	771975.1486	7095858.389	22	138	771975.388	7095858.289	9.74	17.984	0.131096488	4.2405377	0.467823223	0.11575107	10	418	4.413276213	86.05	78162.58211	Trial1	Trial1	2.27212511237531
43	83-0620	UME_081104_P44_WA06_1	1	UME_081104_P44_WA06	772079.7	7095870.7	772083.4665	7095868.068	130	150	772083.809	7095868.493	12.277	23.838	0.09509282	1.7887817	0.428308019	0.234687645	8	387	4.253201336	86.45	130189.0017	Trial1	Trial1	1.85799642322828
43	83-0620	UME_081104_P44_WA06_3	3	UME_081104_P44_WA06	772075.7	7095870.7	772079.4643	7095868.154	126	150	772079.836	7095868.587	10.47	17.4	0.090200412	2.2178145	0.473301487	0.117837587	8	386	-1	-1	73089.79835	Trial1	Trial1	1.92230698825414
43	83-0620	UME_081104_P44_WA06_2	2	UME_081104_P44_WA06	772077.7	7095870.7	772081.4654	7095868.111	128	150	772081.705	7095868.401	12.013	21.018	0.033293373	1.0943069	0.480346176	0.200206698	8	378	-1	-1	103427.2562	Trial1	Trial1	1.76870082807374
38	83-0552	UME_081104_P44_WA07_1	1	UME_081104_P44_WA07	772097.7	7095842.7	772100.8729	7095839.664	148	122	772101.123	7095839.94	8.784	17.805	0.027732249	0.8157968	0.520582491	0.113856717	14	812	4.986957569	69.725	73595.89984	Trial1	Trial1	1.89135599623098
38	83-0552	UME_081104_P44_WA07_2	2	UME_081104_P44_WA07	772095.7	7095842.7	772098.8718	7095839.707	146	122	772098.974	7095839.922	8.955	16.668	0.033740651	1.3741089	0.561829226	0.109786004	14	808	-1	-1	65142.6784	Trial1	Trial1	1.96863492367508
51	83-0743	UME_081104_P44_WA08_1	1	UME_081104_P44_WA08	772049.7	7095870.7	772053.45	7095868.714	100	150	772053.613	7095868.471	10.706	16.202	0.128765289	2.6023517	0.42247615	0.093256968	8	354	2.806901902	52.3	58334.59506	Trial1	Trial1	1.96476596198637
51	83-0743	UME_081104_P44_WA08_3	3	UME_081104_P44_WA08	772045.7	7095870.7	772049.4478	7095868.8	96	150	772049.834	7095868.784	9.074	11.534	0.092452782	1.9900491	0.788905869	0.074798194	8	352	-1	-1	30478.73431	Trial1	Trial1	1.89470682004159
51	83-0743	UME_081104_P44_WA08_2	2	UME_081104_P44_WA08	772047.7	7095870.7	772051.4489	7095868.757	98	150	772051.764	7095868.61	10.506	13.041	0.022427544	0.6108991	0.51161835	0.071795212	8	351	-1	-1	40156.31129	Trial1	Trial1	1.70451040924714
50	83-0738	UME_081104_P44_WA09_2	2	UME_081104_P44_WA09	772047.7	7095850.7	772051.0179	7095848.746	98	130	772051.169	7095848.994	11.507	26.498	0.043231632	0.9158838	0.445588735	0.28275389	12	621	4.82291375	90.025	176839.7592	Trial1	Trial1	1.80787386626216
50	83-0738	UME_081104_P44_WA09_1	1	UME_081104_P44_WA09	772049.7	7095850.7	772053.0189	7095848.703	100	130	772053.177	7095848.982	10.428	20.867	0.168978886	4.9029233	0.453019605	0.161559964	12	618	-1	-1	105817.5354	Trial1	Trial1	2.33561117527321
50	83-0738	UME_081104_P44_WA09_3	3	UME_081104_P44_WA09	772045.7	7095850.7	772049.0168	7095848.789	96	130	772049.141	7095849.011	9.199	23.513	0.042031962	1.3709292	0.549119289	0.219329629	12	617	-1	-1	126605.4994	Trial1	Trial1	1.87374511598729
63	83-0940	UME_081104_P44_WA10_1	1	UME_081104_P44_WA10	771995.7	7095878.7	771999.5928	7095877.882	46	158	771999.831	7095877.617	10.813	20.228	0.143298491	4.1043195	0.421507546	0.146466581	6	178	4.820466293	86.025	94942.40608	Trial1	Trial1	2.2487335368298
63	83-0940	UME_081104_P44_WA10_2	2	UME_081104_P44_WA10	771993.7	7095878.7	771997.5917	7095877.926	44	158	771997.838	7095877.682	6.701	14.081	0.038119324	2.0409933	0.512932398	0.053521363	6	176	-1	-1	42834.78679	Trial1	Trial1	1.96920870134876
63	83-0940	UME_081104_P44_WA10_3	3	UME_081104_P44_WA10	771991.7	7095878.7	771995.5906	7095877.969	42	158	771995.757	7095877.822	6.651	19.183	0.067092752	2.8224837	0.708420442	0.136181937	6	174	-1	-1	92730.9749	Trial1	Trial1	2.06904370430853
55	83-0805	UME_081104_P44_WA11_2	2	UME_081104_P44_WA11	772029.7	7095866.7	772033.3528	7095865.143	80	146	772033.636	7095865.039	12.159	26.323	0.082278708	1.87805	0.338994961	0.224310145	8	339	4.944570449	85.85	154517.6822	Trial1	Trial1	1.96836970535775
55	83-0805	UME_081104_P44_WA11_3	3	UME_081104_P44_WA11	772027.7	7095866.7	772031.3517	7095865.186	78	146	772031.617	7095865.113	11.132	22.497	0.102504284	1.5674943	0.40727031	0.180212439	8	338	-1	-1	111319.1209	Trial1	Trial1	1.9310437846678
55	83-0805	UME_081104_P44_WA11_1	1	UME_081104_P44_WA11	772031.7	7095866.7	772035.3539	7095865.1	82	146	772035.605	7095864.993	7.854	23.586	0.022859074	0.8350423	0.568837292	0.195207321	8	334	-1	-1	140881.4928	Trial1	Trial1	1.82448541878802
62	83-0993	UME_081104_P44_WB01_1	1	UME_081104_P44_WB01	771983.7	7095850.7	771986.9827	7095850.126	34	130	771987.394	7095850.26	7.71	15.483	0.012804528	0.4284516	0.529119304	0.076809212	12	564	4.70549051	64.525	53256.20155	Trial1	Trial1	1.75462273974362
62	83-0993	UME_081104_P44_WB01_2	2	UME_081104_P44_WB01	771981.7	7095850.7	771984.9816	7095850.169	32	130	771985.292	7095850.093	7.858	11.917	0.037916928	0.7875422	0.59266991	0.05194282	12	561	-1	-1	35154.60771	Trial1	Trial1	1.7979505826742
62	83-0993	UME_081104_P44_WB01_3	3	UME_081104_P44_WB01	771979.7	7095850.7	771982.9805	7095850.212	30	130	771983.332	7095850.119	9.599	12.635	0.04196218	1.0239909	0.455136724	0.054773923	12	560	-1	-1	35011.81343	Trial1	Trial1	1.82469168264528
54	83-0828	UME_081104_P44_WB02_1	1	UME_081104_P44_WB02	772025.7	7095842.7	772028.8334	7095841.216	76	122	772028.901	7095841.375	7.043	9.987	0.034729836	0.9763022	0.567585567	0.031313449	14	745	-1	-1	22676.65131	Trial1	Trial1	1.80843766689291
54	83-0828	UME_081104_P44_WB02_2	2	UME_081104_P44_WB02	772023.7	7095842.7	772026.8323	7095841.259	74	122	772026.904	7095841.387	9.724	14.098	0.014883073	0.5129649	0.476506746	0.072333348	14	743	-1	-1	45141.52642	Trial1	Trial1	1.75008674685167
54	83-0828	UME_081104_P44_WB02_3	3	UME_081104_P44_WB02	772021.7	7095842.7	772024.8312	7095841.302	72	122	772024.839	7095841.336	10.106	17.191	0.223361354	5.4199301	0.406087359	0.095260537	14	740	4.064588436	70.425	67965.29646	Trial1	Trial1	2.40912153405886
62	U1001	UME_081104_P44_WB03_1	1	UME_081104_P44_WB03	771983.7	7095854.7	771987.0689	7095854.128	34	134	771986.998	7095854.024	9.228	16.343	0.106732671	2.8550422	0.386645535	0.074851008	12	566	-1	-1	63134.02715	Trial1	Trial1	2.07228982797592
62	U1001	UME_081104_P44_WB03_2	2	UME_081104_P44_WB03	771981.7	7095854.7	771985.0678	7095854.171	32	134	771985.364	7095854.008	11.045	20.216	0.035178018	1.3241028	0.485783768	0.172224016	12	558	-1	-1	104574.1299	Trial1	Trial1	1.86273061650056
62	U1001	UME_081104_P44_WB03_3	3	UME_081104_P44_WB03	771979.7	7095854.7	771983.0667	7095854.214	30	134	771983.416	7095853.993	11.82	25.033	0.041086113	1.7548213	0.325064606	0.18911054	12	557	4.508966841	87.175	132311.8625	Trial1	Trial1	1.91507965343519
50	83-0736	UME_081104_P44_WB04_3	3	UME_081104_P44_WB04	772045.7	7095842.7	772048.8443	7095840.785	96	122	772049.277	7095840.773	13.219	24.837	0.112053897	1.9248871	0.355244213	0.227519219	14	768	-1	-1	148810.8238	Trial1	Trial1	1.9583705509038
50	83-0736	UME_081104_P44_WB04_1	1	UME_081104_P44_WB04	772049.7	7095842.7	772052.8465	7095840.699	100	122	772053.313	7095840.747	12.957	22.752	0.068341654	2.5613296	0.475129802	0.250300715	14	763	-1	-1	131843.1827	Trial1	Trial1	2.03420530594424
50	83-0736	UME_081104_P44_WB04_2	2	UME_081104_P44_WB04	772047.7	7095842.7	772050.8454	7095840.742	98	122	772051.299	7095840.768	7.609	17.036	0.054481264	1.9185637	0.602834827	0.10455545	14	762	5.074702479	69.85	70772.43387	Trial1	Trial1	1.95288151469423
47	83-0666	UME_081104_P44_WB05_2	2	UME_081104_P44_WB05	772065.7	7095870.7	772069.4588	7095868.369	116	150	772069.667	7095868.54	12.423	25.699	0.077223996	2.3866423	0.638972393	0.411759832	8	370	6.251422773	101.575	194393.2749	Trial1	Trial1	1.97638015029685
54	83-0811	UME_081104_P44_WB07_3	3	UME_081104_P44_WB07	772027.7	7095842.7	772030.8345	7095841.173	78	122	772031.049	7095841.252	12.735	22.129	0.071572953	1.4294055	0.473666426	0.232004753	14	751	-1	-1	124645.5273	Trial1	Trial1	1.86523085547512
54	83-0811	UME_081104_P44_WB07_2	2	UME_081104_P44_WB07	772029.7	7095842.7	772032.8355	7095841.13	80	122	772032.975	7095841.154	7.546	19.961	0.038626618	1.4057633	0.574623853	0.135692164	14	747	-1	-1	103928.6166	Trial1	Trial1	1.85814829080514
54	83-0811	UME_081104_P44_WB07_1	1	UME_081104_P44_WB07	772031.7	7095842.7	772034.8366	7095841.087	82	122	772034.979	7095841.183	9.611	21.806	0.048110284	1.8770516	0.404676899	0.145254679	14	746	5.193613887	99.2	101886.7266	Trial1	Trial1	1.91701005081615
66	83-1012	UME_081104_P44_WB08_1	1	UME_081104_P44_WB08	771977.7	7095842.7	771980.807	7095842.251	28	122	771981.196	7095842.249	10.318	16.848	0.033691849	0.8712338	0.49137373	0.113027626	14	703	3.989871421	69.7	71125.97087	Trial1	Trial1	1.87012114703014
66	83-1012	UME_081104_P44_WB08_3	3	UME_081104_P44_WB08	771973.7	7095842.7	771976.8048	7095842.337	24	122	771977.139	7095842.266	8.615	16.961	0.040651464	0.9753283	0.541487507	0.105399537	14	699	-1	-1	72199.37554	Trial1	Trial1	1.875211296897
66	83-1012	UME_081104_P44_WB08_2	2	UME_081104_P44_WB08	771975.7	7095842.7	771978.8059	7095842.294	26	122	771979.187	7095842.25	3.603	17.072	0.021934724	0.74513	0.935864166	0.077180948	14	696	-1	-1	69669.37129	Trial1	Trial1	1.84889730239935
42	83-0646	UME_081104_P44_WB09_1	1	UME_081104_P44_WB09	772073.7	7095850.7	772077.0321	7095848.186	124	130	772077.254	7095848.345	12.203	24.988	0.072974096	2.9735014	0.456054575	0.272912804	12	640	-1	-1	148540.7805	Trial1	Trial1	2.11415229762347
42	83-0646	UME_081104_P44_WB09_2	2	UME_081104_P44_WB09	772071.7	7095850.7	772075.031	7095848.229	122	130	772075.279	7095848.539	12.018	21.927	0.092321863	2.4192654	0.455764804	0.206834879	12	639	-1	-1	111727.4462	Trial1	Trial1	2.04290048248647
42	83-0646	UME_081104_P44_WB09_3	3	UME_081104_P44_WB09	772069.7	7095850.7	772073.0299	7095848.272	120	130	772073.17	7095848.502	8.213	21.509	0.022163091	0.7280075	0.634972703	0.189498267	12	635	9.21077586	103.675	110719.9559	Trial1	Trial1	1.81994649077223
47	83-0699	UME_081104_P44_WB10_2	2	UME_081104_P44_WB10	772059.7	7095878.7	772063.6279	7095876.503	110	158	772063.777	7095876.669	11.423	26.099	0.027232169	1.8406348	0.437780871	0.26752547	6	236	5.076279492	84.075	146151.6557	Trial1	Trial1	1.90853841399833
47	83-0699	UME_081104_P44_WB10_3	3	UME_081104_P44_WB10	772057.7	7095878.7	772061.6268	7095876.546	108	158	772061.854	7095876.661	7.636	10.034	0.014283791	0.5988476	0.651360442	0.039332825	6	235	-1	-1	25124.43649	Trial1	Trial1	1.74815289405452
47	83-0695	UME_081104_P44_WB11_2	2	UME_081104_P44_WB11	772059.7	7095862.7	772063.2831	7095860.494	110	142	772063.369	7095860.747	12.229	23.687	0.068411812	3.2891207	0.467860689	0.252135377	10	496	6.602150322	90.475	132377.916	Trial1	Trial1	2.12359978572618
11	83-0086	UME_081104_P44_WB12_1	1	UME_081104_P44_WB12	772067.7	7095784.7	772069.6063	7095782.279	118	64	772069.555	7095782.505	8.148	19.504	0.056955285	1.769088	0.430533116	0.104812139	28	1775	-1	-1	93759.01157	Trial1	Trial1	1.9843720299039
11	83-0086	UME_081104_P44_WB12_3	3	UME_081104_P44_WB12	772063.7	7095784.7	772065.6041	7095782.365	114	64	772065.578	7095782.559	12.044	22.724	0.084497615	2.4234165	0.384433159	0.187784629	28	1774	5.327589672	99.1	125065.5855	Trial1	Trial1	2.07179350089056
11	83-0086	UME_081104_P44_WB12_2	2	UME_081104_P44_WB12	772065.7	7095784.7	772067.6052	7095782.322	116	64	772067.551	7095782.484	6.104	20.489	0.015311529	0.4791739	0.675813003	0.136015406	28	1773	-1	-1	99535.89201	Trial1	Trial1	1.8119539665434
54	83-0830	UME_081104_P44_WC01_1	1	UME_081104_P44_WC01	772025.7	7095850.7	772029.0058	7095849.22	76	130	772029.219	7095849.198	8.433	14.751	0.051420349	1.233967	0.361652255	0.052120067	12	607	-1	-1	36461.24026	Trial1	Trial1	1.83581664243512
54	83-0830	UME_081104_P44_WC01_2	2	UME_081104_P44_WC01	772023.7	7095850.7	772027.0047	7095849.264	74	130	772027.148	7095849.302	9.703	17.127	0.166895342	3.8489177	0.442060446	0.098817138	12	598	3.555103871	57.2	61942.6879	Trial1	Trial1	2.18879037433319
58	83-0876	UME_081104_P44_WC02_1	1	UME_081104_P44_WC02	772013.7	7095850.7	772016.9992	7095849.479	64	130	772017.323	7095849.755	13.339	24.004	0.026532523	0.9702849	0.510983174	0.308450636	12	590	4.617389615	80.575	139102.2321	Trial1	Trial1	1.69027747368325
58	83-0876	UME_081104_P44_WC02_2	2	UME_081104_P44_WC02	772011.7	7095850.7	772014.9981	7095849.522	62	130	772015.276	7095849.715	11.029	18.657	0.082503367	1.5967564	0.433191195	0.130610261	12	588	-1	-1	85737.46455	Trial1	Trial1	1.77609634737797
58	83-0876	UME_081104_P44_WC02_3	3	UME_081104_P44_WC02	772009.7	7095850.7	772012.997	7095849.565	60	130	772013.347	7095849.633	7.61	16.055	0.018081512	0.5842696	0.594678659	0.091616654	12	584	-1	-1	59880.36646	Trial1	Trial1	1.64262974147928
70	83-1107	UME_081104_P44_WC03_1	1	UME_081104_P44_WC03	771953.7	7095854.7	771957.0525	7095854.774	4	134	771957.488	7095854.528	9.251	19.157	0.124955554	1.8348664	0.546525034	0.145722339	12	537	-1	-1	83751.56302	Trial1	Trial1	1.85184095829916
70	83-1107	UME_081104_P44_WC03_3	3	UME_081104_P44_WC03	771949.7	7095854.7	771953.0503	7095854.861	0	134	771953.431	7095854.587	6.653	22.044	0.06609465	2.0601981	0.616433747	0.156523535	12	536	7.158879367	96.65	115581.0161	Trial1	Trial1	1.87290873000264
46	83-0718	UME_081104_P44_WC04_1	1	UME_081104_P44_WC04	772055.7	7095846.7	772058.936	7095844.572	106	126	772059.038	7095844.754	9.778	19.478	0.041184163	1.506241	0.69081176	0.201269967	14	775	4.119264046	72.9	97988.72244	Trial1	Trial1	1.93471848093438
46	83-0718	UME_081104_P44_WC04_2	2	UME_081104_P44_WC04	772053.7	7095846.7	772056.9349	7095844.615	104	126	772057.113	7095844.712	9.146	16.141	0.01069972	0.7078711	0.500298291	0.093626057	14	770	-1	-1	62047.60088	Trial1	Trial1	1.83248354717825
46	83-0718	UME_081104_P44_WC04_3	3	UME_081104_P44_WC04	772051.7	7095846.7	772054.9338	7095844.658	102	126	772054.979	7095844.803	7.315	21.164	0.036439414	1.4943342	0.519820701	0.133767135	14	767	-1	-1	100916.8324	Trial1	Trial1	1.94213751441098
67	83-1034	UME_081104_P44_WC05_2	2	UME_081104_P44_WC05	771969.7	7095870.7	771973.4061	7095870.438	20	150	771973.627	7095870.436	9.581	15.403	0.017611774	0.6893638	0.443302034	0.079146702	8	283	-1	-1	55083.2868	Trial1	Trial1	1.76306475189094
67	83-1034	UME_081104_P44_WC05_1	1	UME_081104_P44_WC05	771971.7	7095870.7	771975.4072	7095870.395	22	150	771975.674	7095870.41	11.835	28.279	0.056852943	3.1358099	0.44479183	0.330624798	8	282	6.224703114	108.15	186418.9975	Trial1	Trial1	2.09687673154012
67	83-1034	UME_081104_P44_WC05_3	3	UME_081104_P44_WC05	771967.7	7095870.7	771971.405	7095870.482	18	150	771971.531	7095870.589	8.448	17.883	0.018522025	0.6755066	0.49990621	0.10607173	8	281	-1	-1	74296.34413	Trial1	Trial1	1.75438460108437
46	83-0719	UME_081104_P44_WC07_1	1	UME_081104_P44_WC07	772055.7	7095842.7	772058.8498	7095840.57	106	122	772059.21	7095840.744	12.656	21.6	0.023937052	1.1764774	0.450852169	0.209083222	14	771	-1	-1	113703.0518	Trial1	Trial1	1.89638168215876
46	83-0719	UME_081104_P44_WC07_2	2	UME_081104_P44_WC07	772053.7	7095842.7	772056.8487	7095840.613	104	122	772057.217	7095840.684	3.218	3.583	0.0132281	1.6857344	0.933637847	0.002939628	14	769	-1	-1	2589.378109	Trial1	Trial1	1.96862435553068
46	83-0719	UME_081104_P44_WC07_3	3	UME_081104_P44_WC07	772051.7	7095842.7	772054.8476	7095840.656	102	122	772055.312	7095840.793	11.69	20.061	0.030875909	1.4983667	0.442595225	0.163534766	14	764	4.320793989	83.375	95209.47565	Trial1	Trial1	1.947910732451
62	83-0949	UME_081104_P44_WC08_1	1	UME_081104_P44_WC08	771995.7	7095842.7	771998.8169	7095841.863	46	122	771998.968	7095841.789	11.043	22.183	0.031268714	1.2807472	0.70350928	0.300250553	14	715	5.762964895	105.85	128107.3538	Trial1	Trial1	1.89669577409392
62	83-0949	UME_081104_P44_WC08_2	2	UME_081104_P44_WC08	771993.7	7095842.7	771996.8158	7095841.906	44	122	771996.879	7095842.018	8.581	20.265	0.024155566	0.9566807	0.572981245	0.158578564	14	714	-1	-1	98548.50986	Trial1	Trial1	1.85173937036173
62	83-0949	UME_081104_P44_WC08_3	3	UME_081104_P44_WC08	771991.7	7095842.7	771994.8147	7095841.949	42	122	771994.952	7095842.034	5.877	16.371	0.014236103	0.5909518	0.563726188	0.06973791	14	708	-1	-1	58494.07467	Trial1	Trial1	1.80071290516016
43	83-0604	UME_081104_P44_WC09_3	3	UME_081104_P44_WC09	772069.7	7095862.7	772073.2886	7095860.279	120	142	772074.01	7095860.307	5.565	10.052	0.026442617	9.6708429	0.479338638	0.02116826	10	504	-1	-1	18869.70547	Trial1	Trial1	2.71640148306732
43	83-0604	UME_081104_P44_WC09_2	2	UME_081104_P44_WC09	772071.7	7095862.7	772075.2897	7095860.236	122	142	772075.445	7095859.807	0.861	5.074	0.016597312	5.0055246	0	0.001885742	10	503	6.39524367	101.475	1615.099228	Trial1	Trial1	2.31641201260616
43	83-0604	UME_081104_P44_WC09_1	1	UME_081104_P44_WC09	772085.7	7095866.7	772089.3836	7095863.936	136	146	772089.58	7095864.535	12.257	25.969	0.096947605	4.0101107	0.444926598	0.288854348	8	391	-1	-1	197631.2319	Trial1	Trial1	2.1513118536989
43	83-0604	UME_081104_P44_WC09_2	2	UME_081104_P44_WC09	772083.7	7095866.7	772087.3825	7095863.979	134	146	772087.6	7095864.465	12.176	19.167	0.103792695	2.9867817	0.45073234	0.158356197	8	390	6.39524367	101.475	86159.48082	Trial1	Trial1	2.31641201260616
43	83-0604	UME_081104_P44_WC09_3	3	UME_081104_P44_WC09	772081.7	7095866.7	772085.3814	7095864.022	132	146	772085.588	7095864.489	9.799	16.581	0.096127754	1.6625722	0.503648859	0.106564716	8	385	-1	-1	62992.57805	Trial1	Trial1	2.71640148306732
7	83-0042	UME_081104_P44_WC12_2	2	UME_081104_P44_WC12	772077.7	7095784.7	772079.6118	7095782.064	128	64	772079.541	7095782.228	11.896	19.052	0.096956634	2.4039858	0.373173367	0.126558402	28	1790	-1	-1	73063.87867	Trial1	Trial1	2.0503107013035
7	83-0042	UME_081104_P44_WC12_1	1	UME_081104_P44_WC12	772079.7	7095784.7	772081.6129	7095782.02	130	64	772081.439	7095782.303	6.707	20.305	0.01320528	0.517697	0.610966932	0.132689821	28	1785	5.792189294	84.525	99180.75862	Trial1	Trial1	1.79887972095138
7	83-0042	UME_081104_P44_WC12_3	3	UME_081104_P44_WC12	772075.7	7095784.7	772077.6107	7095782.107	126	64	772077.512	7095782.378	11.102	16.337	0.24338354	3.7916601	0.425239376	0.098959142	28	1784	-1	-1	65362.74919	Trial1	Trial1	2.23520064005799
42	83-0626	UME_081104_P44_WD01_1	1	UME_081104_P44_WD01	772079.7	7095846.7	772082.9492	7095844.054	130	126	772083.076	7095844.167	5.822	16.412	0.029701044	0.9390027	0.622126882	0.076624201	14	793	-1	-1	65173.79671	Trial1	Trial1	1.84335553602759
42	83-0626	UME_081104_P44_WD01_2	2	UME_081104_P44_WD01	772077.7	7095846.7	772080.9481	7095844.098	128	126	772081.116	7095844.272	12.132	22.578	0.020824756	0.8584553	0.57057431	0.277153138	14	792	-1	-1	127897.3077	Trial1	Trial1	1.83493913304935
42	83-0626	UME_081104_P44_WD01_3	3	UME_081104_P44_WD01	772075.7	7095846.7	772078.947	7095844.141	126	126	772079.104	7095844.265	10.674	20.971	0.024753123	0.814204	0.575579511	0.212203179	14	789	4.19042532	79.3	114041.635	Trial1	Trial1	1.83140827821469
50	83-0739	UME_081104_P44_WD03_2	2	UME_081104_P44_WD03	772047.7	7095854.7	772051.1041	7095852.749	98	134	772051.329	7095852.753	7.124	16.807	0.061252923	1.7473513	0.487652643	0.0770739	12	623	-1	-1	63747.56536	Trial1	Trial1	1.91417690636062
50	83-0739	UME_081104_P44_WD03_1	1	UME_081104_P44_WD03	772049.7	7095854.7	772053.1052	7095852.705	100	134	772053.329	7095852.779	12.837	34.324	0.090061806	3.6266797	0.352820836	0.419092898	12	619	6.562595463	122.875	203413.4383	Trial1	Trial1	2.16007293119425
38	83-0579	UME_081104_P44_WD04_1	1	UME_081104_P44_WD04	772091.7	7095850.7	772095.042	7095847.798	142	130	772095.249	7095848.116	8.243	12.504	0.052260974	1.4562369	0.476199287	0.04820065	12	657	-1	-1	36179.41889	Trial1	Trial1	1.96560677584857
38	83-0579	UME_081104_P44_WD04_2	2	UME_081104_P44_WD04	772089.7	7095850.7	772093.0409	7095847.841	140	130	772093.18	7095848.265	10.741	19.61	0.021344173	0.7761306	0.443844349	0.143993237	12	656	4.509247625	70.875	90628.75525	Trial1	Trial1	1.8777469358007
38	83-0579	UME_081104_P44_WD04_3	3	UME_081104_P44_WD04	772087.7	7095850.7	772091.0398	7095847.884	138	130	772091.289	7095848.347	8.082	15.798	0.062339881	2.1272407	0.547335018	0.086709013	12	655	-1	-1	55630.37585	Trial1	Trial1	2.06118971684465
67	83-1062	UME_081104_P44_WD05_1	1	UME_081104_P44_WD05	771965.7	7095858.7	771969.1453	7095858.518	16	138	771969.345	7095858.563	12.982	24.075	0.101311621	2.4004434	0.55816586	0.329874078	10	422	5.406312391	92.625	144084.7221	Trial1	Trial1	2.00877556461839
67	83-1062	UME_081104_P44_WD05_2	2	UME_081104_P44_WD05	771963.7	7095858.7	771967.1442	7095858.561	14	138	771967.323	7095858.471	7.258	13.441	0.042933538	1.6560014	0.562016788	0.057878013	10	413	-1	-1	40869.36855	Trial1	Trial1	1.90374392120663
38	83-0535	UME_081104_P44_WD06_1	1	UME_081104_P44_WD06	772103.7	7095842.7	772106.8762	7095839.535	154	122	772106.991	7095839.851	8.606	14.886	0.083412716	2.1988753	0.438310246	0.065652858	14	817	3.560079294	54.8	52433.33803	Trial1	Trial1	2.0680117249573
38	83-0535	UME_081104_P44_WD06_2	2	UME_081104_P44_WD06	772101.7	7095842.7	772104.8751	7095839.578	152	122	772105.154	7095839.842	7.522	11.347	0.038839585	1.1352397	0.561499181	0.042711827	14	810	-1	-1	29055.17176	Trial1	Trial1	1.92861517518958
70	83-1104	UME_081104_P44_WD07_1	1	UME_081104_P44_WD07	771953.7	7095842.7	771956.7938	7095842.768	4	122	771956.894	7095842.584	14.163	23.392	0.235367984	3.2180216	0.429311488	0.261301009	14	682	5.115221622	84.45	137395.3224	Trial1	Trial1	2.07022023217985
70	83-1104	UME_081104_P44_WD07_2	2	UME_081104_P44_WD07	771951.7	7095842.7	771954.7927	7095842.811	2	122	771954.948	7095842.673	7.782	21.428	0.014625304	0.4085883	0.662552074	0.185944159	14	676	-1	-1	120110.6424	Trial1	Trial1	1.69109446531186
70	83-1104	UME_081104_P44_WD07_3	3	UME_081104_P44_WD07	771949.7	7095842.7	771952.7916	7095842.854	0	122	771952.886	7095842.512	11.829	19.638	0.224931438	3.9999121	0.380127421	0.136196322	14	675	-1	-1	98202.35966	Trial1	Trial1	2.16726652644018
58	83-0874	UME_081104_P44_WD08_1	1	UME_081104_P44_WD08	772013.7	7095842.7	772016.8268	7095841.475	64	122	772017.081	7095841.533	11.609	17.958	0.126338685	3.1085745	0.410116961	0.120591507	14	733	4.208206156	78.625	76388.18267	Trial1	Trial1	1.98286366669633
58	83-0874	UME_081104_P44_WD08_3	3	UME_081104_P44_WD08	772009.7	7095842.7	772012.8246	7095841.561	60	122	772013.064	7095841.575	6.589	16.219	0.033040542	0.964545	0.704991541	0.095970396	14	729	-1	-1	65278.92978	Trial1	Trial1	1.70034703104179
58	83-0874	UME_081104_P44_WD08_2	2	UME_081104_P44_WD08	772011.7	7095842.7	772014.8257	7095841.518	62	122	772015.092	7095841.577	9.199	15.442	0.057622406	1.823262	0.393532607	0.06779653	14	724	-1	-1	54501.75569	Trial1	Trial1	1.81325765026328
63	Bg52	UME_081104_P44_WD09_1	1	UME_081104_P44_WD09	771983.7	7095878.7	771987.5862	7095878.141	34	158	771988.15	7095877.999	11.336	22.407	0.178030425	5.6268823	0.326674648	0.146029269	6	168	5.249696682	76.4	91610.68934	Trial1	Trial1	2.41938358823231
63	Bg52	UME_081104_P44_WD09_3	3	UME_081104_P44_WD09	771979.7	7095878.7	771983.584	7095878.227	30	158	771984.175	7095878.059	2.624	5.072	0.006858622	0.4898002	1.012076876	0.005366106	6	165	-1	-1	5217.908904	Trial1	Trial1	1.718523322035
63	Bg52	UME_081104_P44_WD09_2	2	UME_081104_P44_WD09	771981.7	7095878.7	771985.5851	7095878.184	32	158	771986.41	7095877.862	8.871	25.303	0.014921474	2.7143554	0.403669438	0.163644604	6	164	-1	-1	110424.7628	Trial1	Trial1	2.02309336467517
55	83-0835	UME_081104_P44_WD10_1	1	UME_081104_P44_WD10	772025.7	7095870.7	772029.4368	7095869.231	76	150	772029.633	7095869.096	12.414	21.276	0.050682758	1.5384881	0.374701099	0.165375143	8	340	5.115654341	78.525	99549.95139	Trial1	Trial1	1.92794735930678
55	83-0804	UME_081104_P44_WD11_1	1	UME_081104_P44_WD11	772031.7	7095870.7	772035.4401	7095869.102	82	150	772035.569	7095869.116	8.346	17.728	0.023216874	1.0021409	0.53138546	0.109465006	8	337	-1	-1	76622.1417	Trial1	Trial1	1.84370230513049
55	83-0804	UME_081104_P44_WD11_2	2	UME_081104_P44_WD11	772029.7	7095870.7	772033.439	7095869.145	80	150	772033.629	7095869.088	9.363	15.375	0.046074153	1.574958	0.641755906	0.111555002	8	336	-1	-1	56094.65755	Trial1	Trial1	1.92481500410555
55	83-0804	UME_081104_P44_WD11_3	3	UME_081104_P44_WD11	772027.7	7095870.7	772031.4379	7095869.188	78	150	772031.479	7095869.1	10.15	16.156	0.02122677	0.8935251	0.671768151	0.139782362	8	335	3.813377553	74.45	65480.84583	Trial1	Trial1	1.83795862076643
19	83-0218	UME_081104_P44_WD12_1	1	UME_081104_P44_WD12	772031.7	7095784.7	772033.5866	7095783.055	82	64	772033.428	7095783.136	6.04	24.055	0.032941078	1.0375884	0.572958369	0.157270634	28	1739	-1	-1	116508.2027	Trial1	Trial1	1.90594520880104
19	83-0218	UME_081104_P44_WD12_2	2	UME_081104_P44_WD12	772029.7	7095784.7	772031.5855	7095783.098	80	64	772031.56	7095783.228	9.621	18.357	0.033687004	2.0147493	0.62813442	0.159948914	28	1738	-1	-1	105071.4726	Trial1	Trial1	2.03616282116168
19	83-0218	UME_081104_P44_WD12_3	3	UME_081104_P44_WD12	772027.7	7095784.7	772029.5844	7095783.141	78	64	772029.476	7095783.221	11.561	25.213	0.021663692	1.0067352	0.530293177	0.306092924	28	1737	4.928645497	94.225	164649.6563	Trial1	Trial1	1.9011413646883
58	83-0877	UME_081104_P44_WE01_1	1	UME_081104_P44_WE01	772013.7	7095854.7	772017.0854	7095853.481	64	134	772017.232	7095853.427	10.373	21.882	0.213776011	6.5145578	0.347611284	0.13559625	12	591	4.856630405	91.05	121337.4097	Trial1	Trial1	2.42606925367644
58	83-0877	UME_081104_P44_WE01_3	3	UME_081104_P44_WE01	772009.7	7095854.7	772013.0832	7095853.568	60	134	772013.306	7095853.562	10.015	18.456	0.371744945	11.691081	0.313425247	0.083975748	12	589	-1	-1	75877.79617	Trial1	Trial1	3.12164477665356
58	83-0877	UME_081104_P44_WE01_2	2	UME_081104_P44_WE01	772011.7	7095854.7	772015.0843	7095853.524	62	134	772015.248	7095853.499	6.154	19.971	0.01992357	0.7203008	0.680498066	0.131186113	12	586	-1	-1	96265.06029	Trial1	Trial1	1.65392747852401
62	83-0946	UME_081104_P44_WE02_1	1	UME_081104_P44_WE02	771995.7	7095854.7	771999.0755	7095853.869	46	134	771999.289	7095853.656	12.965	23.378	0.028606373	1.0714648	0.501420731	0.279045787	12	576	4.976715702	91.5	140061.7981	Trial1	Trial1	1.85550522661485
62	83-0946	UME_081104_P44_WE02_2	2	UME_081104_P44_WE02	771993.7	7095854.7	771997.0744	7095853.912	44	134	771997.406	7095853.75	4.971	20.033	0.13136679	4.5107586	0.731074459	0.11454473	12	574	-1	-1	86012.49831	Trial1	Trial1	2.31281619622999
62	83-0946	UME_081104_P44_WE02_3	3	UME_081104_P44_WE02	771991.7	7095854.7	771995.0733	7095853.955	42	134	771995.445	7095853.92	9.581	20.215	0.088197046	5.3080068	0.48662513	0.149637873	12	569	-1	-1	104786.234	Trial1	Trial1	2.41647795613572
38	83-0553	UME_081104_P44_WE03_1	1	UME_081104_P44_WE03	772097.7	7095846.7	772100.9591	7095843.666	148	126	772101.064	7095844.005	9.344	14.33	0.009505264	0.3464883	0.441300051	0.066507905	14	813	-1	-1	45287.76384	Trial1	Trial1	1.81846000128942
38	83-0553	UME_081104_P44_WE03_2	2	UME_081104_P44_WE03	772095.7	7095846.7	772098.958	7095843.71	146	126	772099.122	7095844.041	8.088	11.688	0.01648594	1.6411725	0.409740786	0.035559237	14	811	-1	-1	25951.96828	Trial1	Trial1	1.9944013806241
38	83-0553	UME_081104_P44_WE03_3	3	UME_081104_P44_WE03	772093.7	7095846.7	772096.9569	7095843.753	144	126	772097.097	7095844.034	9.576	14.879	0.014299302	0.8143885	0.35896985	0.059768584	14	809	3.388505104	55.75	43519.29528	Trial1	Trial1	1.88683531696574
66	83-1040	UME_081104_P44_WE04_1	1	UME_081104_P44_WE04	771971.7	7095846.7	771974.8899	7095846.382	22	126	771975.06	7095846.295	12.805	26.059	0.050825833	2.1564465	0.438790183	0.299668958	14	694	5.577675113	111.175	160697.6899	Trial1	Trial1	2.01985569987577
66	83-1040	UME_081104_P44_WE04_2	2	UME_081104_P44_WE04	771969.7	7095846.7	771972.8888	7095846.425	20	126	771972.98	7095846.2	11.908	19.45	0.022413557	1.0430735	0.47568501	0.1683016	14	693	-1	-1	93834.94711	Trial1	Trial1	1.86623241412835
46	83-0690	UME_081104_P44_WE05_1	1	UME_081104_P44_WE05	772061.7	7095842.7	772064.8531	7095840.44	112	122	772065.097	7095840.675	12.432	22.743	0.018738827	0.6431574	0.596868197	0.301456055	14	774	-1	-1	122707.4558	Trial1	Trial1	1.8133439707506
46	83-0690	UME_081104_P44_WE05_2	2	UME_081104_P44_WE05	772059.7	7095842.7	772062.852	7095840.483	110	122	772063.168	7095840.657	11.58	20.881	0.03126238	1.1728209	0.407532611	0.161600644	14	773	4.325580228	84.425	97464.73631	Trial1	Trial1	1.88790186042121
46	83-0690	UME_081104_P44_WE05_3	3	UME_081104_P44_WE05	772057.7	7095842.7	772060.8509	7095840.526	108	122	772061.306	7095840.791	8.278	13.997	0.01536402	0.5142443	0.634605575	0.080832133	14	772	-1	-1	45811.96329	Trial1	Trial1	1.80382638495269
62	83-0995	UME_081104_P44_WE06_1	1	UME_081104_P44_WE06	771983.7	7095842.7	771986.8103	7095842.121	34	122	771987.087	7095842.096	11.05	24.288	0.101597595	2.0863174	0.518872627	0.265641838	14	707	-1	-1	139598.4564	Trial1	Trial1	1.98776431808497
62	83-0995	UME_081104_P44_WE06_2	2	UME_081104_P44_WE06	771981.7	7095842.7	771984.8092	7095842.164	32	122	771985.086	7095842.168	10.939	20.684	0.14408565	3.7259295	0.471991513	0.173487135	14	704	5.269482426	94.275	106968.1425	Trial1	Trial1	2.2029041073315
62	83-0995	UME_081104_P44_WE06_3	3	UME_081104_P44_WE06	771979.7	7095842.7	771982.8081	7095842.208	30	122	771983.076	7095842.213	13.051	28.19	0.020057673	0.9018465	0.438712926	0.357365622	14	700	-1	-1	186465.9264	Trial1	Trial1	1.82143113560394
70	83-1086	UME_081104_P44_WE07_2	2	UME_081104_P44_WE07	771957.7	7095846.7	771960.8822	7095846.684	8	126	771961.019	7095846.477	11.608	18.846	0.206551884	2.7202599	0.537092578	0.173923108	14	690	-1	-1	82361.83111	Trial1	Trial1	2.00046391688777
70	83-1086	UME_081104_P44_WE07_1	1	UME_081104_P44_WE07	771959.7	7095846.7	771962.8833	7095846.641	10	126	771963.03	7095846.428	12.944	28.031	0.169560984	4.8710401	0.369215674	0.294921364	14	686	5.586668716	113.675	193803.4187	Trial1	Trial1	2.29207161245765
50	83-0764	UME_081104_P44_WE08_1	1	UME_081104_P44_WE08	772043.7	7095846.7	772046.9294	7095844.83	94	126	772047.164	7095844.825	13.242	22.792	0.084944124	3.1071652	0.561991714	0.303635073	14	760	4.681614568	87.225	125730.6516	Trial1	Trial1	2.11608351730398
50	83-0764	UME_081104_P44_WE08_2	2	UME_081104_P44_WE08	772041.7	7095846.7	772044.9283	7095844.873	92	126	772044.973	7095844.816	11.768	21.286	0.085235215	3.3555075	0.532755481	0.223105692	14	758	-1	-1	131791.2866	Trial1	Trial1	2.15420536267154
50	83-0764	UME_081104_P44_WE08_3	3	UME_081104_P44_WE08	772039.7	7095846.7	772042.9272	7095844.917	90	126	772043.001	7095844.922	8.044	13.875	0.020237948	0.7594649	0.535219352	0.062303632	14	757	-1	-1	44817.33886	Trial1	Trial1	1.81224895163059
39	83-0531	UME_081104_P44_WE09_1	1	UME_081104_P44_WE09	772103.7	7095858.7	772107.221	7095855.544	154	138	772107.377	7095855.731	6.091	17	0.023188043	1.1829707	0.545643562	0.07543473	10	532	3.725626974	63.425	62512.93538	Trial1	Trial1	1.68084322389683
39	83-0531	UME_081104_P44_WE09_2	2	UME_081104_P44_WE09	772101.7	7095858.7	772105.2199	7095855.587	152	138	772105.616	7095855.943	7.34	14.02	0.016421409	0.7911772	0.428486345	0.048555471	10	530	-1	-1	37971.95213	Trial1	Trial1	1.58395950219524
39	83-0531	UME_081104_P44_WE09_3	3	UME_081104_P44_WE09	772099.7	7095858.7	772103.2188	7095855.63	150	138	772103.8	7095855.92	7.357	12.025	0.035166347	1.5416314	0.639161392	0.05340059	10	529	-1	-1	35128.33391	Trial1	Trial1	1.73620093260032
39	83-0531	UME_081104_P44_WE09_2	2	UME_081104_P44_WE09	772089.7	7095866.7	772093.3857	7095863.85	140	146	772093.894	7095864.503	7.878	17.232	0.109664302	2.5263786	0.510293117	0.093756774	8	394	-1	-1	60850.43797	Trial1	Trial1	1.58395950219524
43	83-0648	UME_081104_P44_WE10_1	1	UME_081104_P44_WE10	772073.7	7095858.7	772077.2045	7095856.19	124	138	772077.279	7095856.235	11.576	23.602	0.048850409	1.9706761	0.311924395	0.157980224	10	509	4.800899164	83.825	120580.1699	Trial1	Trial1	1.91362970565067
43	83-0648	UME_081104_P44_WE10_2	2	UME_081104_P44_WE10	772071.7	7095858.7	772075.2034	7095856.233	122	138	772075.387	7095856.281	11.081	19.982	0.030530444	1.3600746	0.439347937	0.152664195	10	502	-1	-1	96807.80529	Trial1	Trial1	1.83516690939985
43	83-0648	UME_081104_P44_WE10_3	3	UME_081104_P44_WE10	772069.7	7095858.7	772073.2023	7095856.277	120	138	772073.563	7095856.409	4.531	13.652	0.023897093	1.5449065	0.538365871	0.035705616	10	501	-1	-1	33630.02132	Trial1	Trial1	1.86320559071603
43	83-0602	UME_081104_P44_WE11_1	1	UME_081104_P44_WE11	772085.7	7095858.7	772089.2111	7095855.932	136	138	772089.333	7095855.984	11.678	20.744	0.01719255	0.8587751	0.473689435	0.186963712	10	521	4.99141117	81.25	117203.7485	Trial1	Trial1	1.74733031119216
43	83-0602	UME_081104_P44_WE11_2	2	UME_081104_P44_WE11	772083.7	7095858.7	772087.21	7095855.975	134	138	772087.37	7095856.046	12.467	21.416	0.138004249	5.2348302	0.6583644	0.295668519	10	518	-1	-1	138543.9291	Trial1	Trial1	2.33520040511715
43	83-0602	UME_081104_P44_WE11_3	3	UME_081104_P44_WE11	772081.7	7095858.7	772085.2089	7095856.018	132	138	772085.539	7095856.1	8.605	20.684	0.049165798	1.439847	0.563400421	0.162904907	10	515	-1	-1	103586.8435	Trial1	Trial1	1.83112992475031
15	83-0207	UME_081104_P44_WE12_2	2	UME_081104_P44_WE12	772035.7	7095784.7	772037.5888	7095782.969	86	64	772037.414	7095783.133	3.739	18.034	0.052940552	1.7725942	0.930932385	0.088908746	28	1752	-1	-1	76543.13846	Trial1	Trial1	1.93612403205655
15	83-0207	UME_081104_P44_WE12_1	1	UME_081104_P44_WE12	772037.7	7095784.7	772039.5899	7095782.926	88	64	772039.638	7095782.921	10.329	16.228	0.03958081	1.4902316	0.37232605	0.07954309	28	1747	-1	-1	57316.01716	Trial1	Trial1	1.89873207069571
15	83-0207	UME_081104_P44_WE12_3	3	UME_081104_P44_WE12	772033.7	7095784.7	772035.5877	7095783.012	84	64	772035.507	7095783.1	11.257	19.686	0.020415687	1.0189402	0.485257664	0.166264183	28	1743	4.061724521	69.825	93154.52933	Trial1	Trial1	1.83507883885181
62	83-0947	UME_081104_P44_WF01_1	1	UME_081104_P44_WF01	771995.7	7095850.7	771998.9893	7095849.867	46	130	771999.197	7095849.705	6.148	23.186	0.067863149	2.2784413	0.644278271	0.167237161	12	573	-1	-1	126706.3293	Trial1	Trial1	2.0216985968577
62	83-0947	UME_081104_P44_WF01_3	3	UME_081104_P44_WF01	771991.7	7095850.7	771994.9871	7095849.953	42	130	771995.093	7095849.928	7.814	21.924	0.029553584	1.3252026	0.620179713	0.182948981	12	568	4.369231632	78.15	122202.869	Trial1	Trial1	1.88965889238167
58	83-0900	UME_081104_P44_WF02_1	1	UME_081104_P44_WF02	772007.7	7095854.7	772011.0821	7095853.611	58	134	772011.303	7095853.621	13.197	20.824	0.094561789	3.313797	0.382762282	0.172032824	12	585	4.224998138	79.375	101752.3927	Trial1	Trial1	2.00376062009709
58	83-0900	UME_081104_P44_WF02_3	3	UME_081104_P44_WF02	772003.7	7095854.7	772007.0799	7095853.697	54	134	772007.331	7095853.528	8.628	19.097	0.066013681	1.4646729	0.407218393	0.100641445	12	581	-1	-1	84937.61183	Trial1	Trial1	1.7585660983371
46	83-0672	UME_081104_P44_WF03_1	1	UME_081104_P44_WF03	772067.7	7095846.7	772070.9426	7095844.313	118	126	772071.122	7095844.487	7.279	14.741	0.010582648	0.5052248	0.584509429	0.072609069	14	782	-1	-1	53686.32282	Trial1	Trial1	1.77769729137751
46	83-0672	UME_081104_P44_WF03_2	2	UME_081104_P44_WF03	772065.7	7095846.7	772068.9415	7095844.356	116	126	772069.11	7095844.471	6.303	15.522	0.021406509	0.7947635	0.652488298	0.077824253	14	781	-1	-1	59943.45179	Trial1	Trial1	1.81973010793567
46	83-0672	UME_081104_P44_WF03_3	3	UME_081104_P44_WF03	772063.7	7095846.7	772066.9404	7095844.399	114	126	772067.08	7095844.534	9.185	18.202	0.026060548	1.3241316	0.446610819	0.106744123	14	779	4.533082361	75.875	74728.62986	Trial1	Trial1	1.89407240052615
46	83-0673	UME_081104_P44_WF05_1	1	UME_081104_P44_WF05	772067.7	7095842.7	772070.8564	7095840.311	118	122	772071.001	7095840.487	12.991	19.409	0.044764571	1.1982452	0.440558336	0.169331759	14	785	-1	-1	89076.85555	Trial1	Trial1	1.87731128466819
46	83-0673	UME_081104_P44_WF05_2	2	UME_081104_P44_WF05	772065.7	7095842.7	772068.8553	7095840.354	116	122	772069.069	7095840.54	12.732	20.43	0.030809586	1.0893322	0.815976833	0.340553177	14	777	-1	-1	114311.0887	Trial1	Trial1	1.86593472130932
46	83-0673	UME_081104_P44_WF05_3	3	UME_081104_P44_WF05	772063.7	7095842.7	772066.8542	7095840.397	114	122	772067.049	7095840.518	9.153	20.459	0.064948248	2.3810313	0.900415234	0.27092181	14	776	7.627529803	92.725	106073.2851	Trial1	Trial1	2.04194721928788
50	83-0765	UME_081104_P44_WF06_2	2	UME_081104_P44_WF06	772041.7	7095842.7	772044.8421	7095840.871	92	122	772045.039	7095840.955	9.163	18.118	0.116228475	2.0407542	0.443603147	0.104799365	14	759	4.352129319	49.475	70480.3483	Trial1	Trial1	1.98330320552358
70	83-1087	UME_081104_P44_WF07_1	1	UME_081104_P44_WF07	771959.7	7095842.7	771962.7971	7095842.639	10	122	771962.834	7095842.43	8.417	21.303	0.040895405	1.8144809	0.526005145	0.157808748	14	684	-1	-1	107536.6638	Trial1	Trial1	1.89421554487798
70	83-1087	UME_081104_P44_WF07_2	2	UME_081104_P44_WF07	771957.7	7095842.7	771960.796	7095842.682	8	122	771960.96	7095842.615	12.134	22.55	0.028478816	1.1512172	0.60071505	0.291105049	14	683	5.0134849	79.35	144407.1353	Trial1	Trial1	1.80167826170733
70	83-1087	UME_081104_P44_WF07_3	3	UME_081104_P44_WF07	771955.7	7095842.7	771958.7949	7095842.725	6	122	771958.835	7095842.659	8.628	21.214	0.111172495	3.4438767	0.468584437	0.142898481	14	681	-1	-1	107457.8053	Trial1	Trial1	2.10418042803449
54	83-0829	UME_081104_P44_WF08_1	1	UME_081104_P44_WF08	772025.7	7095846.7	772028.9196	7095845.218	76	126	772029.12	7095845.241	12.637	28.807	0.269383501	8.0853784	0.375676749	0.309426346	14	748	6.892611558	120.525	180430.1096	Trial1	Trial1	2.75446008832187
54	83-0829	UME_081104_P44_WF08_2	2	UME_081104_P44_WF08	772023.7	7095846.7	772026.9185	7095845.261	74	126	772027.121	7095845.252	9.66	4.779	0.12332668	4.3852718	4.022409324	0.0697118	14	744	-1	-1	53921.46527	Trial1	Trial1	2.26362275755498
54	83-0829	UME_081104_P44_WF08_3	3	UME_081104_P44_WF08	772021.7	7095846.7	772024.9174	7095845.305	72	126	772024.999	7095845.289	9.403	15.487	0.043013555	1.1788386	0.618596238	0.109578441	14	742	-1	-1	53120.8369	Trial1	Trial1	1.83854192618822
67	Y369	UME_081104_P44_WF09_2	2	UME_081104_P44_WF09	771975.7	7095858.7	771979.1508	7095858.303	26	138	771979.509	7095858.33	7.685	12.085	0.052004541	1.2560881	0.565207691	0.049825717	10	431	-1	-1	35037.18814	Trial1	Trial1	1.8852281639425
67	Y369	UME_081104_P44_WF09_1	1	UME_081104_P44_WF09	771977.7	7095858.7	771981.1519	7095858.259	28	138	771981.539	7095858.262	11.455	22.233	0.015296423	0.7541699	0.485550428	0.215932622	10	425	4.198208314	81.325	122510.1316	Trial1	Trial1	1.82400441822265
67	Y369	UME_081104_P44_WF09_3	3	UME_081104_P44_WF09	771973.7	7095858.7	771977.1497	7095858.346	24	138	771977.35	7095858.28	11.647	19.488	0.036171474	1.6435414	0.348920917	0.121222215	10	423	-1	-1	86414.34218	Trial1	Trial1	1.93107377914584
39	83-0556	UME_081104_P44_WF11_1	1	UME_081104_P44_WF11	772097.7	7095858.7	772101.2177	7095855.673	148	138	772101.502	7095855.841	8.041	20.746	0.137669408	3.7896006	0.315567177	0.085774773	10	531	4.148204231	50.075	71716.38719	Trial1	Trial1	2.04031625624089
11	83-0119	UME_081104_P44_WF12_2	2	UME_081104_P44_WF12	772059.7	7095784.7	772061.6019	7095782.451	110	64	772061.311	7095782.751	9.534	11.263	0.05326023	1.4374908	0.564004184	0.053572399	28	1772	-1	-1	32856.55176	Trial1	Trial1	1.94034978844865
11	83-0119	UME_081104_P44_WF12_1	1	UME_081104_P44_WF12	772061.7	7095784.7	772063.603	7095782.408	112	64	772063.419	7095782.663	12.557	20.393	0.05373401	1.7907668	0.44553482	0.18274019	28	1768	5.462756115	75.025	112497.9619	Trial1	Trial1	1.98738539048639
11	83-0119	UME_081104_P44_WF12_3	3	UME_081104_P44_WF12	772057.7	7095784.7	772059.6009	7095782.495	108	64	772059.708	7095782.94	9.167	12.078	0.05693207	2.1806758	0.482457425	0.050677105	28	1767	-1	-1	32539.97746	Trial1	Trial1	2.03982599915643
42	83-0645	UME_081104_P44_WG01_2	2	UME_081104_P44_WG01	772071.7	7095846.7	772074.9448	7095844.227	122	126	772075.069	7095844.338	12.109	23.7	0.02095831	1.0366442	0.479148256	0.255950758	14	784	4.430704382	88.05	135587.8606	Trial1	Trial1	1.86629736929012
42	83-0645	UME_081104_P44_WG01_3	3	UME_081104_P44_WG01	772069.7	7095846.7	772072.9437	7095844.27	120	126	772073.018	7095844.394	11.551	18.8	0.015567831	0.7019443	0.469642341	0.150586945	14	783	-1	-1	86331.92684	Trial1	Trial1	1.82446162703313
62	83-0948	UME_081104_P44_WG02_1	1	UME_081104_P44_WG02	771995.7	7095846.7	771998.9031	7095845.865	46	126	771999.076	7095845.868	12.996	24.483	0.130618229	4.10876	0.328712321	0.20110836	14	720	4.984652806	92.05	135576.5575	Trial1	Trial1	2.26998588617625
62	83-0948	UME_081104_P44_WG02_2	2	UME_081104_P44_WG02	771993.7	7095846.7	771996.902	7095845.908	44	126	771997.097	7095845.821	10.415	19.818	0.023185748	0.9778366	0.773042238	0.248344295	14	716	-1	-1	117175.5406	Trial1	Trial1	1.84978617136646
62	83-0948	UME_081104_P44_WG02_3	3	UME_081104_P44_WG02	771991.7	7095846.7	771994.9009	7095845.951	42	126	771995.151	7095845.85	9.997	23.478	0.047489817	1.5118422	0.669111389	0.289595228	14	711	-1	-1	151592.0343	Trial1	Trial1	1.9187477046296
58	83-0901	UME_081104_P44_WG03_1	1	UME_081104_P44_WG03	772007.7	7095850.7	772010.9959	7095849.608	58	130	772011.248	7095849.65	10.227	20.508	0.126856585	3.7064464	0.418250864	0.141293445	12	587	4.958371335	86.375	100098.9309	Trial1	Trial1	2.0613107822005
58	83-0901	UME_081104_P44_WG03_2	2	UME_081104_P44_WG03	772005.7	7095850.7	772008.9948	7095849.652	56	130	772009.265	7095849.759	9.949	19.822	0.032784708	1.3067498	0.432992512	0.132935183	12	583	-1	-1	90720.0696	Trial1	Trial1	1.74184103810497
58	83-0901	UME_081104_P44_WG03_3	3	UME_081104_P44_WG03	772003.7	7095850.7	772006.9937	7095849.695	54	130	772007.264	7095849.662	8.817	19.454	0.316711194	7.4825453	0.505112006	0.132383476	12	580	-1	-1	98159.74774	Trial1	Trial1	2.56780283284919
67	Y599	UME_081104_P44_WG04_2	2	UME_081104_P44_WG04	771975.7	7095870.7	771979.4094	7095870.309	26	150	771979.806	7095870.09	12.808	11.015	0.07385025	2.3464823	1.016585554	0.124064286	8	295	-1	-1	36755.62932	Trial1	Trial1	2.00532314435955
67	Y599	UME_081104_P44_WG04_1	1	UME_081104_P44_WG04	771977.7	7095870.7	771981.4105	7095870.266	28	150	771981.85	7095870.201	12.549	23.953	0.038732455	1.7069831	0.523207549	0.295861305	8	287	5.491134076	97.45	135671.2682	Trial1	Trial1	1.92674269469774
42	83-0627	UME_081104_P44_WG05_1	1	UME_081104_P44_WG05	772079.7	7095842.7	772082.863	7095840.052	130	122	772083.04	7095840.322	10.204	18.716	0.111771986	2.8105064	0.368071571	0.103326597	14	797	4.199458243	77.75	83934.84676	Trial1	Trial1	2.10160473142821
42	83-0627	UME_081104_P44_WG05_2	2	UME_081104_P44_WG05	772077.7	7095842.7	772080.8619	7095840.095	128	122	772081.091	7095840.198	10.17	19.788	0.056167902	0.9938072	0.499890137	0.15634711	14	796	-1	-1	85744.71074	Trial1	Trial1	1.86107667269889
42	83-0627	UME_081104_P44_WG05_3	3	UME_081104_P44_WG05	772075.7	7095842.7	772078.8608	7095840.138	126	122	772079.21	7095840.241	6.587	11.588	0.024210701	0.8107038	0.564420336	0.039213246	14	788	-1	-1	30931.92012	Trial1	Trial1	1.83887363953523
58	83-0875	UME_081104_P44_WG06_1	1	UME_081104_P44_WG06	772013.7	7095846.7	772016.913	7095845.477	64	126	772017.11	7095845.422	9.257	23.594	0.07392212	2.839533	0.306732956	0.124132142	14	732	5.067871232	92.575	119581.1098	Trial1	Trial1	1.94375071597602
58	83-0875	UME_081104_P44_WG06_2	2	UME_081104_P44_WG06	772011.7	7095846.7	772014.9119	7095845.52	62	126	772015.075	7095845.553	7.534	25.962	0.271625815	7.8445328	0.426574604	0.170131701	14	731	-1	-1	143681.8348	Trial1	Trial1	2.61464257466583
58	83-0875	UME_081104_P44_WG06_3	3	UME_081104_P44_WG06	772009.7	7095846.7	772012.9108	7095845.563	60	126	772013.016	7095845.631	6.57	21.236	0.025383487	1.0943422	0.626276889	0.145730954	14	726	-1	-1	115063.8691	Trial1	Trial1	1.71451168619008
66	Y347	UME_081104_P44_WG07_1	1	UME_081104_P44_WG07	771977.7	7095854.7	771981.0656	7095854.257	28	134	771981.766	7095854.228	12.205	18.795	0.045801803	0.7728283	0.494815149	0.167554523	12	563	4.744232494	83.075	89632.94577	Trial1	Trial1	1.8355393779605
66	Y347	UME_081104_P44_WG07_3	3	UME_081104_P44_WG07	771973.7	7095854.7	771977.0634	7095854.343	24	134	771977.497	7095854.248	12.664	25.146	0.061112973	2.2484721	0.431355014	0.271283715	12	555	-1	-1	179081.4192	Trial1	Trial1	2.02164152692691
66	83-1059	UME_081104_P44_WG08_1	1	UME_081104_P44_WG08	771965.7	7095846.7	771968.8866	7095846.511	16	126	771969.003	7095846.357	10.726	26.176	0.133616471	4.7059935	0.411963543	0.237782058	14	688	5.428060153	113.45	171557.7005	Trial1	Trial1	2.34615728311988
66	83-1059	UME_081104_P44_WG08_2	2	UME_081104_P44_WG08	771963.7	7095846.7	771966.8855	7095846.555	14	126	771967.059	7095846.413	10.112	21.483	0.046130827	1.878122	0.583185256	0.213751469	14	687	-1	-1	120211.3959	Trial1	Trial1	1.96372121590739
66	83-1059	UME_081104_P44_WG08_3	3	UME_081104_P44_WG08	771961.7	7095846.7	771964.8844	7095846.598	12	126	771965.032	7095846.448	6.799	7.23	0.029335565	1.6439716	0.472374067	0.013186092	14	685	-1	-1	10581.7765	Trial1	Trial1	1.92798006811724
43	83-0653	UME_081104_P44_WG09_1	1	UME_081104_P44_WG09	772073.7	7095878.7	772077.6356	7095876.201	124	158	772078.101	7095876.624	10.527	18.075	0.115682155	2.5411314	0.431029601	0.11643395	6	242	4.052601807	74.95	80669.97796	Trial1	Trial1	1.95631816716474
43	83-0653	UME_081104_P44_WG09_3	3	UME_081104_P44_WG09	772069.7	7095878.7	772073.6334	7095876.288	120	158	772074.101	7095876.632	10.349	19.547	0.029035076	1.6232288	0.47175148	0.146507187	6	240	-1	-1	93913.64095	Trial1	Trial1	1.84202608981315
43	83-0653	UME_081104_P44_WG09_2	2	UME_081104_P44_WG09	772071.7	7095878.7	772075.6345	7095876.244	122	158	772076.156	7095876.661	6.422	12.785	0.033081131	1.7498895	0.599754339	0.049445312	6	239	-1	-1	40836.87219	Trial1	Trial1	1.85469133284337
35	83-0483	UME_081104_P44_WG11_2	2	UME_081104_P44_WG11	771957.7	7095780.7	771959.4598	7095780.648	8	60	771959.4	7095780.479	5.327	20.542	0.053354295	1.6676538	0.703731514	0.124238501	30	1825	-1	-1	90920.51558	Trial1	Trial1	1.93887256219615
35	83-0483	UME_081104_P44_WG11_1	1	UME_081104_P44_WG11	771959.7	7095780.7	771961.4609	7095780.605	10	60	771961.33	7095780.391	8.962	16.724	0.065772402	1.9442308	0.382690532	0.075340097	30	1823	-1	-1	53308.41608	Trial1	Trial1	1.97467795539183
35	83-0483	UME_081104_P44_WG11_3	3	UME_081104_P44_WG11	771955.7	7095780.7	771957.4587	7095780.691	6	60	771957.352	7095780.485	11.759	22.712	0.022995521	0.8695769	0.514109335	0.244921587	30	1814	4.838248105	91.725	123207.8557	Trial1	Trial1	1.83332859539264
54	83-0854	UME_081104_P44_WH01_1	1	UME_081104_P44_WH01	772019.7	7095854.7	772023.0887	7095853.352	70	134	772023.26	7095853.35	6.06	17.168	0.004479753	0.8938158	0.464795824	0.059045013	12	595	-1	-1	50087.70431	Trial1	Trial1	1.79586896171893
54	83-0854	UME_081104_P44_WH01_3	3	UME_081104_P44_WH01	772015.7	7095854.7	772019.0865	7095853.438	66	134	772019.238	7095853.404	7.331	18.191	0.012990583	0.8946954	0.517302188	0.098570348	12	594	4.658317944	75.85	73354.69129	Trial1	Trial1	1.80142900128663
42	83-0625	UME_081104_P44_WH02_1	1	UME_081104_P44_WH02	772079.7	7095850.7	772083.0354	7095848.057	130	130	772083.176	7095848.344	12.281	23.405	0.09266587	1.5354433	0.435104245	0.229899698	12	649	-1	-1	128487.0035	Trial1	Trial1	1.91435860016435
42	83-0625	UME_081104_P44_WH02_2	2	UME_081104_P44_WH02	772077.7	7095850.7	772081.0343	7095848.1	128	130	772081.289	7095848.323	6.03	17.588	0.025429448	0.7385485	0.780216424	0.114297347	12	648	-1	-1	70858.89188	Trial1	Trial1	1.8103693646184
42	83-0625	UME_081104_P44_WH02_3	3	UME_081104_P44_WH02	772075.7	7095850.7	772079.0332	7095848.143	126	130	772079.263	7095848.321	11.072	18.217	0.203321751	5.4839309	0.32473456	0.0937122	12	647	4.090792033	79.6	76702.80945	Trial1	Trial1	2.44696394612812
62	83-0968	UME_081104_P44_WH03_1	1	UME_081104_P44_WH03	771989.7	7095850.7	771992.986	7095849.996	40	130	771993.097	7095849.881	8.767	18.561	0.04761289	1.4267556	0.53494829	0.126893467	12	571	-1	-1	80503.46094	Trial1	Trial1	1.9000716567106
62	83-0968	UME_081104_P44_WH03_2	2	UME_081104_P44_WH03	771987.7	7095850.7	771990.9849	7095850.04	38	130	771990.996	7095849.933	10.344	20.528	0.057077423	1.292581	0.506047384	0.173246218	12	570	-1	-1	109754.1007	Trial1	Trial1	1.87851253923123
62	83-0968	UME_081104_P44_WH03_3	3	UME_081104_P44_WH03	771985.7	7095850.7	771988.9838	7095850.083	36	130	771989.155	7095849.899	13.83	24.608	0.169063969	3.1120749	0.435953512	0.286741006	12	565	4.573394013	81.975	132913.5177	Trial1	Trial1	2.11758413687008
47	83-0712	UME_081104_P44_WH04_1	1	UME_081104_P44_WH04	772055.7	7095870.7	772059.4533	7095868.585	106	150	772059.785	7095868.888	11.665	28.194	0.154807777	7.9006666	0.34069025	0.248118929	8	358	5.001696661	93.7	145047.5914	Trial1	Trial1	2.73874813027269
47	83-0712	UME_081104_P44_WH04_2	2	UME_081104_P44_WH04	772053.7	7095870.7	772057.4522	7095868.628	104	150	772057.862	7095868.862	7.456	21.353	0.035751339	1.2695482	0.577253058	0.154134603	8	357	-1	-1	114042.9206	Trial1	Trial1	1.85828784352247
47	83-0712	UME_081104_P44_WH04_3	3	UME_081104_P44_WH04	772051.7	7095870.7	772055.4511	7095868.671	102	150	772055.819	7095868.886	11.673	26.011	0.035709974	1.4713637	0.421604444	0.26150983	8	348	-1	-1	155282.6011	Trial1	Trial1	1.8909428828859
67	83-1066	UME_081104_P44_WH05_2	2	UME_081104_P44_WH05	771963.7	7095874.7	771967.489	7095874.57	14	154	771967.678	7095874.314	12.542	31.08	0.312019521	5.720311	0.304763515	0.289984344	6	156	-1	-1	176633.459	Trial1	Trial1	2.40359777443351
67	83-1066	UME_081104_P44_WH05_1	1	UME_081104_P44_WH05	771965.7	7095874.7	771969.4901	7095874.527	16	154	771969.683	7095874.205	11.853	24.919	0.119889459	2.9449711	0.404144349	0.233629816	6	153	4.807045078	74.25	91373.12353	Trial1	Trial1	2.03959427494204
67	83-1066	UME_081104_P44_WH05_3	3	UME_081104_P44_WH05	771961.7	7095874.7	771965.4879	7095874.613	12	154	771965.692	7095874.386	8.854	10.867	0.028950321	0.9326481	0.439384198	0.036078714	6	147	-1	-1	26729.48958	Trial1	Trial1	1.75723080956817
50	83-0782	UME_081104_P44_WH06_1	1	UME_081104_P44_WH06	772037.7	7095842.7	772040.8399	7095840.957	88	122	772040.954	7095841.057	11.099	26.697	0.011465245	0.5366745	0.487480287	0.302874463	14	756	5.263694568	106.575	170781.7246	Trial1	Trial1	1.79175619696727
50	83-0782	UME_081104_P44_WH06_2	2	UME_081104_P44_WH06	772035.7	7095842.7	772038.8388	7095841.001	86	122	772038.941	7095841.05	9.304	16.056	0.022055066	0.6327563	0.4812718	0.090666446	14	755	-1	-1	58095.46212	Trial1	Trial1	1.80917946311276
50	83-0782	UME_081104_P44_WH06_3	3	UME_081104_P44_WH06	772033.7	7095842.7	772036.8377	7095841.044	84	122	772036.91	7095841.073	11.667	26.744	0.072976566	3.1792339	0.473480529	0.310315511	14	754	-1	-1	176291.9524	Trial1	Trial1	2.15388549833453
66	83-1058	UME_081104_P44_WH07_1	1	UME_081104_P44_WH07	771965.7	7095842.7	771968.8004	7095842.509	16	122	771968.869	7095842.35	8.35	20.438	0.024747755	1.1714574	0.536987565	0.147103426	14	691	4.437896197	91.3	99475.7094	Trial1	Trial1	1.88369406494665
66	83-1058	UME_081104_P44_WH07_2	2	UME_081104_P44_WH07	771963.7	7095842.7	771966.7993	7095842.552	14	122	771966.859	7095842.391	12.093	20.461	0.079712841	1.5992433	0.55538434	0.220839745	14	689	-1	-1	108304.3702	Trial1	Trial1	1.93663201590366
50	83-0784	UME_081104_P44_WH08_1	1	UME_081104_P44_WH08	772037.7	7095850.7	772041.0124	7095848.962	88	130	772041.367	7095848.926	11.801	26.534	0.157523054	3.9960457	0.3972901	0.259249475	12	616	6.435784558	99.175	159927.8117	Trial1	Trial1	2.24486429464776
50	83-0784	UME_081104_P44_WH08_2	2	UME_081104_P44_WH08	772035.7	7095850.7	772039.0113	7095849.005	86	130	772039.065	7095848.903	11.557	22.879	0.122352086	5.1997359	0.595722771	0.283041462	12	608	-1	-1	111842.6747	Trial1	Trial1	2.41057915623536
51	83-0791	UME_081104_P44_WH09_1	1	UME_081104_P44_WH09	772037.7	7095878.7	772041.6158	7095876.977	88	158	772041.864	7095876.961	12.439	14.318	0.269763105	6.54823	0.592779522	0.118715937	6	221	4.616621119	88.95	48300.49552	Trial1	Trial1	2.51942779540682
51	83-0791	UME_081104_P44_WH09_2	2	UME_081104_P44_WH09	772035.7	7095878.7	772039.6147	7095877.02	86	158	772039.723	7095877.034	8.645	16.265	0.017606022	1.0226544	0.395384755	0.071016908	6	214	-1	-1	51102.25139	Trial1	Trial1	1.7869103901317
51	83-0791	UME_081104_P44_WH09_3	3	UME_081104_P44_WH09	772033.7	7095878.7	772037.6136	7095877.063	84	158	772037.763	7095876.981	12.159	15.606	0.027826511	1.1400216	0.503850534	0.117188891	6	213	-1	-1	62327.58497	Trial1	Trial1	1.80806857236004
31	83-0471	UME_081104_P44_WH12_1	1	UME_081104_P44_WH12	771965.7	7095784.7	771967.5504	7095784.477	16	64	771967.394	7095784.36	10.524	27.446	0.094665706	2.1165638	0.445705898	0.277509818	28	1682	6.330103527	115.825	168761.8425	Trial1	Trial1	1.96447928666505
31	83-0471	UME_081104_P44_WH12_3	3	UME_081104_P44_WH12	771961.7	7095784.7	771963.5482	7095784.564	12	64	771963.454	7095784.504	10.151	15.555	0.145709115	3.995778	0.709916662	0.136947654	28	1679	-1	-1	56978.96758	Trial1	Trial1	2.21776554461703
42	83-0601	UME_081104_P45_WA01_1	1	UME_081104_P45_WA01	772085.7	7095854.7	772089.1249	7095851.93	136	134	772089.362	7095852.037	11.978	21.426	0.111808992	3.5061581	0.380139098	0.164176419	12	654	4.422824388	88.675	118682.1823	Trial1	Trial1	2.16105879583491
42	83-0601	UME_081104_P45_WA01_2	2	UME_081104_P45_WA01	772083.7	7095854.7	772087.1238	7095851.973	134	134	772087.305	7095852.081	10.336	18.521	0.037662815	1.304865	0.44614159	0.124229778	12	653	-1	-1	82650.07852	Trial1	Trial1	1.8698390589634
42	83-0601	UME_081104_P45_WA01_3	3	UME_081104_P45_WA01	772081.7	7095854.7	772085.1227	7095852.016	132	134	772085.456	7095852.153	7.473	12.515	0.010767135	0.3578836	0.605636198	0.055676442	12	646	-1	-1	37728.71834	Trial1	Trial1	1.74610248367315
46	83-0674	UME_081104_P45_WA02_1	1	UME_081104_P45_WA02	772067.7	7095838.7	772070.7702	7095836.309	118	118	772070.834	7095836.501	10.827	22.764	0.003528171	0.1394142	0.462809192	0.203943247	16	924	3.861893407	68.775	114727.2785	Trial1	Trial1	1.74354712387554
46	83-0674	UME_081104_P45_WA02_2	2	UME_081104_P45_WA02	772065.7	7095838.7	772068.7691	7095836.352	116	118	772068.828	7095836.644	10.317	19.775	0.014990972	1.1449512	0.45674894	0.14472737	16	921	-1	-1	84737.83052	Trial1	Trial1	1.88092757851883
46	83-0674	UME_081104_P45_WA02_3	3	UME_081104_P45_WA02	772063.7	7095838.7	772066.768	7095836.395	114	118	772066.873	7095836.64	7.607	20.416	0.027830871	1.6877963	0.492507433	0.122645256	16	917	-1	-1	92857.05086	Trial1	Trial1	1.95670043132371
45	83-0722	UME_081104_P45_WA03_1	1	UME_081104_P45_WA03	772055.7	7095830.7	772058.5912	7095828.563	106	110	772058.763	7095828.605	7.209	19.372	0.03008192	1.4994705	0.515882362	0.109609909	18	1037	4.239868038	73.1	86406.29464	Trial1	Trial1	1.97515800602814
54	83-0831	UME_081104_P45_WA04_1	1	UME_081104_P45_WA04	772025.7	7095854.7	772029.092	7095853.223	76	134	772029.331	7095853.134	9.424	28.995	0.016833928	0.7398607	0.516529784	0.321409443	12	597	6.013087541	104.125	206764.1732	Trial1	Trial1	1.76535927276267
54	83-0831	UME_081104_P45_WA04_3	3	UME_081104_P45_WA04	772021.7	7095854.7	772025.0898	7095853.309	72	134	772025.314	7095853.184	13.118	26.951	0.290319504	4.7023629	0.25165724	0.18832557	12	596	-1	-1	124790.5968	Trial1	Trial1	2.30168636984041
70	83-1088	UME_081104_P45_WA05_1	1	UME_081104_P45_WA05	771959.7	7095838.7	771962.7109	7095838.636	10	118	771962.81	7095838.411	12.06	16.988	0.031987584	1.0871652	0.46609598	0.1274093	16	824	3.668965651	61.55	67511.07567	Trial1	Trial1	1.80737833402997
70	83-1088	UME_081104_P45_WA05_2	2	UME_081104_P45_WA05	771957.7	7095838.7	771960.7098	7095838.68	8	118	771960.905	7095838.37	9.201	15.401	0.032116621	1.2190633	0.408377567	0.069997292	16	823	-1	-1	54237.56645	Trial1	Trial1	1.82141605856753
60	83-0885	UME_081104_P45_WA09_1	1	UME_081104_P45_WA09	772013.7	7095886.7	772017.7751	7095885.499	64	166	772018.095	7095885.448	6.207	12.415	0.039998554	2.0441747	0.571219584	0.042919762	4	62	-1	-1	34998.8496	Trial1	Trial1	2.03191236561351
60	83-0885	UME_081104_P45_WA09_2	2	UME_081104_P45_WA09	772011.7	7095886.7	772015.774	7095885.542	62	166	772016.108	7095885.554	8.25	21.313	0.014146822	1.0858296	0.441727412	0.130015611	4	56	4.247639918	71.9	91575.63887	Trial1	Trial1	1.90499946815398
60	83-0885	UME_081104_P45_WA09_3	3	UME_081104_P45_WA09	772009.7	7095886.7	772013.7729	7095885.585	60	166	772013.733	7095885.406	7.18	13.194	0.034945819	1.4410793	0.579772786	0.056918557	4	55	-1	-1	42502.52176	Trial1	Trial1	1.95325501586055
58	83-0902	UME_081104_P45_WB01_1	1	UME_081104_P45_WB01	772007.7	7095846.7	772010.9097	7095845.606	58	126	772011.002	7095845.669	12.111	23.592	0.261309083	6.5145006	0.290784435	0.153952586	14	730	-1	-1	114329.0668	Trial1	Trial1	2.44024854067121
58	83-0902	UME_081104_P45_WB01_2	2	UME_081104_P45_WB01	772005.7	7095846.7	772008.9086	7095845.649	56	126	772009.058	7095845.696	10.988	15.965	0.020575355	0.8200498	0.621820811	0.136769705	14	725	-1	-1	67323.90251	Trial1	Trial1	1.68053830355301
58	83-0902	UME_081104_P45_WB01_3	3	UME_081104_P45_WB01	772003.7	7095846.7	772006.9075	7095845.692	54	126	772007.04	7095845.755	9.894	21.342	0.112945337	4.9884979	0.316649416	0.112078122	14	723	6.79605544	100.825	106990.876	Trial1	Trial1	2.23829566782925
66	Y121	UME_081104_P45_WB02_1	1	UME_081104_P45_WB02	771977.7	7095834.7	771980.6346	7095834.246	28	114	771980.964	7095834.348	7.764	16.6	0.02466897	0.7373197	0.560544549	0.094192635	16	842	5.592738422	73.5	65552.00012	Trial1	Trial1	1.86603159873481
66	Y121	UME_081104_P45_WB02_2	2	UME_081104_P45_WB02	771975.7	7095834.7	771978.6335	7095834.289	26	114	771978.951	7095834.35	9.887	17.316	0.150306195	4.5773498	0.343771554	0.080045964	16	841	-1	-1	71225.93906	Trial1	Trial1	2.3755835254701
66	Y121	UME_081104_P45_WB02_3	3	UME_081104_P45_WB02	771973.7	7095834.7	771976.6324	7095834.332	24	114	771976.934	7095834.405	6.294	14.406	0.012384809	0.6125026	0.5594132	0.057390443	16	834	-1	-1	47126.29323	Trial1	Trial1	1.84218768216337
66	83-1060	UME_081104_P45_WB03_1	1	UME_081104_P45_WB03	771965.7	7095850.7	771968.9728	7095850.514	16	130	771969.197	7095850.399	13.153	27.219	0.059730933	2.4503451	0.434931757	0.332858901	12	545	4.892605401	88.3	169296.6408	Trial1	Trial1	2.03531691997077
66	83-1060	UME_081104_P45_WB03_2	2	UME_081104_P45_WB03	771963.7	7095850.7	771966.9717	7095850.557	14	130	771966.718	7095850.418	8.956	6.673	0.104192363	2.1995934	3.025136355	0.09474213	12	540	-1	-1	68373.08234	Trial1	Trial1	1.99689670098086
58	83-0905	UME_081104_P45_WB04_1	1	UME_081104_P45_WB04	772007.7	7095834.7	772010.6511	7095833.6	58	114	772010.949	7095833.772	12.614	23.557	0.070847581	1.6001389	0.424800311	0.2335361	16	866	5.164806417	93.5	128772.6002	Trial1	Trial1	1.7950315528575
58	83-0905	UME_081104_P45_WB04_2	2	UME_081104_P45_WB04	772005.7	7095834.7	772008.65	7095833.643	56	114	772008.815	7095833.785	6.898	10.201	0.015624928	0.6391121	0.471145794	0.026558464	16	860	-1	-1	21601.01468	Trial1	Trial1	1.66784127719919
58	83-0905	UME_081104_P45_WB04_3	3	UME_081104_P45_WB04	772003.7	7095834.7	772006.6489	7095833.686	54	114	772006.788	7095833.604	4.348	7.176	0.083594757	3.0554329	1.038279679	0.018259453	16	859	-1	-1	12957.27178	Trial1	Trial1	1.9915521237673
49	83-0778	UME_081104_P45_WB05_1	1	UME_081104_P45_WB05	772037.7	7095826.7	772040.4951	7095824.949	88	106	772040.636	7095825.318	9.439	14.72	0.073064269	2.0323614	0.507704309	0.081548632	18	1024	-1	-1	48978.39433	Trial1	Trial1	1.98905431613184
49	83-0778	UME_081104_P45_WB05_2	2	UME_081104_P45_WB05	772035.7	7095826.7	772038.494	7095824.992	86	106	772038.622	7095825.109	12.371	19.522	0.173133859	2.5968309	0.475759098	0.176162677	18	1021	5.852686288	95.65	80711.72313	Trial1	Trial1	2.06832169420803
49	83-0778	UME_081104_P45_WB05_3	3	UME_081104_P45_WB05	772033.7	7095826.7	772036.4929	7095825.035	84	106	772036.606	7095825.152	8.07	11.925	0.078769098	2.3714843	0.487516159	0.043938758	18	1020	-1	-1	33110.00138	Trial1	Trial1	2.04199542988379
60	83-0892	UME_081104_P45_WB12_2	2	UME_081104_P45_WB12	772005.7	7095886.7	772009.7707	7095885.671	56	166	772010.09	7095885.656	8.243	19.384	0.040047791	1.2748872	0.605581293	0.147313688	4	59	-1	-1	92899.04657	Trial1	Trial1	1.93141386317514
60	83-0892	UME_081104_P45_WB12_1	1	UME_081104_P45_WB12	772007.7	7095886.7	772011.7718	7095885.628	58	166	772012.073	7095885.462	13.112	24.959	0.125222858	3.0245689	0.320940338	0.205894488	4	58	4.937486603	87.325	147286.8451	Trial1	Trial1	2.16524017545065
60	83-0892	UME_081104_P45_WB12_3	3	UME_081104_P45_WB12	772003.7	7095886.7	772007.7696	7095885.714	54	166	772008.045	7095885.707	8.395	12.129	0.058119032	1.489741	0.629054337	0.061018787	4	54	-1	-1	37878.02893	Trial1	Trial1	1.95955289527292
66	Y345	UME_081104_P45_WC01_1	1	UME_081104_P45_WC01	771977.7	7095846.7	771980.8932	7095846.253	28	126	771981.055	7095846.215	8.787	20.384	0.022218842	1.0526345	0.521401761	0.149515861	14	701	-1	-1	98647.12974	Trial1	Trial1	1.88684887728093
66	Y345	UME_081104_P45_WC01_2	2	UME_081104_P45_WC01	771975.7	7095846.7	771978.8921	7095846.296	26	126	771979.059	7095846.278	9.065	22.587	0.050550139	1.9108516	0.52869685	0.192045403	14	698	5.132685668	92.05	118599.9949	Trial1	Trial1	1.9967601824433
66	Y345	UME_081104_P45_WC01_3	3	UME_081104_P45_WC01	771973.7	7095846.7	771976.891	7095846.339	24	126	771977.087	7095846.248	4.391	19.662	0.031025107	1.3438224	0.738818174	0.098502888	14	697	-1	-1	89842.6407	Trial1	Trial1	1.91615605308854
70	83-1089	UME_081104_P45_WC02_1	1	UME_081104_P45_WC02	771959.7	7095834.7	771962.6247	7095834.634	10	114	771962.755	7095834.472	8.427	22.676	0.136890147	3.0533297	0.540323727	0.183885163	16	827	-1	-1	157953.0724	Trial1	Trial1	2.08093799056261
70	83-1089	UME_081104_P45_WC02_2	2	UME_081104_P45_WC02	771957.7	7095834.7	771960.6236	7095834.677	8	114	771960.734	7095834.529	4.283	24.747	0.026182696	0.741557	0.861981405	0.177571369	16	826	-1	-1	149181.0707	Trial1	Trial1	1.76879656401926
70	83-1089	UME_081104_P45_WC02_3	3	UME_081104_P45_WC02	771955.7	7095834.7	771958.6225	7095834.72	6	114	771958.632	7095834.497	11.501	19.907	0.132178229	2.0051951	0.478302792	0.171218134	16	821	5.353395514	81.775	96565.484	Trial1	Trial1	1.93444085219765
38	83-0550	UME_081104_P45_WC03_1	1	UME_081104_P45_WC03	772097.7	7095834.7	772100.7004	7095831.66	148	114	772100.789	7095832.06	10.561	17.456	0.083808851	1.2194907	0.583272652	0.147424989	16	946	-1	-1	63353.51402	Trial1	Trial1	1.9656328621117
38	83-0550	UME_081104_P45_WC03_2	2	UME_081104_P45_WC03	772095.7	7095834.7	772098.6994	7095831.703	146	114	772098.807	7095832.216	7.801	10.894	0.083165722	1.7330182	0.67805567	0.049305808	16	945	-1	-1	27295.32653	Trial1	Trial1	2.0364098952683
38	83-0550	UME_081104_P45_WC03_3	3	UME_081104_P45_WC03	772093.7	7095834.7	772096.6983	7095831.746	144	114	772097.085	7095832.126	9.855	16.974	0.064824496	1.1494367	0.457358702	0.101999087	16	943	4.900299789	69.125	61958.76135	Trial1	Trial1	1.96055840677143
38	83-0555	UME_081104_P45_WC04_3	3	UME_081104_P45_WC04	772093.7	7095854.7	772097.1293	7095851.757	144	134	772097.521	7095851.802	11.139	17.545	0.137037992	2.4875846	0.430289748	0.11587686	12	662	4.974874195	46.175	70374.87951	Trial1	Trial1	2.09033166156774
38	83-0555	UME_081104_P45_WC04_2	2	UME_081104_P45_WC04	772095.7	7095854.7	772099.1304	7095851.714	146	134	772099.316	7095851.335	9.865	19.651	0.051107833	1.7723364	0.350718387	0.104929387	12	661	-1	-1	81620.98444	Trial1	Trial1	1.99128678089176
64	Bg47	UME_081104_P45_WC06_3	3	UME_081104_P45_WC06	771979.7	7095886.7	771983.7564	7095886.232	30	166	771983.989	7095886.286	9.257	29.053	0.284467969	7.1505165	0.301368331	0.184943989	4	35	-1	-1	129893.5222	Trial1	Trial1	2.56793253455482
50	83-0785	UME_081104_P45_WD02_1	1	UME_081104_P45_WD02	772037.7	7095854.7	772041.0986	7095852.964	88	134	772041.561	7095852.922	12.412	26.474	0.023700183	0.8754772	0.344118228	0.235111391	12	614	-1	-1	146192.9729	Trial1	Trial1	1.82400045404872
50	83-0785	UME_081104_P45_WD02_2	2	UME_081104_P45_WD02	772035.7	7095854.7	772039.0975	7095853.007	86	134	772039.47	7095853.036	8.859	17.22	0.028637181	1.1835062	0.554252169	0.114361806	12	613	-1	-1	75390.22449	Trial1	Trial1	1.87017851745071
50	83-0785	UME_081104_P45_WD02_3	3	UME_081104_P45_WD02	772033.7	7095854.7	772037.0964	7095853.05	84	134	772037.492	7095853.129	8.552	24.105	0.024585396	1.0550951	0.574406556	0.224169235	12	610	5.566928755	92.575	141689.206	Trial1	Trial1	1.85783815751108
66	83-1014	UME_081104_P45_WD03_1	1	UME_081104_P45_WD03	771977.7	7095850.7	771980.9794	7095850.255	28	130	771981.598	7095850.187	11.267	20.064	0.087374457	1.7126621	0.49175695	0.175175606	12	559	-1	-1	99208.99044	Trial1	Trial1	1.96780770918653
66	83-1014	UME_081104_P45_WD03_3	3	UME_081104_P45_WD03	771973.7	7095850.7	771976.9772	7095850.341	24	130	771977.191	7095850.215	11.758	19.403	0.059349229	0.8585452	0.789772292	0.274567463	12	556	4.653290565	78.8	91109.42821	Trial1	Trial1	1.84332868064752
66	83-1014	UME_081104_P45_WD03_2	2	UME_081104_P45_WD03	771975.7	7095850.7	771978.9783	7095850.298	26	130	771979.369	7095850.194	8.171	18.432	0.015718513	0.5066733	0.52630407	0.114743887	12	554	-1	-1	83465.06151	Trial1	Trial1	1.80152630214839
54	83-0813	UME_081104_P45_WD04_2	2	UME_081104_P45_WD04	772029.7	7095834.7	772032.6631	7095833.126	80	114	772032.695	7095833.133	7.106	20.601	0.07591585	2.0775813	0.514719533	0.121916082	16	888	-1	-1	87525.83266	Trial1	Trial1	1.95572861963676
54	83-0813	UME_081104_P45_WD04_1	1	UME_081104_P45_WD04	772031.7	7095834.7	772034.6642	7095833.082	82	114	772034.728	7095832.961	9.142	24.05	0.028297689	1.1334075	0.531862784	0.220878194	16	883	-1	-1	135098.1671	Trial1	Trial1	1.82566406309786
54	83-0813	UME_081104_P45_WD04_3	3	UME_081104_P45_WD04	772027.7	7095834.7	772030.662	7095833.169	78	114	772030.796	7095833.303	10.536	1.65	0.13300367	4.9880565	112.0062586	0.252237019	16	882	5.406481422	77.425	134828.0783	Trial1	Trial1	2.34838569524394
54	83-0827	UME_081104_P45_WD05_1	1	UME_081104_P45_WD05	772025.7	7095838.7	772028.7471	7095837.214	76	118	772028.854	7095837.166	7.183	17.433	0.018076401	0.7676111	0.711756015	0.122029525	16	880	-1	-1	87815.33365	Trial1	Trial1	1.78499492308469
54	83-0827	UME_081104_P45_WD05_2	2	UME_081104_P45_WD05	772023.7	7095838.7	772026.746	7095837.257	74	118	772026.851	7095837.272	11.366	19.495	0.054321886	2.6665369	0.837408189	0.284106555	16	879	4.074225966	78.775	90291.33135	Trial1	Trial1	2.04226027832204
54	83-0827	UME_081104_P45_WD05_3	3	UME_081104_P45_WD05	772021.7	7095838.7	772024.7449	7095837.3	72	118	772024.87	7095837.353	11.304	20.26	0.03565342	1.2326026	0.567704366	0.206877562	16	875	-1	-1	119726.3897	Trial1	Trial1	1.8540135013348
40	83-0571	UME_081104_P45_WD06_1	1	UME_081104_P45_WD06	772091.7	7095882.7	772095.7317	7095879.816	142	162	772095.871	7095880.427	10.028	18.582	0.045463352	0.8749263	0.54104094	0.147136542	4	132	4.957701921	73.825	74231.83422	Trial1	Trial1	1.96880870150816
44	83-0654	UME_081104_P45_WD11_1	1	UME_081104_P45_WD11	772073.7	7095882.7	772077.7218	7095880.204	124	162	772077.965	7095880.73	10.236	17.691	0.056829527	1.5107946	0.361567464	0.090968191	4	117	-1	-1	61311.97305	Trial1	Trial1	1.90376862235557
44	83-0654	UME_081104_P45_WD11_3	3	UME_081104_P45_WD11	772069.7	7095882.7	772073.7196	7095880.29	120	162	772073.918	7095880.659	9.71	14.548	0.177840309	3.4105941	0.385538177	0.06222822	4	114	-1	-1	48583.93253	Trial1	Trial1	2.16638754879038
44	83-0654	UME_081104_P45_WD11_2	2	UME_081104_P45_WD11	772071.7	7095882.7	772075.7207	7095880.247	122	162	772075.932	7095880.732	8.396	16.064	0.025305984	0.9733981	0.466763575	0.079422256	4	110	4.100772457	64.975	57395.24417	Trial1	Trial1	1.83626993337816
62	U1002	UME_081104_P45_WE01_1	1	UME_081104_P45_WE01	771983.7	7095838.7	771986.7241	7095838.119	34	118	771987.116	7095838.095	11.007	25.851	0.088244282	1.6543712	0.483334943	0.279226179	16	845	-1	-1	149613.9389	Trial1	Trial1	1.93635659700087
62	U1002	UME_081104_P45_WE01_2	2	UME_081104_P45_WE01	771981.7	7095838.7	771984.723	7095838.162	32	118	771985.346	7095838.271	7.86	15.755	0.100895039	3.3158392	0.596387747	0.091391705	16	840	-1	-1	61477.4574	Trial1	Trial1	2.15479295535564
62	U1002	UME_081104_P45_WE01_3	3	UME_081104_P45_WE01	771979.7	7095838.7	771982.7219	7095838.205	30	118	771982.98	7095838.166	8.93	17.34	0.061105987	2.2285379	0.852803093	0.179823134	16	839	6.969069295	102.325	101503.4453	Trial1	Trial1	2.00577660727262
46	83-0671	UME_081104_P45_WE02_1	1	UME_081104_P45_WE02	772067.7	7095850.7	772071.0288	7095848.315	118	130	772071.293	7095848.699	9.344	18.081	0.052096734	1.4212039	0.515055134	0.123567657	12	638	-1	-1	78290.60365	Trial1	Trial1	1.89207323437523
46	83-0671	UME_081104_P45_WE02_2	2	UME_081104_P45_WE02	772065.7	7095850.7	772069.0277	7095848.358	116	130	772069.233	7095848.759	6.518	19.545	0.088773374	2.8199443	0.485390951	0.094922396	12	631	-1	-1	86584.6398	Trial1	Trial1	2.08249489877362
46	83-0671	UME_081104_P45_WE02_3	3	UME_081104_P45_WE02	772063.7	7095850.7	772067.0266	7095848.401	114	130	772067.305	7095848.735	10.407	21.136	0.108661853	3.6868	0.372531047	0.136026717	12	630	4.812011202	85.25	92598.833	Trial1	Trial1	2.20213218196539
38	83-0554	UME_081104_P45_WE03_1	1	UME_081104_P45_WE03	772097.7	7095850.7	772101.0453	7095847.669	148	130	772101.224	7095848.14	9.615	14.464	0.047993292	0.8081789	0.566951846	0.089572077	12	668	-1	-1	50896.22328	Trial1	Trial1	1.86949224387234
38	83-0554	UME_081104_P45_WE03_2	2	UME_081104_P45_WE03	772095.7	7095850.7	772099.0442	7095847.712	146	130	772099.283	7095848.131	7.487	14.591	0.059258989	2.2915964	0.634819618	0.079469851	12	663	5.046109596	62.075	48485.68567	Trial1	Trial1	2.07092626624256
38	83-0554	UME_081104_P45_WE03_3	3	UME_081104_P45_WE03	772093.7	7095850.7	772097.0431	7095847.755	144	130	772097.453	7095848.188	9.598	13.77	0.056884253	1.7363717	0.447306563	0.063930661	12	658	-1	-1	45862.80022	Trial1	Trial1	1.99992517833029
45	83-0687	UME_081104_P45_WE04_2	2	UME_081104_P45_WE04	772059.7	7095830.7	772062.5934	7095828.477	110	110	772062.738	7095828.682	11.871	29.634	0.023552944	1.4397807	0.389446016	0.318862042	18	1039	5.539218394	114.15	180186.0243	Trial1	Trial1	1.96047076207371
45	83-0687	UME_081104_P45_WE04_3	3	UME_081104_P45_WE04	772057.7	7095830.7	772060.5923	7095828.52	108	110	772060.846	7095828.698	8.148	13.103	0.026633943	0.9211074	0.530874151	0.058326503	18	1038	-1	-1	42553.12557	Trial1	Trial1	1.89446877390075
66	Y127	UME_081104_P45_WE05_1	1	UME_081104_P45_WE05	771977.7	7095838.7	771980.7208	7095838.248	28	118	771981.045	7095838.101	12.584	18.816	0.064389479	3.8432148	0.484565335	0.16955089	16	838	4.491293416	69.475	89393.37705	Trial1	Trial1	2.27377377505491
66	Y127	UME_081104_P45_WE05_2	2	UME_081104_P45_WE05	771975.7	7095838.7	771978.7197	7095838.292	26	118	771979.114	7095838.122	9.095	14.296	0.017806371	0.85898	0.455751491	0.066536284	16	837	-1	-1	46669.60024	Trial1	Trial1	1.87105177996241
64	89-P56	UME_081104_P45_WE07_1	1	UME_081104_P45_WE07	771989.7	7095886.7	771993.7619	7095886.016	40	166	771994.335	7095885.998	8.608	16.26	0.037376591	1.4164697	0.448145672	0.080107995	4	39	4.461971568	64.375	56422.72622	Trial1	Trial1	1.83886964407698
64	89-P56	UME_081104_P45_WE07_2	2	UME_081104_P45_WE07	771987.7	7095886.7	771991.7608	7095886.059	38	166	771992.441	7095886.095	7.468	13.449	0.042028426	1.8485284	0.515500288	0.054690199	4	38	-1	-1	41139.69323	Trial1	Trial1	1.89004204401324
64	89-P56	UME_081104_P45_WE07_3	3	UME_081104_P45_WE07	771985.7	7095886.7	771989.7597	7095886.102	36	166	771990.035	7095886.14	4.889	12.724	0.05913268	2.7427554	0.750014914	0.046625393	4	37	-1	-1	38277.64519	Trial1	Trial1	2.00242085999011
38	83-0551	UME_081104_P45_WF01_1	1	UME_081104_P45_WF01	772097.7	7095838.7	772100.7867	7095835.662	148	118	772100.866	7095835.871	8.655	16.853	0.051444683	1.4691315	0.363691907	0.070221627	16	948	4.267442128	64.725	64010.59615	Trial1	Trial1	1.98882283545367
38	83-0551	UME_081104_P45_WF01_2	2	UME_081104_P45_WF01	772095.7	7095838.7	772098.7856	7095835.705	146	118	772098.679	7095835.951	7.753	12.16	0.0190817	1.1873454	0.432012393	0.038898508	16	944	-1	-1	29461.04485	Trial1	Trial1	1.95358590955903
38	83-0551	UME_081104_P45_WF01_3	3	UME_081104_P45_WF01	772093.7	7095838.7	772096.7845	7095835.748	144	118	772096.88	7095836.072	5.861	7.155	0.018092182	1.0188808	0.530950449	0.01251272	16	942	-1	-1	10887.45778	Trial1	Trial1	1.93345310460967
69	83-1101	UME_081104_P45_WF02_3	3	UME_081104_P45_WF02	771949.7	7095830.7	771952.533	7095830.848	0	110	771952.457	7095830.658	11.446	22.298	0.268140455	6.022271	0.347512751	0.155320604	18	958	-1	-1	117137.7339	Trial1	Trial1	2.43819912589938
69	83-1101	UME_081104_P45_WF02_2	2	UME_081104_P45_WF02	771951.7	7095830.7	771954.5341	7095830.804	2	110	771954.448	7095830.572	11.61	22.235	0.109543845	3.4505003	0.43167701	0.194609038	18	953	5.325031431	83.725	116672.3323	Trial1	Trial1	2.09734966390767
41	83-0641	UME_081104_P45_WF05_1	1	UME_081104_P45_WF05	772073.7	7095830.7	772076.6011	7095828.175	124	110	772076.647	7095828.407	9.39	16.908	0.025885595	1.3606641	0.541173084	0.114099731	18	1051	-1	-1	79096.35016	Trial1	Trial1	1.88638095622603
41	83-0641	UME_081104_P45_WF05_2	2	UME_081104_P45_WF05	772071.7	7095830.7	772074.6	7095828.218	122	110	772074.634	7095828.417	11.146	28.128	0.027324149	1.2748816	0.418719142	0.290015282	18	1048	-1	-1	167762.3948	Trial1	Trial1	1.87716606946018
41	83-0641	UME_081104_P45_WF05_3	3	UME_081104_P45_WF05	772069.7	7095830.7	772072.5989	7095828.261	120	110	772072.657	7095828.464	9.442	21.699	0.105888883	5.3048781	0.387020963	0.135130944	18	1047	5.522811293	99.125	106165.3127	Trial1	Trial1	2.41806761721321
52	83-0746	UME_081104_P45_WF11_2	2	UME_081104_P45_WF11	772047.7	7095882.7	772051.7075	7095880.764	98	162	772052.028	7095880.886	12.048	21.025	0.155259313	1.8852365	0.543632529	0.227399613	4	100	3.59023921	56.95	108425.4421	Trial1	Trial1	1.8312793357638
52	83-0746	UME_081104_P45_WF11_1	1	UME_081104_P45_WF11	772049.7	7095882.7	772053.7086	7095880.721	100	162	772054.015	7095880.839	10.647	18.318	0.08567875	1.4296162	0.514189486	0.14427096	4	97	-1	-1	76618.49718	Trial1	Trial1	1.76424702387557
42	83-0599	UME_081104_P45_WG01_1	1	UME_081104_P45_WG01	772085.7	7095846.7	772088.9525	7095843.925	136	126	772089.077	7095844.044	11.186	24.283	0.169671255	4.3530938	0.423408387	0.21934354	14	807	5.124078732	96.525	138220.4494	Trial1	Trial1	2.2922626159972
42	83-0599	UME_081104_P45_WG01_2	2	UME_081104_P45_WG01	772083.7	7095846.7	772086.9514	7095843.968	134	126	772086.965	7095844.081	9.231	16.232	0.162152623	4.4250198	0.4749145	0.090718625	14	799	-1	-1	69288.85211	Trial1	Trial1	2.63395046655703
42	83-0599	UME_081104_P45_WG01_3	3	UME_081104_P45_WG01	772081.7	7095846.7	772084.9503	7095844.011	132	126	772085.063	7095844.161	11.165	16.674	0.017462151	0.605786	0.537756122	0.131109501	14	794	-1	-1	72537.71385	Trial1	Trial1	1.79647303724286
42	83-0599	UME_081104_P45_WG01_2	2	UME_081104_P45_WG01	772071.7	7095854.7	772075.1172	7095852.231	122	134	772075.326	7095852.504	4.038	7.225	0.071401806	5.0532014	0.833389059	0.013796082	12	637	-1	-1	13459.95625	Trial1	Trial1	2.63395046655703
53	83-0860	UME_081104_P45_WG02_1	1	UME_081104_P45_WG02	772019.7	7095830.7	772022.5714	7095829.339	70	110	772022.736	7095829.494	10.689	14.173	0.012595712	0.8724097	0.47113505	0.079446841	18	1010	-1	-1	45804.72057	Trial1	Trial1	1.63088412270276
53	83-0860	UME_081104_P45_WG02_2	2	UME_081104_P45_WG02	772017.7	7095830.7	772020.5703	7095829.382	68	110	772020.952	7095829.425	13.608	22.947	0.0286266	1.587164	0.699292195	0.393552157	18	1008	-1	-1	132117.0497	Trial1	Trial1	1.78544638569527
53	83-0860	UME_081104_P45_WG02_3	3	UME_081104_P45_WG02	772015.7	7095830.7	772018.5692	7095829.425	66	110	772019.101	7095829.389	12.767	21.594	0.032294838	1.2571298	0.362429204	0.169462893	18	1007	5.461907268	96.075	95147.21779	Trial1	Trial1	1.82256834560042
50	83-0860	UME_081104_P45_WG02_1	1	UME_081104_P45_WG02	772037.7	7095838.7	772040.7537	7095836.955	88	118	772040.821	7095837.008	7.64	9.752	0.020279677	0.4852405	0.551913318	0.031497122	16	898	-1	-1	22361.33975	Trial1	Trial1	1.63088412270276
50	83-0860	UME_081104_P45_WG02_2	2	UME_081104_P45_WG02	772035.7	7095838.7	772038.7526	7095836.998	86	118	772038.726	7095836.984	7.861	11.205	0.052838079	1.0270337	0.574023765	0.044495619	16	897	-1	-1	27775.28632	Trial1	Trial1	1.78544638569527
42	83-0624	UME_081104_P45_WG03_2	2	UME_081104_P45_WG03	772077.7	7095854.7	772081.1205	7095852.102	128	134	772081.51	7095852.253	11.205	21.393	0.22965222	3.9555361	0.456922779	0.184026944	12	650	-1	-1	103703.2125	Trial1	Trial1	2.23217529921967
42	83-0624	UME_081104_P45_WG03_1	1	UME_081104_P45_WG03	772079.7	7095854.7	772083.1216	7095852.059	130	134	772083.639	7095852.278	8.551	13.958	0.049784108	1.7721537	0.476331637	0.062326832	12	645	-1	-1	42761.74651	Trial1	Trial1	1.93777463078188
42	83-0624	UME_081104_P45_WG03_3	3	UME_081104_P45_WG03	772075.7	7095854.7	772079.1194	7095852.145	126	134	772079.466	7095852.41	6.963	16.256	0.11384572	4.1019927	0.557806325	0.080610595	12	644	3.389957462	70.475	52811.85885	Trial1	Trial1	2.25442035694553
38	83-0582	UME_081104_P45_WG04_2	2	UME_081104_P45_WG04	772089.7	7095838.7	772092.7823	7095835.835	140	118	772092.529	7095836.072	8.415	13.933	0.04850941	1.4508655	0.461179994	0.059170935	16	941	-1	-1	46073.06968	Trial1	Trial1	1.9957588937912
38	83-0582	UME_081104_P45_WG04_1	1	UME_081104_P45_WG04	772091.7	7095838.7	772094.7834	7095835.791	142	118	772094.476	7095836.027	11.444	19.693	0.021011805	1.8874108	0.446081402	0.155483683	16	940	4.715021626	82	94683.33454	Trial1	Trial1	2.0518262323039
38	83-0582	UME_081104_P45_WG04_3	3	UME_081104_P45_WG04	772087.7	7095838.7	772090.7812	7095835.878	138	118	772090.588	7095836.178	6.64	11.609	0.017234124	0.7268948	0.573346575	0.040295488	16	939	-1	-1	30663.37844	Trial1	Trial1	1.90123617368372
37	83-0540	UME_081104_P45_WG05_3	3	UME_081104_P45_WG05	772099.7	7095822.7	772102.4429	7095819.61	150	102	772102.59	7095819.793	8.928	15.508	0.092854171	2.811129	0.571939667	0.096453554	20	1226	3.931466507	63.05	48889.42248	Trial1	Trial1	2.14797170030978
48	83-0709	UME_081104_P45_WG10_1	1	UME_081104_P45_WG10	772055.7	7095882.7	772059.7119	7095880.591	106	162	772060.094	7095881.112	10.243	18.43	0.121355269	1.814247	0.451589288	0.123394636	4	105	4.87154623	81.575	76829.16515	Trial1	Trial1	1.91789740589825
48	83-0709	UME_081104_P45_WG10_3	3	UME_081104_P45_WG10	772051.7	7095882.7	772055.7097	7095880.678	102	162	772056.125	7095881.045	10.084	16.962	0.117733282	2.4720972	0.546137574	0.124443929	4	95	-1	-1	66650.15503	Trial1	Trial1	2.01759206052077
56	83-0800	UME_081104_P45_WG12_1	1	UME_081104_P45_WG12	772031.7	7095886.7	772035.785	7095885.111	82	166	772036.067	7095885.055	9.385	18.493	0.059828524	1.2474524	0.606966013	0.152996507	4	79	-1	-1	84444.20966	Trial1	Trial1	1.94321041829472
56	83-0800	UME_081104_P45_WG12_3	3	UME_081104_P45_WG12	772027.7	7095886.7	772031.7828	7095885.197	78	166	772032.149	7095885.292	11.743	20.831	0.021268405	0.9767114	0.524977696	0.210093962	4	75	4.444784805	93.575	117758.5197	Trial1	Trial1	1.91614397780277
42	83-0629	UME_081104_P45_WH01_1	1	UME_081104_P45_WH01	772079.7	7095834.7	772082.6906	7095832.048	130	114	772082.821	7095832.325	10.283	18.721	0.112627738	2.3072583	0.427579635	0.119136966	16	931	-1	-1	72150.56067	Trial1	Trial1	2.05104441345818
42	83-0629	UME_081104_P45_WH01_2	2	UME_081104_P45_WH01	772077.7	7095834.7	772080.6895	7095832.091	128	114	772080.913	7095832.337	10.107	16.761	0.028301997	1.055532	0.767176182	0.171077134	16	928	3.732302817	68.875	71289.65415	Trial1	Trial1	1.88578746041527
42	83-0629	UME_081104_P45_WH01_3	3	UME_081104_P45_WH01	772075.7	7095834.7	772078.6884	7095832.134	126	114	772078.988	7095832.447	8	20.902	0.059018039	1.7183793	0.489314002	0.13432552	16	927	-1	-1	100776.4646	Trial1	Trial1	1.97641831444179
54	83-0826	UME_081104_P45_WH02_2	2	UME_081104_P45_WH02	772023.7	7095834.7	772026.6598	7095833.255	74	114	772026.738	7095833.223	12.658	19.954	0.0649612	1.61649	0.396255401	0.156858957	16	881	4.6434131	87.8	96799.5819	Trial1	Trial1	1.90498827633472
54	83-0826	UME_081104_P45_WH02_1	1	UME_081104_P45_WH02	772025.7	7095834.7	772028.6609	7095833.212	76	114	772028.743	7095833.233	5.519	14.646	0.030404469	0.8939135	0.743544888	0.06914445	16	878	-1	-1	51026.33087	Trial1	Trial1	1.80495849510144
54	83-0826	UME_081104_P45_WH02_3	3	UME_081104_P45_WH02	772021.7	7095834.7	772024.6587	7095833.298	72	114	772024.69	7095833.399	11.072	24.308	0.05265719	2.1210558	0.398780636	0.20489632	16	873	-1	-1	136403.771	Trial1	Trial1	1.97572641343896
46	83-0716	UME_081104_P45_WH03_1	1	UME_081104_P45_WH03	772055.7	7095854.7	772059.1085	7095852.576	106	134	772059.438	7095852.768	9.468	21.961	0.063127592	2.8727923	0.444796491	0.159523829	12	627	-1	-1	102542.5515	Trial1	Trial1	2.10442464112368
46	83-0716	UME_081104_P45_WH03_2	2	UME_081104_P45_WH03	772053.7	7095854.7	772057.1074	7095852.619	104	134	772057.282	7095852.77	6.551	16.635	0.017477132	0.5833433	0.588828762	0.08383977	12	625	-1	-1	63445.87719	Trial1	Trial1	1.80343181620753
46	83-0716	UME_081104_P45_WH03_3	3	UME_081104_P45_WH03	772051.7	7095854.7	772055.1063	7095852.662	102	134	772055.35	7095852.841	10.656	18.961	0.009020495	0.4491396	0.476761191	0.143458506	12	620	4.541378621	68.325	83151.96676	Trial1	Trial1	1.79053776001844
42	83-0643	UME_081104_P45_WH04_1	1	UME_081104_P45_WH04	772073.7	7095838.7	772076.7735	7095836.179	124	118	772076.887	7095836.346	10.968	22.4	0.130237769	4.2098456	0.394018992	0.170300943	16	925	4.780241162	94.875	118451.0628	Trial1	Trial1	2.30330164994042
42	83-0643	UME_081104_P45_WH04_2	2	UME_081104_P45_WH04	772071.7	7095838.7	772074.7724	7095836.222	122	118	772074.883	7095836.433	11.366	20.604	0.137441946	4.8208173	0.484469611	0.183589774	16	922	-1	-1	95221.92055	Trial1	Trial1	2.3873788230404
69	83-1090	UME_081104_P45_WH05_1	1	UME_081104_P45_WH05	771959.7	7095830.7	771962.5385	7095830.632	10	110	771962.556	7095830.484	12.994	29.27	0.050008071	2.3318599	0.531421943	0.464651742	18	961	-1	-1	208755.2457	Trial1	Trial1	1.95925723394084
69	83-1090	UME_081104_P45_WH05_3	3	UME_081104_P45_WH05	771955.7	7095830.7	771958.5363	7095830.718	6	110	771958.513	7095830.575	12.37	29.785	0.034407832	1.9521545	0.449761694	0.387648928	18	959	6.881361173	131.85	213522.0722	Trial1	Trial1	1.90277787019772
56	83-0846	UME_081104_P45_WH11_1	1	UME_081104_P45_WH11	772019.7	7095886.7	772023.7784	7095885.37	70	166	772024.222	7095885.423	7.18	16.89	0.049616654	1.3218763	0.677031106	0.108915832	4	70	-1	-1	66716.87713	Trial1	Trial1	1.97490689553415
56	83-0846	UME_081104_P45_WH11_2	2	UME_081104_P45_WH11	772017.7	7095886.7	772021.7773	7095885.413	68	166	772022.007	7095885.402	11.952	18.133	0.053329753	0.8442078	0.454499914	0.140286159	4	69	-1	-1	71655.09006	Trial1	Trial1	1.91325283037664
56	83-0846	UME_081104_P45_WH11_3	3	UME_081104_P45_WH11	772015.7	7095886.7	772019.7762	7095885.456	66	166	772020.074	7095885.359	12.127	18.141	0.168145264	2.4118704	0.545361161	0.170945966	4	63	4.230503487	61.675	79333.50897	Trial1	Trial1	2.12454515141104
48	83-0663	UME_081104_P45_WH12_1	1	UME_081104_P45_WH12	772067.7	7095882.7	772071.7185	7095880.333	118	162	772071.938	7095880.559	8.445	15.855	0.091689568	2.5754778	0.524122681	0.087383987	4	113	-1	-1	51153.55946	Trial1	Trial1	1.9873417938112
48	83-0663	UME_081104_P45_WH12_2	2	UME_081104_P45_WH12	772065.7	7095882.7	772069.7174	7095880.376	116	162	772069.995	7095880.58	11.04	19.951	0.093540106	2.6748369	0.42593081	0.147009114	4	112	-1	-1	94981.9899	Trial1	Trial1	2.00551593220427
48	83-0663	UME_081104_P45_WH12_3	3	UME_081104_P45_WH12	772063.7	7095882.7	772067.7163	7095880.419	114	162	772067.946	7095880.632	10.497	19.486	0.083882699	1.9641653	0.839137892	0.262692412	4	108	4.487204379	80.075	87588.87367	Trial1	Trial1	1.91569631510263
53	83-0815	UME_081104_P46_WA02_1	1	UME_081104_P46_WA02	772031.7	7095826.7	772034.4918	7095825.078	82	106	772034.507	7095825.104	11.708	28.442	0.109035152	4.2812237	0.356111447	0.264900585	18	1018	-1	-1	192160.6354	Trial1	Trial1	2.20443550645416
53	83-0815	UME_081104_P46_WA02_2	2	UME_081104_P46_WA02	772029.7	7095826.7	772032.4907	7095825.121	80	106	772032.664	7095825.159	5.217	19.574	0.037993419	1.4272491	0.693352601	0.108843147	18	1017	-1	-1	94121.3435	Trial1	Trial1	1.8266960539397
53	83-0815	UME_081104_P46_WA02_3	3	UME_081104_P46_WA02	772027.7	7095826.7	772030.4896	7095825.164	78	106	772030.561	7095825.157	12.645	18.647	0.164304354	3.5582531	0.816222532	0.281850662	18	1016	6.075959988	98.55	189918.7192	Trial1	Trial1	2.11494060358247
61	W4213	UME_081104_P46_WA03_1	1	UME_081104_P46_WA03	771983.7	7095826.7	771986.4655	7095826.113	34	106	771986.534	7095826.087	8.996	24.351	0.057551913	2.3034185	0.49268578	0.206414921	18	980	-1	-1	134223.4221	Trial1	Trial1	2.03417625086462
61	W4213	UME_081104_P46_WA03_2	2	UME_081104_P46_WA03	771981.7	7095826.7	771984.4644	7095826.156	32	106	771984.768	7095826.24	13.135	24.941	0.109869019	2.0631539	0.466240339	0.299207711	18	977	-1	-1	153571.0935	Trial1	Trial1	1.99973602490588
61	W4213	UME_081104_P46_WA03_3	3	UME_081104_P46_WA03	771979.7	7095826.7	771982.4633	7095826.199	30	106	771982.819	7095826.278	13.359	30.714	0.132130612	3.9484513	0.570742114	0.564896996	18	976	-1	-1	228125.9561	Trial1	Trial1	2.24916848991973
29	83-0450	UME_081104_P46_WA04_3	3	UME_081104_P46_WA04	771967.7	7095736.7	771968.5169	7095736.408	18	16	771968.296	7095736.427	11.395	22.074	0.024670652	0.8143869	0.515521479	0.224819721	40	2597	-1	-1	115608.552	Trial1	Trial1	1.8603163591368
29	83-0450	UME_081104_P46_WA04_2	2	UME_081104_P46_WA04	771969.7	7095736.7	771970.518	7095736.365	20	16	771970.301	7095736.297	12.244	29.395	0.020159654	1.0786885	0.425067181	0.353195912	40	2596	-1	-1	193964.5433	Trial1	Trial1	1.89076365570106
13	83-0189	UME_081104_P46_WA05_1	1	UME_081104_P46_WA05	772043.7	7095724.7	772044.3	7095722.763	94	4	772043.88	7095723.041	12.485	19.77	0.018514106	0.759277	0.548940281	0.21037965	44	2971	4.175747976	77.875	99269.58201	Trial1	Trial1	1.70025828479345
13	83-0189	UME_081104_P46_WA05_2	2	UME_081104_P46_WA05	772041.7	7095724.7	772042.2989	7095722.806	92	4	772041.892	7095723.08	6.699	13.592	0.02168892	0.808982	0.599979978	0.058320461	44	2967	-1	-1	45041.58834	Trial1	Trial1	1.69440395559573
13	83-0189	UME_081104_P46_WA05_3	3	UME_081104_P46_WA05	772039.7	7095724.7	772040.2978	7095722.85	90	4	772040.048	7095723.114	8.289	15.733	0.064018628	2.9482792	0.547718078	0.088259253	44	2966	-1	-1	61845.70303	Trial1	Trial1	1.96779558745057
13	83-0151	UME_081104_P46_WA06_1	1	UME_081104_P46_WA06	772049.7	7095736.7	772050.5619	7095734.641	100	16	772050.224	7095735.003	7.999	13.153	0.051442896	0.8636373	0.648660555	0.070501804	40	2681	4.298266101	47.175	49513.21487	Trial1	Trial1	1.71817557495468
13	83-0151	UME_081104_P46_WA06_2	2	UME_081104_P46_WA06	772047.7	7095736.7	772048.5608	7095734.684	98	16	772049.218	7095734.963	6.781	8.076	0.02396108	1.4378707	0.672120689	0.023349424	40	2675	-1	-1	16368.63756	Trial1	Trial1	1.78516408667678
1	81-0028	UME_081104_P46_WA07_1	1	UME_081104_P46_WA07	772103.7	7095728.7	772104.4191	7095725.472	154	8	772104.069	7095725.729	9.434	15.618	0.17927295	3.1168103	0.631882363	0.114195361	42	2874	-1	-1	74763.45239	Trial1	Trial1	2.15713189332862
1	81-0028	UME_081104_P46_WA07_3	3	UME_081104_P46_WA07	772099.7	7095728.7	772100.4169	7095725.559	150	8	772100.001	7095726.135	7.903	13.001	0.083589017	1.5968714	0.52795867	0.055394858	42	2873	-1	-1	42713.28755	Trial1	Trial1	1.93813318632227
1	81-0028	UME_081104_P46_WA07_2	2	UME_081104_P46_WA07	772101.7	7095728.7	772102.418	7095725.516	152	8	772102.13	7095726.022	8.113	15.332	0.073858593	2.7132073	0.663879715	0.099445305	42	2869	3.894234238	58.5	58376.64041	Trial1	Trial1	2.09525585060455
9	83-0326	UME_081104_P46_WA08_3	3	UME_081104_P46_WA08	772051.7	7095732.7	772052.4768	7095730.595	102	12	772051.926	7095730.838	8.022	13.374	0.023354064	1.1608794	0.517706094	0.058338119	42	2834	-1	-1	39761.02034	Trial1	Trial1	1.6711611590664
9	83-0326	UME_081104_P46_WA08_2	2	UME_081104_P46_WA08	772053.7	7095732.7	772054.4779	7095730.552	104	12	772054.116	7095730.709	6.799	22.944	0.020146462	0.796972	0.462122626	0.129903846	42	2831	6.172317371	36	117083.0608	Trial1	Trial1	1.61496446166267
21	83-0326	UME_081104_P46_WA08_1	1	UME_081104_P46_WA08	772001.7	7095732.7	772002.4494	7095731.673	52	12	772002.153	7095731.626	9.494	25.461	0.034361968	1.4037173	0.491428826	0.237548249	42	2777	-1	-1	153060.2644	Trial1	Trial1	1.88406188599429
21	83-0326	UME_081104_P46_WA08_2	2	UME_081104_P46_WA08	771999.7	7095732.7	772000.4483	7095731.716	50	12	772000.186	7095731.554	7.03	20.085	0.02378116	0.9697477	0.540380482	0.120361539	42	2776	6.172317371	36	90468.37739	Trial1	Trial1	1.61496446166267
21	83-0326	UME_081104_P46_WA08_3	3	UME_081104_P46_WA08	771997.7	7095732.7	771998.4472	7095731.759	48	12	771998.097	7095731.775	5.271	21.1	0.037066648	1.1717397	0.742659282	0.136874261	42	2775	-1	-1	109550.1564	Trial1	Trial1	1.6711611590664
13	83-0330	UME_081104_P46_WA09_1	1	UME_081104_P46_WA09	772049.7	7095732.7	772050.4757	7095730.638	100	12	772050.127	7095730.902	8.123	13.741	0.011881328	0.6120431	0.514456881	0.061885641	42	2826	-1	-1	46331.05178	Trial1	Trial1	1.72827191179044
13	83-0330	UME_081104_P46_WA09_2	2	UME_081104_P46_WA09	772047.7	7095732.7	772048.4746	7095730.682	98	12	772048.313	7095730.927	8.65	15.831	0.029062085	1.4913469	0.394484833	0.067171977	42	2825	4.756924491	51.825	49358.14412	Trial1	Trial1	1.79458879819357
22	83-0330	UME_081104_P46_WA09_1	1	UME_081104_P46_WA09	772001.7	7095748.7	772002.7942	7095747.682	52	28	772002.644	7095747.769	8.98	21.912	0.105626755	2.081493	0.562270754	0.190403084	38	2480	-1	-1	122031.3724	Trial1	Trial1	1.72827191179044
22	83-0330	UME_081104_P46_WA09_2	2	UME_081104_P46_WA09	771999.7	7095748.7	772000.7931	7095747.725	50	28	772000.701	7095747.747	10.201	22.328	0.083664755	1.8515592	0.318814024	0.127340387	38	2479	4.756924491	51.825	110115.0677	Trial1	Trial1	1.79458879819357
22	83-0330	UME_081104_P46_WA09_3	3	UME_081104_P46_WA09	771997.7	7095748.7	771998.792	7095747.768	48	28	771998.699	7095747.844	7.825	21.176	0.066258239	2.0946235	0.533137534	0.14692885	38	2474	-1	-1	101384.2558	Trial1	Trial1	1.97148556823022
17	83-0273	UME_081104_P46_WA10_2	2	UME_081104_P46_WA10	772017.7	7095740.7	772018.6306	7095739.333	68	20	772018.233	7095739.466	7.223	22.143	0.054759148	1.3095268	0.609931215	0.16965522	40	2654	6.496876188	84.8	120024.8289	Trial1	Trial1	1.84357996653818
21	83-0328	UME_081104_P46_WA11_1	1	UME_081104_P46_WA11	772001.7	7095740.7	772002.6218	7095739.677	52	20	772002.301	7095739.761	12.422	18.884	0.032463982	1.2684729	0.414887885	0.144351625	40	2632	5.288266762	83.2	89326.52484	Trial1	Trial1	1.87469742187974
21	83-0328	UME_081104_P46_WA11_2	2	UME_081104_P46_WA11	771999.7	7095740.7	772000.6207	7095739.72	50	20	772000.217	7095739.732	6.816	22.159	0.084161925	2.8898246	0.667641954	0.175502327	40	2631	-1	-1	141930.1103	Trial1	Trial1	2.089640582785
21	83-0328	UME_081104_P46_WA11_3	3	UME_081104_P46_WA11	771997.7	7095740.7	771998.6196	7095739.764	48	20	771998.233	7095739.737	10.062	22.151	0.106015391	4.3099865	0.280648668	0.108821036	40	2630	-1	-1	98505.95625	Trial1	Trial1	2.27843628115208
53	83-0825	UME_081104_P46_WB02_1	1	UME_081104_P46_WB02	772025.7	7095830.7	772028.5747	7095829.21	76	110	772028.665	7095829.258	11.994	25.271	0.035608168	1.4901831	0.537313482	0.323237962	18	1015	-1	-1	157206.0829	Trial1	Trial1	1.83840034001969
53	83-0825	UME_081104_P46_WB02_2	2	UME_081104_P46_WB02	772023.7	7095830.7	772026.5736	7095829.253	74	110	772026.651	7095829.518	11.374	16.326	0.104038177	5.8923084	0.442257323	0.105306122	18	1014	4.091104584	70.425	49503.08734	Trial1	Trial1	2.42999867503038
53	83-0825	UME_081104_P46_WB02_3	3	UME_081104_P46_WB02	772021.7	7095830.7	772024.5725	7095829.296	72	110	772024.633	7095829.411	7.093	25.226	0.030178712	2.9131335	0.568307357	0.201464275	18	1011	-1	-1	136570.196	Trial1	Trial1	2.03518760463855
29	83-0452	UME_081104_P46_WB04_1	1	UME_081104_P46_WB04	771971.7	7095728.7	771972.3467	7095728.317	22	8	771972.041	7095728.645	12.427	27.346	0.088611282	1.6241877	0.468225578	0.341740832	42	2747	-1	-1	175144.9292	Trial1	Trial1	1.94537131364089
29	83-0452	UME_081104_P46_WB04_3	3	UME_081104_P46_WB04	771967.7	7095728.7	771968.3445	7095728.404	18	8	771968.029	7095728.614	11.952	24.765	0.117174414	2.1576493	0.455758869	0.262396382	42	2746	4.813196621	89.625	152504.9626	Trial1	Trial1	2.02716938015297
29	83-0452	UME_081104_P46_WB04_2	2	UME_081104_P46_WB04	771969.7	7095728.7	771970.3456	7095728.36	20	8	771970.005	7095728.573	7.987	19.934	0.101467292	3.4377961	0.623780207	0.155488654	42	2743	-1	-1	83909.54571	Trial1	Trial1	2.19300130302445
9	83-0142	UME_081104_P46_WB05_1	1	UME_081104_P46_WB05	772055.7	7095736.7	772056.5652	7095734.511	106	16	772056.435	7095734.799	10.711	21.745	0.078671158	1.7209458	0.512601644	0.203902016	40	2689	-1	-1	131270.7902	Trial1	Trial1	1.83247674755031
9	83-0142	UME_081104_P46_WB05_2	2	UME_081104_P46_WB05	772053.7	7095736.7	772054.5641	7095734.554	104	16	772054.373	7095734.796	9.648	18.726	0.03888963	1.8621221	0.505981478	0.134447069	40	2683	4.144323581	69.6	80884.434	Trial1	Trial1	1.8421896541293
9	83-0142	UME_081104_P46_WB05_3	3	UME_081104_P46_WB05	772051.7	7095736.7	772052.563	7095734.598	102	16	772052.446	7095734.985	10.609	20.163	0.136288802	3.5530685	0.468572964	0.158732775	40	2680	-1	-1	104004.116	Trial1	Trial1	2.05878233064596
17	83-0276	UME_081104_P46_WB06_2	2	UME_081104_P46_WB06	772017.7	7095728.7	772018.3719	7095727.326	68	8	772017.936	7095727.53	10.336	17.781	0.102410404	2.9728237	0.41935129	0.107635444	42	2798	5.536046834	54.5	69648.51115	Trial1	Trial1	2.06251550971434
17	83-0276	UME_081104_P46_WB06_1	1	UME_081104_P46_WB06	772019.7	7095728.7	772020.373	7095727.283	70	8	772019.976	7095727.505	7.456	15.004	0.064758777	6.0673767	0.558619761	0.073643214	42	2792	-1	-1	59430.07636	Trial1	Trial1	2.4831056177133
17	83-0276	UME_081104_P46_WB06_3	3	UME_081104_P46_WB06	772015.7	7095728.7	772016.3708	7095727.369	66	8	772016.107	7095727.575	7.437	16.099	0.067436031	3.4268454	0.497345544	0.075286724	42	2791	-1	-1	57761.415	Trial1	Trial1	2.11646415623267
1	81-0032	UME_081104_P46_WB07_1	1	UME_081104_P46_WB07	772097.7	7095724.7	772098.3296	7095721.6	148	4	772098.092	7095722.001	8.626	16.895	0.066204987	1.859472	0.40595717	0.078500041	44	3017	4.727433203	64.8	58256.60592	Trial1	Trial1	1.99512248760448
5	83-0063	UME_081104_P46_WB08_1	1	UME_081104_P46_WB08	772073.7	7095736.7	772074.5751	7095734.123	124	16	772074.135	7095734.518	10.637	20.81	0.025119818	0.5592308	0.483192574	0.174818744	40	2701	5.054525751	76.3	102751.191	Trial1	Trial1	1.68172782687062
5	83-0063	UME_081104_P46_WB08_2	2	UME_081104_P46_WB08	772071.7	7095736.7	772072.574	7095734.166	122	16	772072.354	7095734.564	6.629	9.178	0.044275747	1.9781815	0.625219607	0.02742263	40	2694	-1	-1	21358.64255	Trial1	Trial1	1.86465841911523
29	83-0459	UME_081104_P46_WB09_1	1	UME_081104_P46_WB09	771965.7	7095736.7	771966.5158	7095736.451	16	16	771966.399	7095736.434	6.174	23.574	0.025200128	0.8653598	0.632395474	0.170412731	40	2595	-1	-1	130067.2778	Trial1	Trial1	1.87181097061939
29	83-0459	UME_081104_P46_WB09_2	2	UME_081104_P46_WB09	771963.7	7095736.7	771964.5147	7095736.494	14	16	771964.446	7095736.447	13.087	30.182	0.041238157	1.3302467	0.596604582	0.558625338	40	2593	-1	-1	206534.2229	Trial1	Trial1	1.93838163040084
29	83-0459	UME_081104_P46_WB09_3	3	UME_081104_P46_WB09	771961.7	7095736.7	771962.5136	7095736.537	12	16	771962.52	7095736.435	9.659	30.053	0.125901983	4.2858296	0.577727674	0.395837406	40	2588	7.394913345	126.45	243687.5089	Trial1	Trial1	2.33752745437744
30	83-0417	UME_081104_P46_WB10_2	2	UME_081104_P46_WB10	771975.7	7095744.7	771976.6937	7095744.24	26	24	771976.542	7095744.237	5.997	18.373	0.139480119	4.2146566	0.887270306	0.141070807	38	2455	-1	-1	108915.1749	Trial1	Trial1	2.2818720951423
30	83-0417	UME_081104_P46_WB10_1	1	UME_081104_P46_WB10	771977.7	7095744.7	771978.6948	7095744.197	28	24	771978.579	7095744.072	11.906	32.053	0.0637195	2.5718794	0.483265901	0.464273122	38	2454	6.123055899	114.425	234645.2792	Trial1	Trial1	2.05772333491848
30	83-0417	UME_081104_P46_WB10_3	3	UME_081104_P46_WB10	771973.7	7095744.7	771974.6926	7095744.283	24	24	771974.556	7095744.286	10.61	23.473	0.147752947	2.7775243	0.528097365	0.242477667	38	2452	-1	-1	141494.3344	Trial1	Trial1	2.09455065794159
29	83-0416	UME_081104_P46_WB11_1	1	UME_081104_P46_WB11	771977.7	7095740.7	771978.6086	7095740.195	28	20	771978.433	7095740.242	11.886	27.626	0.074057076	2.5038048	0.382093982	0.272230822	40	2611	5.340513778	88.975	160144.683	Trial1	Trial1	2.06816797890378
29	83-0416	UME_081104_P46_WB11_2	2	UME_081104_P46_WB11	771975.7	7095740.7	771976.6075	7095740.238	26	20	771976.304	7095740.202	7.841	18.643	0.019049072	0.5881493	0.604410936	0.129370004	40	2607	-1	-1	85992.77822	Trial1	Trial1	1.81697367072176
29	83-0416	UME_081104_P46_WB11_3	3	UME_081104_P46_WB11	771973.7	7095740.7	771974.6064	7095740.281	24	20	771974.336	7095740.34	11.792	26.394	0.021444432	0.9418337	0.464693109	0.299813931	40	2604	-1	-1	167977.2055	Trial1	Trial1	1.86909991133405
61	83-0953	UME_081104_P46_WC02_1	1	UME_081104_P46_WC02	771995.7	7095826.7	771998.472	7095825.854	46	106	771998.493	7095825.858	6.593	24.108	0.030315626	1.2843655	0.616112318	0.185414856	18	991	-1	-1	141743.7353	Trial1	Trial1	1.90714687372029
61	83-0953	UME_081104_P46_WC02_2	2	UME_081104_P46_WC02	771993.7	7095826.7	771996.4709	7095825.897	44	106	771996.581	7095825.947	11.639	22.764	0.020082665	0.9188287	0.494474979	0.234226771	18	989	-1	-1	122867.3964	Trial1	Trial1	1.85750970193069
61	83-0953	UME_081104_P46_WC02_3	3	UME_081104_P46_WC02	771991.7	7095826.7	771994.4698	7095825.94	42	106	771994.573	7095825.885	13.226	26.711	0.109930895	2.1622971	0.355086794	0.263177141	18	987	4.699122974	95.425	182075.0393	Trial1	Trial1	2.0225438829566
5	83-0064	UME_081104_P46_WC03_1	1	UME_081104_P46_WC03	772073.7	7095740.7	772074.6613	7095738.126	124	20	772074.244	7095738.568	11.448	22.399	0.026720338	1.5314981	0.61294197	0.276489362	40	2699	5.326108811	87.3	133866.6662	Trial1	Trial1	1.78997857628735
5	83-0064	UME_081104_P46_WC03_3	3	UME_081104_P46_WC03	772069.7	7095740.7	772070.6591	7095738.212	120	20	772070.113	7095738.549	10.762	21.924	0.203095847	5.2364519	0.645599649	0.262293477	40	2698	-1	-1	117222.494	Trial1	Trial1	2.27288734817944
5	83-0064	UME_081104_P46_WC03_2	2	UME_081104_P46_WC03	772071.7	7095740.7	772072.6602	7095738.169	122	20	772072.173	7095738.619	8.101	18.186	0.027536575	1.4841635	0.436600881	0.091872321	40	2696	-1	-1	64616.04508	Trial1	Trial1	1.7777145305071
29	83-0457	UME_081104_P46_WC04_1	1	UME_081104_P46_WC04	771965.7	7095728.7	771966.3434	7095728.447	16	8	771966.046	7095728.601	5.818	13.716	0.021220361	0.6279772	0.712501078	0.061248206	42	2745	-1	-1	44454.9442	Trial1	Trial1	1.82785627816057
29	83-0457	UME_081104_P46_WC04_2	2	UME_081104_P46_WC04	771963.7	7095728.7	771964.3423	7095728.49	14	8	771964.128	7095728.511	6.316	18.467	0.0985532	3.4025333	0.475285265	0.080405825	42	2740	-1	-1	63807.53449	Trial1	Trial1	2.20348746929401
29	83-0457	UME_081104_P46_WC04_3	3	UME_081104_P46_WC04	771961.7	7095728.7	771962.3412	7095728.533	12	8	771962.121	7095728.574	10.874	26.307	0.098118308	2.6315376	0.415833018	0.245768447	42	2739	5.603061157	103.4	149244.472	Trial1	Trial1	2.10517523131766
25	83-0408	UME_081104_P46_WC05_1	1	UME_081104_P46_WC05	771983.7	7095728.7	771984.3533	7095728.059	34	8	771983.972	7095728.091	10.637	20.276	0.171892598	6.5188401	0.283163314	0.097253396	42	2758	5.176904002	76.925	68417.5739	Trial1	Trial1	2.54257594331275
25	83-0408	UME_081104_P46_WC05_2	2	UME_081104_P46_WC05	771981.7	7095728.7	771982.3522	7095728.102	32	8	771982.217	7095728.171	6.574	12.347	0.094486063	3.9996362	0.547455829	0.043089005	42	2751	-1	-1	34217.91151	Trial1	Trial1	2.20991589223799
25	83-0408	UME_081104_P46_WC05_3	3	UME_081104_P46_WC05	771979.7	7095728.7	771980.3511	7095728.145	30	8	771980.036	7095728.204	8.426	15.296	0.024861666	1.2478235	0.535916349	0.082974488	42	2750	-1	-1	56974.15692	Trial1	Trial1	1.84661931393931
2	81-0024	UME_081104_P46_WC10_1	1	UME_081104_P46_WC10	772103.7	7095744.7	772104.764	7095741.481	154	24	772104.539	7095741.823	5.595	13.655	0.006761152	0.3991496	0.616841402	0.050539382	38	2575	-1	-1	43240.98471	Trial1	Trial1	1.84030771923944
2	81-0024	UME_081104_P46_WC10_3	3	UME_081104_P46_WC10	772099.7	7095744.7	772100.7618	7095741.567	150	24	772100.516	7095742.036	9.495	17.66	0.112554197	3.0803116	0.38022089	0.088431959	38	2574	3.721362058	67.425	62844.56662	Trial1	Trial1	2.18688978405169
2	81-0024	UME_081104_P46_WC10_2	2	UME_081104_P46_WC10	772101.7	7095744.7	772102.7629	7095741.524	152	24	772102.51	7095741.962	6.936	11.328	0.018835481	0.6907984	0.688856998	0.048153274	38	2571	-1	-1	33365.58352	Trial1	Trial1	1.87342928982601
10	83-0109	UME_081104_P46_WC11_1	1	UME_081104_P46_WC11	772061.7	7095744.7	772062.7409	7095742.386	112	24	772062.469	7095742.766	8.67	8.839	0.066404095	1.6159135	0.802360465	0.042680731	38	2534	-1	-1	19872.55288	Trial1	Trial1	1.93255587284895
10	83-0109	UME_081104_P46_WC11_3	3	UME_081104_P46_WC11	772057.7	7095744.7	772058.7387	7095742.473	108	24	772058.563	7095742.904	9.859	11.186	0.034784913	0.5892291	0.491337319	0.04760181	38	2533	-1	-1	27968.34263	Trial1	Trial1	1.78150613475921
10	83-0109	UME_081104_P46_WC11_2	2	UME_081104_P46_WC11	772059.7	7095744.7	772060.7398	7095742.43	110	24	772060.481	7095742.74	12.291	26.423	0.024198572	1.0059714	0.453559904	0.305685756	38	2528	5.967794814	80.025	164611.0416	Trial1	Trial1	1.84419692246347
2	81-0039	UME_081104_P46_WC12_1	1	UME_081104_P46_WC12	772097.7	7095752.7	772098.9331	7095749.615	148	32	772098.852	7095749.916	10.785	21.084	0.134325463	4.918866	0.459394004	0.172978448	36	2421	-1	-1	105480.2305	Trial1	Trial1	2.37080889264715
2	81-0039	UME_081104_P46_WC12_2	2	UME_081104_P46_WC12	772095.7	7095752.7	772096.932	7095749.658	146	32	772096.874	7095749.935	9.239	22.159	0.303263958	4.7280576	0.438123674	0.156097662	36	2417	3.907836919	75.625	127037.8547	Trial1	Trial1	2.34061887243707
2	81-0039	UME_081104_P46_WC12_3	3	UME_081104_P46_WC12	772093.7	7095752.7	772094.9309	7095749.701	144	32	772094.595	7095750.114	7.943	14.225	0.065846881	2.1723846	0.574834025	0.072568838	36	2416	-1	-1	50559.95244	Trial1	Trial1	1.99453710477135
72	83-1076	UME_081104_P46_WD01_1	1	UME_081104_P46_WD01	771959.7	7095886.7	771963.7455	7095886.663	10	166	771964.016	7095886.567	12.3	24.513	0.131975768	4.2968287	0.398633588	0.231390749	4	15	-1	-1	124487.3672	Trial1	Trial1	2.19681904920176
72	83-1076	UME_081104_P46_WD01_2	2	UME_081104_P46_WD01	771957.7	7095886.7	771961.7444	7095886.706	8	166	771961.989	7095886.497	11.125	22.561	0.041282892	1.6668957	0.411398306	0.182959749	4	14	-1	-1	125511.3392	Trial1	Trial1	1.83816315952631
72	83-1076	UME_081104_P46_WD01_3	3	UME_081104_P46_WD01	771955.7	7095886.7	771959.7433	7095886.749	6	166	771960.03	7095886.492	9.578	24.512	0.061975427	1.9690577	0.401080484	0.181284883	4	13	7.20228898	112.875	110103.3517	Trial1	Trial1	1.87144389579474
49	83-0768	UME_081104_P46_WD02_1	1	UME_081104_P46_WD02	772043.7	7095830.7	772046.5846	7095828.822	94	110	772046.613	7095828.867	5.215	14.28	0.011155257	0.3876117	0.615824439	0.051433282	18	1028	-1	-1	44155.6976	Trial1	Trial1	1.75183175594426
49	83-0768	UME_081104_P46_WD02_2	2	UME_081104_P46_WD02	772041.7	7095830.7	772044.5835	7095828.865	92	110	772044.702	7095828.922	12.302	27.8	0.139061551	6.9462287	0.372389745	0.278074219	18	1023	5.635478387	98.725	130249.9918	Trial1	Trial1	2.6322933614831
17	83-0230	UME_081104_P46_WD04_1	1	UME_081104_P46_WD04	772031.7	7095736.7	772032.552	7095735.029	82	16	772032.256	7095735.246	11.998	27.348	0.022623536	0.9277177	0.537518606	0.378838285	40	2662	5.520136264	100.525	198461.1616	Trial1	Trial1	1.84078715990529
17	83-0230	UME_081104_P46_WD04_2	2	UME_081104_P46_WD04	772029.7	7095736.7	772030.5509	7095735.072	80	16	772030.32	7095735.278	6.938	21.919	0.011331126	0.5140944	0.549718143	0.143909158	40	2661	-1	-1	112188.8161	Trial1	Trial1	1.77730087494012
17	83-0230	UME_081104_P46_WD04_3	3	UME_081104_P46_WD04	772027.7	7095736.7	772028.5499	7095735.115	78	16	772028.22	7095735.305	10.829	21.683	0.023311417	0.7748058	0.623134687	0.249172279	40	2660	-1	-1	117354.2779	Trial1	Trial1	1.8043591620631
1	81-0036	UME_081104_P46_WD05_1	1	UME_081104_P46_WD05	772097.7	7095740.7	772098.6745	7095737.608	148	20	772098.125	7095736.831	7.521	13.216	0.022706992	8.7708934	0.34114085	0.035198608	40	2726	-1	-1	30066.54521	Trial1	Trial1	2.80043741276067
1	81-0036	UME_081104_P46_WD05_2	2	UME_081104_P46_WD05	772095.7	7095740.7	772096.6734	7095737.651	146	20	772096.085	7095738.064	6.936	15.536	0.011572955	1.7525004	0.477436542	0.06277422	40	2725	3.843387666	48.025	51072.95719	Trial1	Trial1	1.85635046696779
1	81-0036	UME_081104_P46_WD05_3	3	UME_081104_P46_WD05	772093.7	7095740.7	772094.6723	7095737.695	144	20	772094.239	7095738.042	7.46	15.33	0.060005199	2.3566236	0.514330708	0.070819047	40	2720	-1	-1	52432.46533	Trial1	Trial1	1.93083940569676
5	83-0056	UME_081104_P46_WD06_1	1	UME_081104_P46_WD06	772079.7	7095728.7	772080.406	7095725.99	130	8	772079.974	7095726.198	6.336	13.105	0.011708553	0.4244154	0.612707145	0.052362439	42	2854	-1	-1	40394.92111	Trial1	Trial1	1.730303945668
5	83-0056	UME_081104_P46_WD06_2	2	UME_081104_P46_WD06	772077.7	7095728.7	772078.4049	7095726.033	128	8	772077.891	7095726.188	7.236	17.074	0.105115769	5.2502912	0.593651001	0.098352716	42	2853	6.078572486	69.125	73018.70571	Trial1	Trial1	2.36749905638596
9	83-0100	UME_081104_P46_WD07_1	1	UME_081104_P46_WD07	772067.7	7095728.7	772068.3994	7095726.248	118	8	772068.646	7095726.844	7.763	10.108	0.034585835	2.0794328	0.325978918	0.020305901	42	2844	-1	-1	19421.17073	Trial1	Trial1	1.96975111124691
9	83-0100	UME_081104_P46_WD07_2	2	UME_081104_P46_WD07	772065.7	7095728.7	772066.3983	7095726.291	116	8	772066.12	7095726.609	8.434	20.086	0.025398611	0.9737643	0.518133416	0.138466118	42	2841	6.092059138	81.35	97809.48573	Trial1	Trial1	1.81262703863275
9	83-0100	UME_081104_P46_WD07_3	3	UME_081104_P46_WD07	772063.7	7095728.7	772064.3972	7095726.335	114	8	772064.003	7095726.658	8.639	18.985	0.083235313	3.093745	0.559286022	0.136783897	42	2839	-1	-1	90772.57252	Trial1	Trial1	2.08608640219391
1	83-0009	UME_081104_P46_WD08_1	1	UME_081104_P46_WD08	772091.7	7095740.7	772092.6712	7095737.738	142	20	772092.181	7095738.221	10.247	19.555	0.119306498	3.2453316	0.491853327	0.151369844	40	2718	4.013791812	74.275	83712.54229	Trial1	Trial1	2.04344852719448
1	83-0009	UME_081104_P46_WD08_2	2	UME_081104_P46_WD08	772089.7	7095740.7	772090.6701	7095737.781	140	20	772090.237	7095738.21	4.581	15.53	0.040993334	1.6852865	0.70388684	0.061075515	40	2713	-1	-1	56619.44123	Trial1	Trial1	1.82896495870268
1	83-0009	UME_081104_P46_WD08_3	3	UME_081104_P46_WD08	772087.7	7095740.7	772088.669	7095737.824	138	20	772088.326	7095738.217	10.857	19.506	0.028786229	0.9077153	0.577354596	0.187318516	40	2712	-1	-1	91098.07047	Trial1	Trial1	1.71914157999631
13	83-0186	UME_081104_P46_WD09_2	2	UME_081104_P46_WD09	772041.7	7095736.7	772042.5575	7095734.813	92	16	772042.181	7095735.014	13.112	23.43	0.068326172	1.6525151	0.425444095	0.24050737	40	2672	5.189833712	84.35	138401.979	Trial1	Trial1	1.78390608676328
13	83-0186	UME_081104_P46_WD09_3	3	UME_081104_P46_WD09	772039.7	7095736.7	772040.5564	7095734.856	90	16	772040.091	7095735.063	11.02	22.608	0.06927306	1.7683071	0.542694509	0.240069359	40	2671	-1	-1	128185.706	Trial1	Trial1	1.78936491545907
5	83-0053	UME_081104_P46_WD10_1	1	UME_081104_P46_WD10	772079.7	7095740.7	772080.6646	7095737.996	130	20	772080.289	7095738.386	6.365	9.585	0.003742946	0.8618674	0.505588813	0.020946778	40	2706	-1	-1	17698.48938	Trial1	Trial1	1.71738334486306
5	83-0053	UME_081104_P46_WD10_3	3	UME_081104_P46_WD10	772075.7	7095740.7	772076.6624	7095738.082	126	20	772076.564	7095738.361	11.365	10.948	0.136908542	8.4599053	1.431020361	0.153094373	40	2700	5.531042286	85.925	93093.13538	Trial1	Trial1	2.72147299382243
10	83-0096	UME_081104_P46_WD11_1	1	UME_081104_P46_WD11	772067.7	7095744.7	772068.7442	7095742.257	118	24	772068.546	7095742.535	8.456	20.372	0.047090976	1.0973669	0.548831729	0.151280065	38	2540	-1	-1	95974.02521	Trial1	Trial1	1.88228033815288
10	83-0096	UME_081104_P46_WD11_3	3	UME_081104_P46_WD11	772063.7	7095744.7	772064.742	7095742.343	114	24	772064.629	7095742.638	10.042	18.372	0.027010528	0.6270512	0.515772092	0.137300139	38	2536	4.493620507	79	79810.73541	Trial1	Trial1	1.80704655999083
45	83-0676	UME_081104_P46_WE02_1	1	UME_081104_P46_WE02	772067.7	7095830.7	772070.5978	7095828.304	118	110	772070.682	7095828.452	7.637	19.588	0.029425473	1.8587791	0.401380107	0.092382911	18	1046	3.923831363	73.9	68971.94011	Trial1	Trial1	2.00451157284155
45	83-0676	UME_081104_P46_WE02_2	2	UME_081104_P46_WE02	772065.7	7095830.7	772068.5967	7095828.347	116	110	772068.66	7095828.566	11.828	21.555	0.031909188	1.9331935	0.832007931	0.359120162	18	1043	-1	-1	131307.5585	Trial1	Trial1	2.01721737214195
45	83-0676	UME_081104_P46_WE02_3	3	UME_081104_P46_WE02	772063.7	7095830.7	772066.5956	7095828.391	114	110	772066.694	7095828.604	8.554	20.932	0.030364364	1.5716882	0.70189929	0.206604701	18	1042	-1	-1	123772.176	Trial1	Trial1	1.97183538396269
2	83-0007	UME_081104_P46_WE03_1	1	UME_081104_P46_WE03	772091.7	7095748.7	772092.8436	7095745.742	142	28	772092.684	7095746.176	11.851	20.578	0.081098818	2.2727644	0.440271352	0.173527586	38	2567	4.392602938	75.776	102555.5227	Trial1	Trial1	2.02944252628622
2	83-0007	UME_081104_P46_WE03_2	2	UME_081104_P46_WE03	772089.7	7095748.7	772090.8425	7095745.785	140	28	772090.596	7095746.279	5.839	18.619	0.035471543	2.8586701	0.529874944	0.084230806	38	2565	-1	-1	73711.01994	Trial1	Trial1	2.10285025449048
2	83-0007	UME_081104_P46_WE03_3	3	UME_081104_P46_WE03	772087.7	7095748.7	772088.8414	7095745.828	138	28	772088.727	7095746.397	11.894	20.506	0.006546256	0.4527539	0.448779668	0.176278512	38	2564	-1	-1	94208.11509	Trial1	Trial1	1.77661277977559
29	83-0458	UME_081104_P46_WE04_1	1	UME_081104_P46_WE04	771965.7	7095732.7	771966.4296	7095732.449	16	12	771966.257	7095732.354	9.639	20.467	0.106143612	3.1002986	0.611637896	0.193955992	42	2742	-1	-1	102503.4657	Trial1	Trial1	2.16437425336901
29	83-0458	UME_081104_P46_WE04_2	2	UME_081104_P46_WE04	771963.7	7095732.7	771964.4285	7095732.492	14	12	771964.364	7095732.33	11.133	20.781	0.039209374	1.0951982	0.458310699	0.173062233	42	2741	5.385012482	93.525	98360.96208	Trial1	Trial1	1.90112919504269
29	83-0458	UME_081104_P46_WE04_3	3	UME_081104_P46_WE04	771961.7	7095732.7	771962.4274	7095732.535	12	12	771962.325	7095732.52	7.786	19.057	0.056051583	2.1796577	0.628384489	0.139543646	42	2737	-1	-1	97913.99771	Trial1	Trial1	2.05049843928661
29	83-0456	UME_081104_P46_WE05_1	1	UME_081104_P46_WE05	771965.7	7095724.7	771966.2572	7095724.445	16	4	771965.96	7095724.686	9.968	20.215	0.026204648	0.8416674	0.622737863	0.199236705	44	2889	4.833193899	84.225	94508.58444	Trial1	Trial1	1.85014000164766
29	83-0456	UME_081104_P46_WE05_2	2	UME_081104_P46_WE05	771963.7	7095724.7	771964.2561	7095724.488	14	4	771963.885	7095724.783	11.887	24.789	0.019508086	0.9558173	0.421237004	0.241665569	44	2888	-1	-1	142628.4749	Trial1	Trial1	1.87050790938712
29	83-0456	UME_081104_P46_WE05_3	3	UME_081104_P46_WE05	771961.7	7095724.7	771962.255	7095724.531	12	4	771961.862	7095724.71	7.748	21.79	0.032325585	1.2892364	0.538151658	0.155486367	44	2885	-1	-1	108284.4894	Trial1	Trial1	1.92001304028078
13	83-0195	UME_081104_P46_WE06_1	1	UME_081104_P46_WE06	772037.7	7095736.7	772038.5553	7095734.899	88	16	772038.389	7095735.222	9.948	21.032	0.10074867	2.9072426	0.45326168	0.156653531	40	2670	6.198798162	85.925	98571.44902	Trial1	Trial1	1.93169947883816
13	83-0195	UME_081104_P46_WE06_2	2	UME_081104_P46_WE06	772035.7	7095736.7	772036.5542	7095734.942	86	16	772037.063	7095735.234	6.362	8.282	0.010683954	0.6689549	1.031516308	0.035356064	40	2665	-1	-1	18437.50078	Trial1	Trial1	1.62302956307445
25	83-0362	UME_081104_P46_WE07_1	1	UME_081104_P46_WE07	771995.7	7095736.7	771996.5323	7095735.805	46	16	771996.194	7095735.8	10.827	20.057	0.025104763	0.9830258	0.465189929	0.159132852	40	2624	5.18306609	80.35	93186.78985	Trial1	Trial1	1.80526908944352
25	83-0362	UME_081104_P46_WE07_2	2	UME_081104_P46_WE07	771993.7	7095736.7	771994.5312	7095735.848	44	16	771994.506	7095735.855	7.567	13.649	0.027752387	0.9532038	0.591589976	0.065497318	40	2621	-1	-1	49765.72811	Trial1	Trial1	1.80150152334496
25	83-0362	UME_081104_P46_WE07_3	3	UME_081104_P46_WE07	771991.7	7095736.7	771992.5301	7095735.891	42	16	771992.498	7095735.965	6.675	16.759	0.022803538	1.1438013	0.581009626	0.085550971	40	2615	-1	-1	66143.21336	Trial1	Trial1	1.82793948221481
5	83-0057	UME_081104_P46_WE08_1	1	UME_081104_P46_WE08	772079.7	7095724.7	772080.3198	7095721.987	130	4	772079.798	7095722.447	5.451	13.323	0.038052199	2.1873051	0.568048485	0.043164839	44	2999	-1	-1	36879.77982	Trial1	Trial1	1.98981148925438
5	83-0057	UME_081104_P46_WE08_2	2	UME_081104_P46_WE08	772077.7	7095724.7	772078.3187	7095722.031	128	4	772077.805	7095722.512	6.508	14.742	0.007226452	2.3344105	0.513558484	0.057044868	44	2998	-1	-1	46172.99023	Trial1	Trial1	2.00109184417739
5	83-0057	UME_081104_P46_WE08_3	3	UME_081104_P46_WE08	772075.7	7095724.7	772076.3176	7095722.074	126	4	772075.926	7095722.452	10.007	20.266	0.047705469	0.9959173	0.560774619	0.181022559	44	2997	5.032159235	93.475	94418.04687	Trial1	Trial1	1.81374131284198
5	83-0062	UME_081104_P46_WE09_1	1	UME_081104_P46_WE09	772073.7	7095732.7	772074.4889	7095730.121	124	12	772074.067	7095730.446	11.3	23.941	0.08093732	2.1602203	0.436093664	0.221843137	42	2852	5.108414295	85.25	137551.6052	Trial1	Trial1	1.91784434990897
5	83-0062	UME_081104_P46_WE09_3	3	UME_081104_P46_WE09	772069.7	7095732.7	772070.4867	7095730.207	120	12	772070.08	7095730.521	11.616	23.926	0.099150491	2.8846511	0.325239406	0.169854792	42	2849	-1	-1	129152.1535	Trial1	Trial1	1.9994500639504
5	83-0062	UME_081104_P46_WE09_2	2	UME_081104_P46_WE09	772071.7	7095732.7	772072.4878	7095730.164	122	12	772072.166	7095730.551	7.304	6.723	0.024786937	1.0764724	0.548430174	0.014217579	42	2846	-1	-1	12208.19182	Trial1	Trial1	1.76560112420103
2	83-0008	UME_081104_P46_WE10_1	1	UME_081104_P46_WE10	772091.7	7095744.7	772092.7574	7095741.74	142	24	772092.668	7095742.14	7.209	20.552	0.024136705	1.093889	0.567155498	0.135642052	38	2562	-1	-1	99512.98859	Trial1	Trial1	1.84927127930792
2	83-0008	UME_081104_P46_WE10_2	2	UME_081104_P46_WE10	772089.7	7095744.7	772090.7563	7095741.783	140	24	772090.741	7095742.135	11.148	23.902	0.025010667	1.0313368	0.407514583	0.203847617	38	2561	4.669206128	82.725	135452.3169	Trial1	Trial1	2.18880522771779
2	83-0008	UME_081104_P46_WE10_3	3	UME_081104_P46_WE10	772087.7	7095744.7	772088.7552	7095741.826	138	24	772088.824	7095742.148	8.25	15.476	0.019939909	1.0847564	0.542855191	0.084248207	38	2560	-1	-1	56305.34412	Trial1	Trial1	1.88669792246783
6	83-0008	UME_081104_P46_WE10_1	1	UME_081104_P46_WE10	772085.7	7095744.7	772086.7541	7095741.869	136	24	772086.415	7095742.339	8.313	11.008	0.022463223	1.2525526	0.505918077	0.040026729	38	2559	-1	-1	28490.39963	Trial1	Trial1	1.84927127930792
6	83-0008	UME_081104_P46_WE10_2	2	UME_081104_P46_WE10	772083.7	7095744.7	772084.753	7095741.912	134	24	772084.561	7095742.293	8.044	12.172	0.117439087	4.2748008	0.396843994	0.03714361	38	2556	4.669206128	82.725	29689.8486	Trial1	Trial1	2.18880522771779
30	83-0448	UME_081104_P46_WE11_3	3	UME_081104_P46_WE11	771967.7	7095744.7	771968.6893	7095744.412	18	24	771968.571	7095744.558	12.506	20.474	0.108516392	2.7891797	0.463667267	0.190898258	38	2451	-1	-1	101636.7518	Trial1	Trial1	2.1098753125263
30	83-0448	UME_081104_P46_WE11_1	1	UME_081104_P46_WE11	771971.7	7095744.7	771972.6915	7095744.326	22	24	771972.584	7095744.415	12.63	26.482	0.021518403	0.9083023	0.468708972	0.326065846	38	2447	5.49724798	94.325	168077.1559	Trial1	Trial1	1.84947901322071
30	83-0448	UME_081104_P46_WE11_2	2	UME_081104_P46_WE11	771969.7	7095744.7	771970.6904	7095744.369	20	24	771970.602	7095744.634	8.179	16.693	0.026057319	1.0064186	0.530235659	0.094917903	38	2446	-1	-1	65419.0743	Trial1	Trial1	1.86720665520623
17	83-0240	UME_081104_P46_WE12_1	1	UME_081104_P46_WE12	772025.7	7095740.7	772026.635	7095739.16	76	20	772026.412	7095739.266	8.983	21.968	0.241042213	7.6073468	0.516421771	0.175833922	40	2657	4.803462519	94.575	117380.7766	Trial1	Trial1	2.70829655247401
17	83-0240	UME_081104_P46_WE12_2	2	UME_081104_P46_WE12	772023.7	7095740.7	772024.6339	7095739.203	74	20	772024.246	7095739.202	6.069	17.607	0.072021303	2.5960356	0.625047555	0.09235787	40	2656	-1	-1	70340.62481	Trial1	Trial1	2.03241294110173
17	83-0240	UME_081104_P46_WE12_3	3	UME_081104_P46_WE12	772021.7	7095740.7	772022.6328	7095739.246	72	20	772022.276	7095739.272	11.278	26.176	0.028796826	1.2587301	0.512186655	0.31085483	40	2653	-1	-1	169863.1153	Trial1	Trial1	1.84777587818475
65	Y118	UME_081104_P46_WF01_1	1	UME_081104_P46_WF01	771977.7	7095830.7	771980.5484	7095830.244	28	110	771981.011	7095830.288	9.34	16.387	0.105414182	2.0437984	0.443737742	0.087406052	18	978	-1	-1	63957.60358	Trial1	Trial1	1.94502097851141
65	Y118	UME_081104_P46_WF01_3	3	UME_081104_P46_WF01	771973.7	7095830.7	771976.5462	7095830.33	24	110	771976.594	7095830.364	5.669	18.867	0.007747385	0.3459164	0.592682741	0.093938254	18	974	4.409065878	69.125	79600.71215	Trial1	Trial1	1.71184874817017
65	Y118	UME_081104_P46_WF01_2	2	UME_081104_P46_WF01	771975.7	7095830.7	771978.5473	7095830.287	26	110	771978.612	7095830.287	10.965	18.948	0.015541274	1.9155494	0.423707779	0.129395155	18	973	-1	-1	79043.14042	Trial1	Trial1	1.92476572153204
69	83-1100	UME_081104_P46_WF02_2	2	UME_081104_P46_WF02	771951.7	7095826.7	771954.4479	7095826.802	2	106	771954.454	7095826.711	12.057	18.671	0.198239599	4.4526275	0.497598273	0.164257168	18	956	-1	-1	94275.96647	Trial1	Trial1	2.24413640725556
69	83-1100	UME_081104_P46_WF02_3	3	UME_081104_P46_WF02	771949.7	7095826.7	771952.4468	7095826.845	0	106	771952.589	7095826.697	11.681	23.521	0.105642165	1.5641348	0.489898735	0.24865131	18	955	5.659726806	99.425	133445.8903	Trial1	Trial1	1.85572241112675
14	83-0199	UME_081104_P46_WF03_1	1	UME_081104_P46_WF03	772037.7	7095752.7	772038.9002	7095750.908	88	32	772038.687	7095751.186	6.86	17.218	0.031978235	1.1921493	0.575497756	0.09192065	36	2361	-1	-1	69784.9984	Trial1	Trial1	1.88247776201648
14	83-0199	UME_081104_P46_WF03_2	2	UME_081104_P46_WF03	772035.7	7095752.7	772036.8991	7095750.951	86	32	772036.681	7095751.047	8.928	16.146	0.115518556	2.8033077	0.560757973	0.102502135	36	2360	-1	-1	68814.87148	Trial1	Trial1	2.09163239392873
14	83-0199	UME_081104_P46_WF03_3	3	UME_081104_P46_WF03	772033.7	7095752.7	772034.898	7095750.994	84	32	772034.659	7095751.141	10.345	15.397	0.018000261	0.7296427	0.54653114	0.105273533	36	2359	4.529475134	63.725	60508.50877	Trial1	Trial1	1.80865413619962
21	83-0283	UME_081104_P46_WF05_1	1	UME_081104_P46_WF05	772013.7	7095736.7	772014.5422	7095735.417	64	16	772014.349	7095735.476	11.544	22.269	0.073873456	1.8824871	0.483050786	0.217194321	40	2645	4.555329125	88.25	122221.0043	Trial1	Trial1	1.97605566694507
21	83-0283	UME_081104_P46_WF05_2	2	UME_081104_P46_WF05	772011.7	7095736.7	772012.5411	7095735.46	62	16	772012.166	7095735.522	10.625	23.533	0.069885124	1.4573849	0.472250109	0.218231758	40	2643	-1	-1	131591.7093	Trial1	Trial1	1.91430596981699
13	83-0149	UME_081104_P46_WF06_2	2	UME_081104_P46_WF06	772047.7	7095728.7	772048.3884	7095726.679	98	8	772048.101	7095726.887	12.605	22.493	0.140285877	3.8802293	0.417961627	0.209341194	42	2827	4.377610088	77.875	115635.802	Trial1	Trial1	2.13143001036514
13	83-0149	UME_081104_P46_WF06_1	1	UME_081104_P46_WF06	772049.7	7095728.7	772050.3895	7095726.636	100	8	772050.018	7095726.883	7.493	14.606	0.027109093	1.6211762	0.565839399	0.071044578	42	2824	-1	-1	53594.72429	Trial1	Trial1	1.84104355531094
25	83-0371	UME_081104_P46_WF07_3	3	UME_081104_P46_WF07	771985.7	7095736.7	771986.5268	7095736.02	36	16	771986.521	7095735.995	7.52	19.918	0.149286873	3.3207305	0.620651036	0.145431526	40	2619	-1	-1	94841.0884	Trial1	Trial1	2.12596218249571
25	83-0371	UME_081104_P46_WF07_1	1	UME_081104_P46_WF07	771989.7	7095736.7	771990.529	7095735.934	40	16	771990.486	7095736.089	11.442	23.875	0.064174551	2.7252965	0.540555009	0.276897764	40	2616	4.918430157	96.3	132777.8459	Trial1	Trial1	2.04095207367057
25	83-0371	UME_081104_P46_WF07_2	2	UME_081104_P46_WF07	771987.7	7095736.7	771988.5279	7095735.977	38	16	771988.507	7095735.968	11.902	23.733	0.035395836	1.1161343	0.741181129	0.390259382	40	2614	-1	-1	149399.5639	Trial1	Trial1	1.82833684345294
13	83-0152	UME_081104_P46_WF09_1	1	UME_081104_P46_WF09	772049.7	7095740.7	772050.6481	7095738.643	100	20	772050.329	7095738.813	12.481	22.289	0.071965247	2.5467721	0.219413684	0.106854975	40	2677	4.30740344	80.975	101197.2665	Trial1	Trial1	1.93111893719707
13	83-0152	UME_081104_P46_WF09_2	2	UME_081104_P46_WF09	772047.7	7095740.7	772048.647	7095738.686	98	20	772048.431	7095738.954	10.589	19.022	0.028335028	1.3361528	0.42567586	0.128097516	40	2676	-1	-1	80756.30876	Trial1	Trial1	1.76051758436078
13	83-0152	UME_081104_P46_WF09_3	3	UME_081104_P46_WF09	772045.7	7095740.7	772046.6459	7095738.729	96	20	772046.433	7095738.098	9.154	4.992	0.044171218	1.0257262	3.332203546	0.05969142	40	2674	-1	-1	8669.252405	Trial1	Trial1	1.71004351107234
10	83-0140	UME_081104_P46_WF10_1	1	UME_081104_P46_WF10	772055.7	7095744.7	772056.7376	7095742.516	106	24	772056.632	7095742.829	7.964	17.156	0.055126265	1.6201742	0.566493371	0.10429322	38	2532	-1	-1	68237.08055	Trial1	Trial1	1.91207348616918
10	83-0140	UME_081104_P46_WF10_2	2	UME_081104_P46_WF10	772053.7	7095744.7	772054.7365	7095742.559	104	24	772054.633	7095743.009	12.521	21.354	0.089756127	2.5445584	0.237135649	0.106333254	38	2527	-1	-1	91346.6826	Trial1	Trial1	2.02825267610887
10	83-0140	UME_081104_P46_WF10_3	3	UME_081104_P46_WF10	772051.7	7095744.7	772052.7354	7095742.602	102	24	772052.686	7095743.007	11.386	18.253	0.041082225	0.8337686	0.472389145	0.140746327	38	2525	4.268548445	73.025	79238.0861	Trial1	Trial1	1.7921217849211
22	83-0285	UME_081104_P46_WF11_1	1	UME_081104_P46_WF11	772013.7	7095744.7	772014.7146	7095743.421	64	24	772014.547	7095743.529	11.103	27.305	0.112640512	2.367921	0.392336633	0.255084822	38	2491	5.413589444	105.225	177365.8737	Trial1	Trial1	2.02383822920014
22	83-0285	UME_081104_P46_WF11_2	2	UME_081104_P46_WF11	772011.7	7095744.7	772012.7135	7095743.464	62	24	772012.549	7095743.682	5.022	23.531	0.026081159	0.7778558	0.77966627	0.170277488	38	2487	-1	-1	131571.4248	Trial1	Trial1	1.80736305970323
22	83-0285	UME_081104_P46_WF11_3	3	UME_081104_P46_WF11	772009.7	7095744.7	772010.7124	7095743.507	60	24	772010.495	7095743.638	12.545	25.957	0.169910601	3.7457672	0.365459085	0.2426046	38	2486	-1	-1	172652.2523	Trial1	Trial1	2.20019996439885
30	83-0419	UME_081104_P46_WF12_1	1	UME_081104_P46_WF12	771977.7	7095752.7	771978.8673	7095752.201	28	32	771978.677	7095752.136	10.363	28.695	0.09253548	3.8228347	0.391057321	0.262084033	36	2301	4.806961571	97.525	180084.8251	Trial1	Trial1	2.23672438438291
30	83-0419	UME_081104_P46_WF12_2	2	UME_081104_P46_WF12	771975.7	7095752.7	771976.8662	7095752.244	26	32	771976.591	7095752.263	7.976	20.684	0.007488079	0.313389	0.636095613	0.170472947	36	2300	-1	-1	108711.7984	Trial1	Trial1	1.77207048940004
30	83-0419	UME_081104_P46_WF12_3	3	UME_081104_P46_WF12	771973.7	7095752.7	771974.8651	7095752.287	24	32	771974.645	7095752.393	8.679	19.406	0.032641547	1.2648049	0.537075746	0.137868917	36	2298	-1	-1	87850.67668	Trial1	Trial1	1.90348323265029
65	Y87	UME_081104_P46_WG01_1	1	UME_081104_P46_WG01	771977.7	7095826.7	771980.4622	7095826.242	28	106	771980.76	7095826.198	11.089	19.237	0.08952805	2.5885607	0.438190229	0.141224257	18	975	4.984216635	80.75	94321.96608	Trial1	Trial1	2.02491083850557
65	Y87	UME_081104_P46_WG01_2	2	UME_081104_P46_WG01	771975.7	7095826.7	771978.4611	7095826.285	26	106	771978.629	7095826.14	11.979	24.405	0.075169972	2.4071793	0.387784691	0.217308485	18	972	-1	-1	137172.3978	Trial1	Trial1	1.99799685824379
60	83-0931	UME_081104_P46_WG02_2	2	UME_081104_P46_WG02	771999.7	7095886.7	772003.7674	7095885.801	50	166	772004.093	7095885.594	11.425	18.249	0.022833327	0.7241982	0.548082173	0.163784578	4	52	-1	-1	84509.92913	Trial1	Trial1	1.85410679136278
60	83-0931	UME_081104_P46_WG02_1	1	UME_081104_P46_WG02	772001.7	7095886.7	772005.7685	7095885.758	52	166	772006.207	7095885.672	10.129	21.568	0.030564864	1.3148135	0.58058958	0.214850298	4	51	4.77583556	91.925	115813.2406	Trial1	Trial1	1.93496629151895
60	83-0931	UME_081104_P46_WG02_3	3	UME_081104_P46_WG02	771997.7	7095886.7	772001.7663	7095885.844	48	166	772002.035	7095885.728	7.998	13.396	0.064258616	1.8019052	0.527872806	0.059506021	4	50	-1	-1	38754.83315	Trial1	Trial1	1.99535652833668
26	83-0402	UME_081104_P46_WG03_1	1	UME_081104_P46_WG03	771983.7	7095752.7	771984.8705	7095752.072	34	32	771984.786	7095752.03	7.068	16.957	0.030062907	1.2760652	0.553367029	0.088325166	36	2307	-1	-1	66948.15694	Trial1	Trial1	1.83473328936419
26	83-0402	UME_081104_P46_WG03_2	2	UME_081104_P46_WG03	771981.7	7095752.7	771982.8694	7095752.115	32	32	771982.655	7095751.979	11.042	20.598	0.052509113	1.2081903	0.483022632	0.177719032	36	2303	5.464563833	84.425	101557.3652	Trial1	Trial1	1.82966261159648
26	83-0402	UME_081104_P46_WG03_3	3	UME_081104_P46_WG03	771979.7	7095752.7	771980.8684	7095752.158	30	32	771980.708	7095752.054	8.922	17.156	0.124373889	3.1863796	0.475111559	0.097991886	36	2302	-1	-1	69966.03994	Trial1	Trial1	2.09812429793184
13	83-0187	UME_081104_P46_WG04_1	1	UME_081104_P46_WG04	772043.7	7095732.7	772044.4724	7095730.768	94	12	772043.972	7095731.074	12.632	21.878	0.035200712	1.0088546	0.487763573	0.223494089	42	2823	4.548461016	81.975	129500.2009	Trial1	Trial1	1.71473536524273
13	83-0187	UME_081104_P46_WG04_3	3	UME_081104_P46_WG04	772039.7	7095732.7	772040.4702	7095730.854	90	12	772039.804	7095731.112	6.815	11.001	0.086469138	2.2916785	0.633661756	0.041043164	42	2821	-1	-1	28732.56291	Trial1	Trial1	1.86438567113649
13	83-0187	UME_081104_P46_WG04_2	2	UME_081104_P46_WG04	772041.7	7095732.7	772042.4713	7095730.811	92	12	772042.029	7095730.982	10.323	16.052	0.021115138	0.7828086	0.624765633	0.130514184	42	2820	-1	-1	62934.57585	Trial1	Trial1	1.67363658262439
1	81-0027	UME_081104_P46_WG05_2	2	UME_081104_P46_WG05	772101.7	7095732.7	772102.5043	7095729.518	152	12	772102.019	7095729.812	6.782	12.031	0.046672648	1.9028822	1.098832834	0.084726202	42	2872	-1	-1	45269.99435	Trial1	Trial1	1.95660854802654
1	81-0027	UME_081104_P46_WG05_3	3	UME_081104_P46_WG05	772099.7	7095732.7	772100.5032	7095729.561	150	12	772100.078	7095730.055	7.205	14.028	0.040230263	1.6034308	0.548383102	0.061066025	42	2871	3.164280077	49.375	45083.26136	Trial1	Trial1	1.90918073733941
5	83-0016	UME_081104_P46_WG06_1	1	UME_081104_P46_WG06	772085.7	7095724.7	772086.323	7095721.858	136	4	772086.107	7095722.301	10.943	20.139	0.020977866	0.8464899	0.481135236	0.167719275	44	3006	4.144454136	81.725	100539.8599	Trial1	Trial1	1.83568268164306
5	83-0016	UME_081104_P46_WG06_2	2	UME_081104_P46_WG06	772083.7	7095724.7	772084.322	7095721.901	134	4	772084.176	7095722.301	4.197	14.174	0.075964627	3.0639317	0.764706568	0.050640202	44	3004	-1	-1	48877.6261	Trial1	Trial1	2.12358942642908
5	83-0016	UME_081104_P46_WG06_3	3	UME_081104_P46_WG06	772081.7	7095724.7	772082.3209	7095721.944	132	4	772082.175	7095722.53	11.574	25.755	0.093407362	3.1805211	0.380307072	0.229306767	44	3000	-1	-1	153088.9941	Trial1	Trial1	2.13083925674291
9	83-0101	UME_081104_P46_WG07_1	1	UME_081104_P46_WG07	772067.7	7095724.7	772068.3132	7095722.246	118	4	772067.958	7095722.624	9.402	20.133	0.012827011	0.5216676	0.468064932	0.140103864	44	2992	4.598596609	75.875	91969.31072	Trial1	Trial1	1.78029904380981
9	83-0101	UME_081104_P46_WG07_2	2	UME_081104_P46_WG07	772065.7	7095724.7	772066.3121	7095722.289	116	4	772066.208	7095722.827	6.953	9.463	0.038605794	0.8452281	0.828424862	0.040514308	44	2988	-1	-1	23936.46028	Trial1	Trial1	1.81326276449987
9	83-0101	UME_081104_P46_WG07_3	3	UME_081104_P46_WG07	772063.7	7095724.7	772064.311	7095722.332	114	4	772063.987	7095722.826	7.651	11.882	0.024078507	1.1821988	0.519638508	0.044083962	44	2985	-1	-1	32669.70842	Trial1	Trial1	1.84756923979334
9	83-0098	UME_081104_P46_WG08_2	2	UME_081104_P46_WG08	772065.7	7095736.7	772066.5707	7095734.296	116	16	772066.474	7095734.639	11.105	21.922	0.099432797	1.8572241	0.423153333	0.177358754	40	2697	6.1000867	98.275	115660.7696	Trial1	Trial1	1.89349044159821
9	83-0098	UME_081104_P46_WG08_1	1	UME_081104_P46_WG08	772067.7	7095736.7	772068.5718	7095734.253	118	16	772068.273	7095734.692	8.064	16.652	0.072015635	2.4995876	0.730435761	0.128277863	40	2693	-1	-1	68270.33386	Trial1	Trial1	1.98698238559781
9	83-0098	UME_081104_P46_WG08_3	3	UME_081104_P46_WG08	772063.7	7095736.7	772064.5696	7095734.339	114	16	772064.342	7095734.679	7.145	15.874	0.030205681	1.2860936	0.53554004	0.075728393	40	2690	-1	-1	57389.56582	Trial1	Trial1	1.80914472003957
18	83-0272	UME_081104_P46_WG10_1	1	UME_081104_P46_WG10	772019.7	7095744.7	772020.7179	7095743.292	70	24	772020.561	7095743.408	12.549	24.056	0.073057605	2.7457413	0.328790951	0.187523147	38	2494	4.223654208	79.025	136242.9113	Trial1	Trial1	2.04663036278424
18	83-0272	UME_081104_P46_WG10_2	2	UME_081104_P46_WG10	772017.7	7095744.7	772018.7168	7095743.335	68	24	772018.538	7095743.497	8.74	16.862	0.034845944	1.1262437	0.620420358	0.121094868	38	2493	-1	-1	64995.63565	Trial1	Trial1	1.82544537284647
18	83-0272	UME_081104_P46_WG10_3	3	UME_081104_P46_WG10	772015.7	7095744.7	772016.7157	7095743.378	66	24	772016.52	7095743.528	8.029	15.472	0.032672271	1.132519	0.60537351	0.091385787	38	2490	-1	-1	58256.27978	Trial1	Trial1	1.82174712935228
26	83-0373	UME_081104_P46_WG11_2	2	UME_081104_P46_WG11	771987.7	7095744.7	771988.7003	7095743.981	38	24	771988.474	7095744.71	5.872	14.587	0.009672153	12.2329811	0.572168831	0.053119669	38	2464	-1	-1	47638.84742	Trial1	Trial1	3.27776752893879
26	83-0373	UME_081104_P46_WG11_3	3	UME_081104_P46_WG11	771985.7	7095744.7	771986.6992	7095744.024	36	24	771986.742	7095744.238	12.074	25.409	0.129768549	3.846056	0.419170192	0.25662675	38	2462	5.073652345	95.9	153319.5023	Trial1	Trial1	2.1604244302973
22	83-0314	UME_081104_P46_WG12_1	1	UME_081104_P46_WG12	772007.7	7095752.7	772008.8837	7095751.555	58	32	772008.683	7095751.643	3.824	23.341	0.031982548	1.2073431	0.832676715	0.136241962	36	2332	-1	-1	125692.0765	Trial1	Trial1	1.86320091058151
22	83-0314	UME_081104_P46_WG12_2	2	UME_081104_P46_WG12	772005.7	7095752.7	772006.8826	7095751.598	56	32	772006.738	7095751.724	7.474	19.999	0.02745982	1.1207479	0.613659487	0.144072409	36	2329	-1	-1	97763.8025	Trial1	Trial1	1.84938400046562
22	83-0314	UME_081104_P46_WG12_3	3	UME_081104_P46_WG12	772003.7	7095752.7	772004.8815	7095751.641	54	32	772004.633	7095751.802	9.482	21.728	0.022949938	0.8650053	0.535176225	0.188168024	36	2328	4.138324949	77.575	112287.4905	Trial1	Trial1	1.81340755333799
49	83-0733	UME_081104_P46_WH01_3	3	UME_081104_P46_WH01	772045.7	7095830.7	772048.5857	7095828.778	96	110	772048.68	7095828.77	11.274	20.232	0.064246003	1.2559993	0.563448943	0.20421815	18	1035	4.265023584	77.6	99390.03413	Trial1	Trial1	1.86381939411342
49	83-0733	UME_081104_P46_WH01_1	1	UME_081104_P46_WH01	772049.7	7095830.7	772052.5879	7095828.692	100	110	772052.818	7095828.774	10.837	23.916	0.057067319	2.3490022	0.608963669	0.296463234	18	1033	-1	-1	130253.4461	Trial1	Trial1	2.00201116597151
49	83-0733	UME_081104_P46_WH01_2	2	UME_081104_P46_WH01	772047.7	7095830.7	772050.5868	7095828.735	98	110	772050.593	7095828.945	8.035	14.879	0.035518152	1.4733311	0.568905147	0.079475487	18	1032	-1	-1	55532.23731	Trial1	Trial1	1.88888045897034
2	81-0038	UME_081104_P46_WH03_1	1	UME_081104_P46_WH03	772097.7	7095748.7	772098.8469	7095745.613	148	28	772098.658	7095746.016	8.054	19.636	0.020606712	0.7942953	0.493493016	0.12035857	38	2572	5.928057239	80.725	92638.35192	Trial1	Trial1	1.84722690339099
2	81-0038	UME_081104_P46_WH03_3	3	UME_081104_P46_WH03	772093.7	7095748.7	772094.8447	7095745.699	144	28	772094.243	7095745.261	7.41	10.709	0.002549314	2.7248483	0.485431957	0.03239799	38	2568	-1	-1	24383.53617	Trial1	Trial1	2.09485343189825
5	83-0061	UME_081104_P46_WH04_1	1	UME_081104_P46_WH04	772073.7	7095728.7	772074.4027	7095726.119	124	8	772074.043	7095726.421	10.496	22.059	0.198378231	4.798981	0.412540719	0.165481919	42	2851	4.652436848	75.725	119252.1015	Trial1	Trial1	2.29152583449372
5	83-0061	UME_081104_P46_WH04_2	2	UME_081104_P46_WH04	772071.7	7095728.7	772072.4016	7095726.162	122	8	772071.976	7095726.45	5.874	16.219	0.082897243	2.8132626	0.5192824	0.063018978	42	2843	-1	-1	57926.57032	Trial1	Trial1	2.01797009457444
5	83-0061	UME_081104_P46_WH04_3	3	UME_081104_P46_WH04	772069.7	7095728.7	772070.4005	7095726.205	120	8	772069.957	7095726.524	8.337	16.204	0.05715322	2.0601836	0.638775289	0.109820959	42	2842	-1	-1	74356.24976	Trial1	Trial1	1.90876645662619
1	83-0013	UME_081104_P46_WH05_1	1	UME_081104_P46_WH05	772091.7	7095724.7	772092.3263	7095721.729	142	4	772092.064	7095722.206	11.041	22.008	0.013965923	0.4901881	0.555177482	0.233186104	44	3009	4.24355994	85.4	115507.7923	Trial1	Trial1	1.7864071124339
1	83-0013	UME_081104_P46_WH05_2	2	UME_081104_P46_WH05	772089.7	7095724.7	772090.3252	7095721.772	140	4	772090.095	7095722.329	11.254	21.383	0.135325249	4.632474	0.397522568	0.160660507	44	3008	-1	-1	113105.2793	Trial1	Trial1	2.33138661917427
1	83-0013	UME_081104_P46_WH05_3	3	UME_081104_P46_WH05	772087.7	7095724.7	772088.3241	7095721.815	138	4	772088.072	7095722.338	3.383	15.431	0.015973753	0.577912	0.950111232	0.060112995	44	3007	-1	-1	56590.49952	Trial1	Trial1	1.78116142100984
1	83-0012	UME_081104_P46_WH06_1	1	UME_081104_P46_WH06	772091.7	7095728.7	772092.4126	7095725.731	142	8	772092.106	7095726.424	6.234	11.428	0.009513077	0.4654887	0.604509219	0.038657808	42	2864	-1	-1	31658.17032	Trial1	Trial1	1.75500963117706
1	83-0012	UME_081104_P46_WH06_2	2	UME_081104_P46_WH06	772089.7	7095728.7	772090.4115	7095725.774	140	8	772090.092	7095726.348	6.714	18.479	0.020320342	0.9649346	0.613705526	0.110504512	42	2863	-1	-1	82624.96611	Trial1	Trial1	1.81386761784791
1	83-0012	UME_081104_P46_WH06_3	3	UME_081104_P46_WH06	772087.7	7095728.7	772088.4104	7095725.817	138	8	772088.071	7095726.195	11.191	22.305	0.159813047	3.266303	0.389018686	0.170115118	42	2862	3.870661689	73.125	113562.1077	Trial1	Trial1	2.1135672669509
25	83-0361	UME_081104_P46_WH07_1	1	UME_081104_P46_WH07	771995.7	7095740.7	771996.6185	7095739.807	46	20	771996.326	7095739.593	7.498	11.154	0.135440708	3.9599488	0.493183119	0.036134148	40	2623	-1	-1	30003.91629	Trial1	Trial1	2.20834126307153
25	83-0361	UME_081104_P46_WH07_2	2	UME_081104_P46_WH07	771993.7	7095740.7	771994.6174	7095739.85	44	20	771994.294	7095739.887	9.231	13.236	0.016015385	0.8732189	0.618263773	0.078532704	40	2622	4.498757869	49.6	48471.96864	Trial1	Trial1	1.79642700307586
25	83-0361	UME_081104_P46_WH07_3	3	UME_081104_P46_WH07	771991.7	7095740.7	771992.6163	7095739.893	42	20	771992.477	7095739.927	7.607	12.495	0.02526944	1.273527	0.474702831	0.04428115	40	2618	-1	-1	33120.25318	Trial1	Trial1	1.85117474376055
1	81-0026	UME_081104_P46_WH08_3	3	UME_081104_P46_WH08	772099.7	7095736.7	772100.5894	7095733.563	150	16	772100.272	7095733.898	10.698	19.469	0.091175232	1.5134978	0.483956603	0.154125989	40	2727	4.195624252	79.825	92052.86146	Trial1	Trial1	1.86691835730337
29	83-0460	UME_081104_P46_WH09_1	1	UME_081104_P46_WH09	771965.7	7095740.7	771966.602	7095740.453	16	20	771966.317	7095740.552	11.595	21.426	0.017891525	0.6048803	0.522195572	0.218316106	40	2600	5.169436192	90.25	112536.1503	Trial1	Trial1	1.84291325805846
29	83-0460	UME_081104_P46_WH09_2	2	UME_081104_P46_WH09	771963.7	7095740.7	771964.6009	7095740.496	14	20	771964.286	7095740.577	10.168	19.159	0.038536803	0.7625308	0.523398797	0.153432929	40	2594	-1	-1	85608.39488	Trial1	Trial1	1.86820356234366
29	83-0460	UME_081104_P46_WH09_3	3	UME_081104_P46_WH09	771961.7	7095740.7	771962.5998	7095740.54	12	20	771962.339	7095740.623	5.474	23.251	0.023928203	0.8690673	0.670228284	0.155774413	40	2592	-1	-1	129725.7343	Trial1	Trial1	1.88641929025694
25	83-0372	UME_081104_P46_WH10_2	2	UME_081104_P46_WH10	771987.7	7095740.7	771988.6141	7095739.979	38	20	771988.431	7095739.985	10.142	19.433	0.055987998	1.0496289	0.384156039	0.115561959	40	2620	-1	-1	79042.57864	Trial1	Trial1	1.82579471884824
25	83-0372	UME_081104_P46_WH10_1	1	UME_081104_P46_WH10	771989.7	7095740.7	771990.6152	7095739.936	40	20	771990.368	7095739.912	10.887	22.44	0.079532556	1.4985442	0.523832364	0.225555578	40	2617	5.304911621	98	140920.3562	Trial1	Trial1	1.8831830824275
26	83-0404	UME_081104_P46_WH11_1	1	UME_081104_P46_WH11	771983.7	7095744.7	771984.6981	7095744.068	34	24	771984.425	7095744.123	6.561	18.002	0.010661144	0.5503421	0.55888286	0.093326463	38	2461	7.621726514	116.7	72884.45592	Trial1	Trial1	1.72378278006155
26	83-0404	UME_081104_P46_WH11_2	2	UME_081104_P46_WH11	771981.7	7095744.7	771982.697	7095744.111	32	24	771982.494	7095744.057	4.697	8.474	0.057861485	3.0054867	0.612147954	0.016216546	38	2456	-1	-1	15323.00371	Trial1	Trial1	2.05590673794486
26	83-0404	UME_081104_P46_WH11_3	3	UME_081104_P46_WH11	771979.7	7095744.7	771980.6959	7095744.154	30	24	771980.505	7095744.111	7.265	8.856	0.027285451	2.0817822	0.518440433	0.023201453	38	2453	-1	-1	17825.22712	Trial1	Trial1	1.9368020399586
30	83-0462	UME_081104_P47_WA01_1	1	UME_081104_P47_WA01	771965.7	7095748.7	771966.7745	7095748.458	16	28	771966.18	7095748.452	9.485	13.886	0.033235443	1.1874938	0.345637658	0.049647851	38	2444	-1	-1	41924.26632	Trial1	Trial1	1.90463420374453
30	83-0462	UME_081104_P47_WA01_2	2	UME_081104_P47_WA01	771963.7	7095748.7	771964.7734	7095748.501	14	28	771964.596	7095748.415	9.692	21.111	0.015270658	0.8787818	0.413949412	0.14043645	38	2443	4.638689447	76.9	97591.14848	Trial1	Trial1	1.86713928459605
30	83-0462	UME_081104_P47_WA01_3	3	UME_081104_P47_WA01	771961.7	7095748.7	771962.7723	7095748.544	12	28	771962.631	7095748.518	7.609	20.159	0.063436689	2.0387688	0.665858717	0.161697673	38	2440	-1	-1	108779.808	Trial1	Trial1	2.02563203408305
14	83-0154	UME_081104_P47_WA02_1	1	UME_081104_P47_WA02	772049.7	7095748.7	772050.8206	7095746.647	100	28	772050.537	7095746.795	12.252	22.302	0.016314049	0.6722569	0.464311351	0.222217366	38	2521	4.108756051	85.05	120663.1626	Trial1	Trial1	1.86178598073721
14	83-0154	UME_081104_P47_WA02_2	2	UME_081104_P47_WA02	772047.7	7095748.7	772048.8195	7095746.69	98	28	772048.673	7095746.85	7.174	9.144	0.027499607	1.3569687	0.534261696	0.025167969	38	2520	-1	-1	19614.56314	Trial1	Trial1	1.94628391739604
14	83-0154	UME_081104_P47_WA02_3	3	UME_081104_P47_WA02	772045.7	7095748.7	772046.8184	7095746.733	96	28	772046.628	7095746.949	8.144	13.966	0.016783458	0.3387277	0.449588552	0.05609243	38	2519	-1	-1	42825.59269	Trial1	Trial1	1.80308894276959
26	83-0375	UME_081104_P47_WA03_3	3	UME_081104_P47_WA03	771985.7	7095752.7	771986.8716	7095752.029	36	32	771986.813	7095752.062	9.693	19.384	0.052802561	0.7527546	0.525283585	0.150249851	36	2321	4.311791312	70.675	84373.84412	Trial1	Trial1	1.76102628894797
26	83-0375	UME_081104_P47_WA03_1	1	UME_081104_P47_WA03	771989.7	7095752.7	771990.8738	7095751.943	40	32	771990.75	7095751.872	5.325	16.788	0.014045839	0.6780767	0.63055064	0.074327488	36	2312	-1	-1	64610.13332	Trial1	Trial1	1.74445529498557
26	83-0375	UME_081104_P47_WA03_2	2	UME_081104_P47_WA03	771987.7	7095752.7	771988.8727	7095751.986	38	32	771988.837	7095751.925	3.926	11.348	0.01807618	1.0694885	0.713086975	0.02831467	36	2309	-1	-1	27481.48299	Trial1	Trial1	1.79985066205607
14	83-0202	UME_081104_P47_WA05_1	1	UME_081104_P47_WA05	772037.7	7095764.7	772039.1588	7095762.915	88	44	772039.005	7095763.03	10.562	19.779	0.045827769	1.0268911	0.549611255	0.178376033	34	2209	4.341787117	73.975	102565.5037	Trial1	Trial1	1.84312353559038
14	83-0202	UME_081104_P47_WA05_2	2	UME_081104_P47_WA05	772035.7	7095764.7	772037.1577	7095762.958	86	44	772037.043	7095763.1	7.569	18.117	0.02572167	0.9888161	0.598470015	0.116770581	34	2207	-1	-1	79215.58172	Trial1	Trial1	1.83432556681989
14	83-0202	UME_081104_P47_WA05_3	3	UME_081104_P47_WA05	772033.7	7095764.7	772035.1566	7095763.001	84	44	772035.157	7095763.091	7.843	9.432	0.013253183	0.6520079	0.546743967	0.029958667	34	2206	-1	-1	20885.20743	Trial1	Trial1	1.78570603623214
10	83-0114	UME_081104_P47_WA06_1	1	UME_081104_P47_WA06	772061.7	7095764.7	772063.172	7095762.397	112	44	772062.847	7095762.617	6.817	6.161	0.048006098	2.2780998	0.610930066	0.012417046	34	2233	5.797056595	91	9856.719448	Trial1	Trial1	1.93914657645649
10	83-0114	UME_081104_P47_WA06_2	2	UME_081104_P47_WA06	772059.7	7095764.7	772061.1709	7095762.44	110	44	772061.019	7095762.826	13.336	19.778	0.39513773	11.9679129	0.633569091	0.259570522	34	2231	-1	-1	81931.03347	Trial1	Trial1	3.23097025088275
10	83-0114	UME_081104_P47_WA06_3	3	UME_081104_P47_WA06	772057.7	7095764.7	772059.1698	7095762.484	108	44	772058.769	7095761.858	7.943	11.243	0.009304862	0.5837724	0.713286412	0.056249441	34	2230	-1	-1	30516.69028	Trial1	Trial1	1.70687029560954
22	83-0333	UME_081104_P47_WA07_1	1	UME_081104_P47_WA07	772001.7	7095760.7	772003.0528	7095759.688	52	40	772002.889	7095759.758	12.16	20.828	0.024813598	0.9088489	0.486143785	0.2014052	34	2170	4.62516269	78.975	102678.9183	Trial1	Trial1	1.82589331489029
22	83-0333	UME_081104_P47_WA07_2	2	UME_081104_P47_WA07	771999.7	7095760.7	772001.0518	7095759.731	50	40	772000.977	7095759.747	12.213	24.867	0.129148042	5.1677068	0.373021693	0.221255605	34	2169	-1	-1	118875.202	Trial1	Trial1	2.39498170927409
22	83-0333	UME_081104_P47_WA07_3	3	UME_081104_P47_WA07	771997.7	7095760.7	771999.0507	7095759.775	48	40	771998.942	7095759.863	6.929	19.498	0.024840755	0.8855217	0.588844539	0.121822709	34	2168	-1	-1	88083.59217	Trial1	Trial1	1.8234418556415
14	83-0157	UME_081104_P47_WA08_1	1	UME_081104_P47_WA08	772049.7	7095760.7	772051.0792	7095758.654	100	40	772050.956	7095758.935	10.738	26.071	0.10514188	2.0857746	0.386066527	0.221310361	34	2222	5.114772825	104.7	158303.4808	Trial1	Trial1	2.01717868076696
14	83-0157	UME_081104_P47_WA08_2	2	UME_081104_P47_WA08	772047.7	7095760.7	772049.0781	7095758.697	98	40	772048.926	7095758.96	8.045	14.973	0.09336799	2.7361909	0.45224961	0.064063656	34	2215	-1	-1	44505.98735	Trial1	Trial1	2.09978796169853
10	83-0136	UME_081104_P47_WB01_1	1	UME_081104_P47_WB01	772055.7	7095760.7	772057.0825	7095758.525	106	40	772056.942	7095758.823	5.525	15.432	0.01335765	0.5074065	0.634469278	0.065567348	34	2225	-1	-1	55704.55531	Trial1	Trial1	1.70749792752738
10	83-0136	UME_081104_P47_WB01_3	3	UME_081104_P47_WB01	772051.7	7095760.7	772053.0803	7095758.611	102	40	772052.908	7095758.966	13.743	26.932	0.136995126	3.0554549	0.382776391	0.299680425	34	2223	5.260609	105.55	177302.4442	Trial1	Trial1	2.04003517318456
10	83-0136	UME_081104_P47_WB01_2	2	UME_081104_P47_WB01	772053.7	7095760.7	772055.0814	7095758.568	104	40	772054.903	7095759.018	8.77	12.259	0.009584881	0.3443008	0.557760997	0.05773978	34	2220	-1	-1	35957.91399	Trial1	Trial1	1.68180496575508
22	83-0289	UME_081104_P47_WB02_1	1	UME_081104_P47_WB02	772013.7	7095760.7	772015.0594	7095759.43	64	40	772014.883	7095759.654	12.41	22.726	0.052757601	1.2562487	0.458923954	0.231027179	34	2184	5.7396539	103.325	126603.4947	Trial1	Trial1	1.88157471869843
22	83-0289	UME_081104_P47_WB02_3	3	UME_081104_P47_WB02	772009.7	7095760.7	772011.0572	7095759.516	60	40	772010.882	7095759.75	8.579	21.453	0.042660047	1.3228096	0.587704837	0.182244478	34	2183	-1	-1	118776.7225	Trial1	Trial1	1.88614219795751
22	83-0289	UME_081104_P47_WB02_2	2	UME_081104_P47_WB02	772011.7	7095760.7	772013.0583	7095759.473	62	40	772012.836	7095759.7	4.851	13.828	0.01420133	0.527391	0.674029092	0.049103212	34	2179	-1	-1	43768.63361	Trial1	Trial1	1.78192613186758
2	81-0009	UME_081104_P47_WB03_1	1	UME_081104_P47_WB03	772103.7	7095764.7	772105.195	7095761.492	154	44	772105.053	7095761.831	8.008	20.883	0.0463975	2.5535233	0.453154684	0.124289654	34	2271	4.602839903	65.4	95967.27375	Trial1	Trial1	1.98928000836625
2	81-0009	UME_081104_P47_WB03_2	2	UME_081104_P47_WB03	772101.7	7095764.7	772103.1939	7095761.535	152	44	772103.055	7095761.948	5.639	10.601	0.074371175	2.6516201	0.684496494	0.034069526	34	2269	-1	-1	31585.92236	Trial1	Trial1	1.9990053105767
2	81-0009	UME_081104_P47_WB03_3	3	UME_081104_P47_WB03	772099.7	7095764.7	772101.1928	7095761.578	150	44	772101.088	7095761.999	3.504	6.454	0.061437829	4.3975267	0.817307986	0.009367867	34	2268	-1	-1	9659.017863	Trial1	Trial1	2.2289306853765
30	83-0464	UME_081104_P47_WB04_1	1	UME_081104_P47_WB04	771965.7	7095756.7	771966.9469	7095756.462	16	36	771966.741	7095756.482	6.168	20.746	0.043741607	1.1194571	0.581487551	0.121235285	36	2290	-1	-1	100963.346	Trial1	Trial1	1.90375579926358
30	83-0464	UME_081104_P47_WB04_2	2	UME_081104_P47_WB04	771963.7	7095756.7	771964.9458	7095756.505	14	36	771964.699	7095756.449	13.022	27.355	0.019507388	0.7673472	0.439362209	0.336263651	36	2289	-1	-1	163826.943	Trial1	Trial1	1.85994557418607
30	83-0464	UME_081104_P47_WB04_3	3	UME_081104_P47_WB04	771961.7	7095756.7	771962.9447	7095756.548	12	36	771962.661	7095756.401	3.843	21.81	0.036053121	1.098279	0.931492453	0.133740182	36	2280	4.626374806	64.65	112519.6461	Trial1	Trial1	1.9071593446315
26	83-0378	UME_081104_P47_WB05_1	1	UME_081104_P47_WB05	771989.7	7095764.7	771991.1325	7095763.949	40	44	771990.99	7095764.007	10.147	21.183	0.012116343	0.5319588	0.527140021	0.188503386	34	2162	4.948288301	90.475	111964.7545	Trial1	Trial1	1.73989288672027
26	83-0378	UME_081104_P47_WB05_2	2	UME_081104_P47_WB05	771987.7	7095764.7	771989.1314	7095763.992	38	44	771989.036	7095763.871	12.573	23.067	0.027409381	0.9428327	0.394359588	0.207211988	34	2156	-1	-1	120813.2291	Trial1	Trial1	1.79802077796475
26	83-0378	UME_081104_P47_WB05_3	3	UME_081104_P47_WB05	771985.7	7095764.7	771987.1303	7095764.035	36	44	771987.013	7095763.952	6.64	21.719	0.016720612	0.8214517	0.512474793	0.126074002	34	2155	-1	-1	105205.65	Trial1	Trial1	1.78522597917706
26	83-0377	UME_081104_P47_WB07_1	1	UME_081104_P47_WB07	771989.7	7095760.7	771991.0463	7095759.947	40	40	771990.896	7095759.932	9.488	25.131	0.023001725	0.8461581	0.583204642	0.274486284	34	2160	4.789496925	82.95	150375.9164	Trial1	Trial1	1.776829052422
26	83-0377	UME_081104_P47_WB07_2	2	UME_081104_P47_WB07	771987.7	7095760.7	771989.0452	7095759.99	38	40	771988.895	7095760.051	12.019	28.096	0.098553984	2.2070789	0.316674269	0.235973569	34	2159	-1	-1	194456.6197	Trial1	Trial1	1.9619189256108
26	83-0377	UME_081104_P47_WB07_3	3	UME_081104_P47_WB07	771985.7	7095760.7	771987.0441	7095760.033	36	40	771987.015	7095759.979	10.47	15.352	0.06485484	2.4710355	0.439850187	0.08524934	34	2153	-1	-1	52199.34232	Trial1	Trial1	2.00069506780189
30	83-0461	UME_081104_P47_WC02_1	1	UME_081104_P47_WC02	771965.7	7095744.7	771966.6882	7095744.455	16	24	771966.546	7095744.499	7.019	21.788	0.023650488	0.7054998	0.627219308	0.164138683	38	2445	-1	-1	113422.0142	Trial1	Trial1	1.83570481464374
30	83-0461	UME_081104_P47_WC02_2	2	UME_081104_P47_WC02	771963.7	7095744.7	771964.6871	7095744.499	14	24	771964.554	7095744.503	10.572	20.433	0.019567357	0.6583417	0.60732483	0.210547733	38	2442	4.720309004	79.95	105241.9095	Trial1	Trial1	1.83339948391824
30	83-0461	UME_081104_P47_WC02_3	3	UME_081104_P47_WC02	771961.7	7095744.7	771962.686	7095744.542	12	24	771962.654	7095744.391	11.611	25.989	0.021403407	0.7793216	0.536026595	0.330162646	38	2437	-1	-1	152791.6603	Trial1	Trial1	1.8533034592637
30	83-0444	UME_081104_P47_WC03_2	2	UME_081104_P47_WC03	771969.7	7095760.7	771971.0353	7095760.378	20	40	771970.893	7095760.364	9.419	20.095	0.093330329	1.7487275	0.529884221	0.158293108	34	2144	4.164658787	67.3	103867.2595	Trial1	Trial1	1.98334900757084
30	83-0444	UME_081104_P47_WC03_1	1	UME_081104_P47_WC03	771971.7	7095760.7	771973.0364	7095760.335	22	40	771972.868	7095760.38	6.172	16.194	0.028174819	0.9216798	0.721536605	0.091719476	34	2141	-1	-1	65795.05275	Trial1	Trial1	1.86929141087232
30	83-0444	UME_081104_P47_WC03_3	3	UME_081104_P47_WC03	771967.7	7095760.7	771969.0342	7095760.421	18	40	771968.887	7095760.506	10.479	19.692	0.113109917	1.5562487	0.48539992	0.154908606	34	2140	-1	-1	89555.16477	Trial1	Trial1	1.96101457471982
30	83-0466	UME_081104_P47_WC05_1	1	UME_081104_P47_WC05	771965.7	7095764.7	771967.1193	7095764.466	16	44	771966.991	7095764.35	4.53	9.865	0.039875819	1.8093285	0.70479604	0.024405101	34	2138	-1	-1	22197.81223	Trial1	Trial1	1.99999563220118
30	83-0466	UME_081104_P47_WC05_2	2	UME_081104_P47_WC05	771963.7	7095764.7	771965.1182	7095764.51	14	44	771964.99	7095764.264	3.897	7.54	0.018891413	1.2651497	0.765862235	0.013325407	34	2137	-1	-1	12915.67537	Trial1	Trial1	1.9299596854982
30	83-0466	UME_081104_P47_WC05_3	3	UME_081104_P47_WC05	771961.7	7095764.7	771963.1171	7095764.553	12	44	771962.979	7095764.39	11.837	23.89	0.030143823	1.3041063	0.36108938	0.191598942	34	2132	4.797254146	85.625	115956.2238	Trial1	Trial1	1.93763400389545
14	83-0181	UME_081104_P47_WC06_1	1	UME_081104_P47_WC06	772043.7	7095756.7	772044.9897	7095754.781	94	36	772044.822	7095755.013	7.891	20.441	0.023440699	0.9963417	0.590491881	0.152915148	36	2368	-1	-1	105883.5827	Trial1	Trial1	1.866693996825
14	83-0181	UME_081104_P47_WC06_2	2	UME_081104_P47_WC06	772041.7	7095756.7	772042.9886	7095754.824	92	36	772042.839	7095755.026	11.711	22.316	0.02544794	1.1953775	0.455162404	0.208482235	36	2363	3.872667244	71.125	117807.6263	Trial1	Trial1	1.88783760672453
26	83-0374	UME_081104_P47_WD01_1	1	UME_081104_P47_WD01	771989.7	7095748.7	771990.7876	7095747.94	40	28	771990.802	7095747.934	11.122	24.717	0.041483921	1.7711345	0.338476973	0.180637585	38	2469	5.403299781	94.45	130928.837	Trial1	Trial1	1.88416749229119
26	83-0374	UME_081104_P47_WD01_2	2	UME_081104_P47_WD01	771987.7	7095748.7	771988.7865	7095747.984	38	28	771988.887	7095748.104	10.957	18.362	0.051830892	1.1541632	0.604817756	0.175479621	38	2468	-1	-1	99456.53339	Trial1	Trial1	1.80467809363622
26	83-0374	UME_081104_P47_WD01_3	3	UME_081104_P47_WD01	771985.7	7095748.7	771986.7854	7095748.027	36	28	771986.731	7095748.107	8.187	17.131	0.026513234	1.0782652	0.522883066	0.098665281	38	2467	-1	-1	69715.51345	Trial1	Trial1	1.79795932432902
34	83-0509	UME_081104_P47_WD03_2	2	UME_081104_P47_WD03	771951.7	7095760.7	771953.0254	7095760.766	2	40	771952.873	7095760.623	11.763	23.454	0.197685722	4.5762307	0.302404389	0.153689204	34	2127	-1	-1	118918.058	Trial1	Trial1	2.35302948236713
34	83-0509	UME_081104_P47_WD03_1	1	UME_081104_P47_WD03	771953.7	7095760.7	771955.0265	7095760.723	4	40	771954.807	7095760.547	9.868	18.626	0.021729499	0.7222083	0.373141197	0.100324989	34	2126	4.357181909	76.475	78109.22157	Trial1	Trial1	1.83605923363556
34	83-0509	UME_081104_P47_WD03_3	3	UME_081104_P47_WD03	771949.7	7095760.7	771951.0243	7095760.809	0	40	771950.969	7095760.741	3.028	11.978	0.01341737	1.7088929	0.694670915	0.023701137	34	2124	-1	-1	23550.25659	Trial1	Trial1	1.97186592182137
22	83-0288	UME_081104_P47_WD05_1	1	UME_081104_P47_WD05	772013.7	7095756.7	772014.9732	7095755.428	64	36	772014.79	7095755.586	6.737	21.907	0.024647067	1.155774	0.592127283	0.150357926	36	2340	-1	-1	115473.2664	Trial1	Trial1	1.86699311777146
22	83-0288	UME_081104_P47_WD05_3	3	UME_081104_P47_WD05	772009.7	7095756.7	772010.971	7095755.514	60	36	772010.909	7095755.757	12.089	25.441	0.151655138	3.3623338	0.440767849	0.27085987	36	2336	5.213474377	103.95	166026.3413	Trial1	Trial1	2.15667261182293
22	83-0288	UME_081104_P47_WD05_2	2	UME_081104_P47_WD05	772011.7	7095756.7	772012.9721	7095755.471	62	36	772012.822	7095755.718	6.165	19.339	0.016095031	0.7324619	0.490578154	0.088841075	36	2333	-1	-1	76762.85967	Trial1	Trial1	1.8077465267879
30	83-0422	UME_081104_P47_WD06_1	1	UME_081104_P47_WD06	771977.7	7095764.7	771979.1259	7095764.208	28	44	771978.944	7095764.146	7.467	14.192	0.049359344	1.3505404	0.544068069	0.064268082	34	2147	3.271702522	54.725	46808.08053	Trial1	Trial1	1.91937393144088
14	83-0197	UME_081104_P47_WE01_1	1	UME_081104_P47_WE01	772037.7	7095744.7	772038.7278	7095742.904	88	24	772038.514	7095743.159	7.584	15.47	0.019940726	0.6692104	0.618916614	0.088225968	38	2511	-1	-1	57016.37957	Trial1	Trial1	1.82408426727567
14	83-0197	UME_081104_P47_WE01_3	3	UME_081104_P47_WE01	772033.7	7095744.7	772034.7256	7095742.99	84	24	772034.474	7095743.219	10.877	17.66	0.111713536	1.7306511	0.46657586	0.124314072	38	2508	-1	-1	75815.63788	Trial1	Trial1	1.95055805400435
14	83-0197	UME_081104_P47_WE01_2	2	UME_081104_P47_WE01	772035.7	7095744.7	772036.7267	7095742.947	86	24	772036.584	7095743.137	9.185	16.184	0.136281489	4.0808107	0.530759849	0.100290127	38	2507	4.413002001	76.975	66150.25371	Trial1	Trial1	2.27209583781906
30	83-0446	UME_081104_P47_WE02_2	2	UME_081104_P47_WE02	771969.7	7095752.7	771970.8629	7095752.374	20	32	771970.797	7095752.449	11.386	23.436	0.025096141	0.4949216	0.459124591	0.225512606	36	2294	4.303617833	86.7	134876.9753	Trial1	Trial1	1.80898662654041
30	83-0446	UME_081104_P47_WE02_1	1	UME_081104_P47_WE02	771971.7	7095752.7	771972.864	7095752.331	22	32	771972.697	7095752.28	4.14	22.862	0.027951886	0.9644979	0.799936583	0.135947087	36	2293	-1	-1	120064.3232	Trial1	Trial1	1.86759148570975
30	83-0446	UME_081104_P47_WE02_3	3	UME_081104_P47_WE02	771967.7	7095752.7	771968.8618	7095752.417	18	32	771968.653	7095752.433	10.236	18.895	0.082148326	2.0815383	0.391820534	0.112454712	36	2292	-1	-1	88155.98372	Trial1	Trial1	2.02495796661619
34	83-0489	UME_081104_P47_WE04_1	1	UME_081104_P47_WE04	771959.7	7095756.7	771960.9436	7095756.591	10	36	771960.429	7095756.679	11.281	24.378	0.024296935	0.9129718	0.596450794	0.314046919	36	2286	5.094329	103.5	148455.5707	Trial1	Trial1	1.85327221303372
34	83-0489	UME_081104_P47_WE04_3	3	UME_081104_P47_WE04	771955.7	7095756.7	771956.9414	7095756.678	6	36	771956.613	7095756.665	7.602	9.858	0.05877858	1.7574555	0.558503168	0.032406884	36	2285	-1	-1	23367.4187	Trial1	Trial1	1.97110072929096
34	83-0489	UME_081104_P47_WE04_2	2	UME_081104_P47_WE04	771957.7	7095756.7	771958.9425	7095756.634	8	36	771958.546	7095756.761	7.084	23.243	0.018800022	0.8357851	0.587312379	0.176542954	36	2284	-1	-1	130903.0077	Trial1	Trial1	1.8455379234047
14	83-0200	UME_081104_P47_WE05_1	1	UME_081104_P47_WE05	772037.7	7095756.7	772038.9864	7095754.91	88	36	772038.762	7095755.107	8.304	15.779	0.166314289	3.7440821	0.684201444	0.111102793	36	2365	4.525689533	62.725	57907.86051	Trial1	Trial1	2.21751710302706
2	83-0005	UME_081104_P47_WE06_1	1	UME_081104_P47_WE06	772091.7	7095756.7	772093.016	7095753.746	142	36	772093.011	7095754.108	8.74	22.78	0.017882188	0.6571241	0.615043404	0.219090059	36	2415	-1	-1	124921.718	Trial1	Trial1	1.76360314394468
2	83-0005	UME_081104_P47_WE06_2	2	UME_081104_P47_WE06	772089.7	7095756.7	772091.0149	7095753.79	140	36	772091.042	7095754.097	7.815	23.037	0.029226901	1.271934	0.489090728	0.1593137	36	2414	6.850840127	102.95	116145.309	Trial1	Trial1	1.84190961291532
2	83-0005	UME_081104_P47_WE06_3	3	UME_081104_P47_WE06	772087.7	7095756.7	772089.0138	7095753.833	138	36	772088.944	7095754.22	4.533	13.401	0.029566116	1.4808463	1.301165741	0.08319238	36	2412	-1	-1	73888.93994	Trial1	Trial1	1.8661057626578
22	83-0334	UME_081104_P47_WE07_1	1	UME_081104_P47_WE07	772001.7	7095764.7	772003.1391	7095763.691	52	44	772002.994	7095763.687	8.631	15.276	0.3210041	10.7530214	0.478232752	0.075652811	34	2172	-1	-1	49065.03121	Trial1	Trial1	3.14434303264682
22	83-0334	UME_081104_P47_WE07_2	2	UME_081104_P47_WE07	771999.7	7095764.7	772001.138	7095763.734	50	44	772001.046	7095763.746	7.07	17.877	0.015647062	0.6189446	0.600643861	0.106590746	34	2171	-1	-1	78236.04312	Trial1	Trial1	1.7905493884272
22	83-0334	UME_081104_P47_WE07_3	3	UME_081104_P47_WE07	771997.7	7095764.7	771999.1369	7095763.777	48	44	771999.068	7095763.788	9.388	21.147	0.010244047	0.4173804	0.523733663	0.172686226	34	2166	4.02194919	74.875	106568.3213	Trial1	Trial1	1.76451623133522
30	83-0447	UME_081104_P47_WF01_1	1	UME_081104_P47_WF01	771971.7	7095748.7	771972.7777	7095748.328	22	28	771972.678	7095748.469	12.466	25.211	0.14009032	4.3407691	0.698566487	0.434712047	38	2450	5.78553133	112.825	127808.7284	Trial1	Trial1	2.31334338828547
30	83-0447	UME_081104_P47_WF01_2	2	UME_081104_P47_WF01	771969.7	7095748.7	771970.7767	7095748.371	20	28	771970.665	7095748.43	12.989	20.708	0.125947423	3.8722453	0.350866131	0.153487601	38	2449	-1	-1	86275.54839	Trial1	Trial1	2.25513257335195
30	83-0447	UME_081104_P47_WF01_3	3	UME_081104_P47_WF01	771967.7	7095748.7	771968.7756	7095748.415	18	28	771968.725	7095748.483	6.666	20.286	0.035414499	1.3717037	0.656647938	0.14147577	38	2448	-1	-1	101913.487	Trial1	Trial1	1.92523570896387
10	83-0092	UME_081104_P47_WF02_1	1	UME_081104_P47_WF02	772067.7	7095760.7	772069.0891	7095758.266	118	40	772068.97	7095758.51	12.208	24.445	0.119659488	4.7495268	0.426378555	0.244292117	34	2241	5.172508906	88.925	132632.4544	Trial1	Trial1	2.29569177355379
10	83-0092	UME_081104_P47_WF02_2	2	UME_081104_P47_WF02	772065.7	7095760.7	772067.088	7095758.309	116	40	772066.958	7095758.621	8.981	16.532	0.061610305	1.5648588	0.479053	0.092355272	34	2240	-1	-1	66133.21366	Trial1	Trial1	1.86689135687203
10	83-0092	UME_081104_P47_WF02_3	3	UME_081104_P47_WF02	772063.7	7095760.7	772065.0869	7095758.352	114	40	772064.9	7095758.74	6.772	14.511	0.022161624	0.8562442	0.562763896	0.06302577	34	2235	-1	-1	48486.34835	Trial1	Trial1	1.76880524635598
10	83-0137	UME_081104_P47_WF03_2	2	UME_081104_P47_WF03	772053.7	7095756.7	772054.9952	7095754.565	104	36	772054.988	7095754.931	1.841	6.736	0.013985849	1.2962252	0.911222141	0.005977921	36	2379	-1	-1	6096.171941	Trial1	Trial1	1.82217768428136
10	83-0137	UME_081104_P47_WF03_3	3	UME_081104_P47_WF03	772051.7	7095756.7	772052.9941	7095754.609	102	36	772053.003	7095754.8	10.154	21.095	0.109424396	2.5586633	0.376205242	0.133515047	36	2376	4.218428341	75.25	86943.17942	Trial1	Trial1	1.98599073363582
2	83-0003	UME_081104_P47_WF04_2	2	UME_081104_P47_WF04	772089.7	7095764.7	772091.1874	7095761.794	140	44	772090.821	7095761.174	9.949	9.43	0.014147038	3.2788151	0.194126345	0.013489964	34	2263	4.686495136	87.5	11387.28086	Trial1	Trial1	2.0637030876446
2	83-0003	UME_081104_P47_WF04_3	3	UME_081104_P47_WF04	772087.7	7095764.7	772089.1863	7095761.837	138	44	772089.153	7095762.143	11.592	18.948	0.02106211	1.4735631	0.43396629	0.141851083	34	2262	-1	-1	85560.91774	Trial1	Trial1	1.81966844286355
14	83-0156	UME_081104_P47_WF05_1	1	UME_081104_P47_WF05	772049.7	7095756.7	772050.993	7095754.652	100	36	772050.767	7095754.959	5.991	9.26	0.031724964	0.7468609	0.59047236	0.023824969	36	2375	-1	-1	19086.35453	Trial1	Trial1	1.84923557251014
14	83-0156	UME_081104_P47_WF05_2	2	UME_081104_P47_WF05	772047.7	7095756.7	772048.9919	7095754.695	98	36	772048.928	7095754.846	6.79	23.219	0.031794134	1.1203924	0.582144197	0.167368488	36	2372	5.902675093	101.85	128195.7072	Trial1	Trial1	1.89397449908422
18	83-0267	UME_081104_P47_WF06_1	1	UME_081104_P47_WF06	772019.7	7095764.7	772021.1489	7095763.303	70	44	772021.042	7095763.344	7.482	13.732	0.086219654	5.1123206	0.346687104	0.03841679	34	2192	-1	-1	34105.73497	Trial1	Trial1	2.36357376563663
18	83-0267	UME_081104_P47_WF06_3	3	UME_081104_P47_WF06	772015.7	7095764.7	772017.1467	7095763.389	66	44	772016.945	7095763.558	10.433	20.046	0.067446758	1.3599668	0.548720387	0.18067432	34	2188	-1	-1	99773.29601	Trial1	Trial1	1.85771768586526
18	83-0267	UME_081104_P47_WF06_2	2	UME_081104_P47_WF06	772017.7	7095764.7	772019.1478	7095763.346	68	44	772018.95	7095763.386	11.777	23.803	0.035162926	3.0093957	0.417012408	0.218543135	34	2187	6.016213214	102.85	130617.0307	Trial1	Trial1	2.0802755498702
22	83-0311	UME_081104_P47_WF07_1	1	UME_081104_P47_WF07	772007.7	7095764.7	772009.1424	7095763.561	58	44	772009.06	7095763.582	5.75	10.596	0.017737183	0.5660281	0.762403416	0.038656205	34	2177	-1	-1	26261.97914	Trial1	Trial1	1.78522182539856
22	83-0311	UME_081104_P47_WF07_2	2	UME_081104_P47_WF07	772005.7	7095764.7	772007.1413	7095763.604	56	44	772007.04	7095763.594	10.91	23.091	0.011780346	0.4845759	0.479480227	0.219058983	34	2176	4.301450061	91.45	124812.0019	Trial1	Trial1	1.77323020984642
22	83-0311	UME_081104_P47_WF07_3	3	UME_081104_P47_WF07	772003.7	7095764.7	772005.1402	7095763.647	54	44	772005.046	7095763.672	4.859	21.722	0.09634555	3.5377607	0.580368201	0.104506666	34	2175	-1	-1	90242.76046	Trial1	Trial1	2.18047739682885
34	83-0491	UME_081104_P47_WG01_2	2	UME_081104_P47_WG01	771957.7	7095748.7	771958.7701	7095748.63	8	28	771958.63	7095748.614	12.465	25.954	0.0257213	1.2583556	0.453867848	0.299306306	38	2439	5.199477738	99.075	163441.3898	Trial1	Trial1	1.89613575554589
34	83-0491	UME_081104_P47_WG01_3	3	UME_081104_P47_WG01	771955.7	7095748.7	771956.769	7095748.673	6	28	771956.585	7095748.614	11.945	23.778	0.045510692	1.8422541	0.544229457	0.288674842	38	2438	-1	-1	140483.0661	Trial1	Trial1	1.97702993142455
26	83-0401	UME_081104_P47_WG02_1	1	UME_081104_P47_WG02	771983.7	7095756.7	771984.9568	7095756.074	34	36	771984.753	7095756.212	8.17	19.695	0.043888025	1.5473366	0.569621661	0.141766793	36	2308	-1	-1	91404.52172	Trial1	Trial1	1.8750615244571
26	83-0401	UME_081104_P47_WG02_2	2	UME_081104_P47_WG02	771981.7	7095756.7	771982.9557	7095756.117	32	36	771982.625	7095756.26	12.505	24.448	0.069415242	1.770479	0.655293649	0.384692096	36	2306	5.052222404	86.75	143583.9379	Trial1	Trial1	1.90877920128123
22	83-0312	UME_081104_P47_WG03_1	1	UME_081104_P47_WG03	772007.7	7095760.7	772009.0561	7095759.559	58	40	772008.797	7095759.594	9.083	19.305	0.141116423	3.0452549	0.493875729	0.131295258	34	2182	4.542336638	84.225	86744.41833	Trial1	Trial1	2.11448876650615
22	83-0312	UME_081104_P47_WG03_2	2	UME_081104_P47_WG03	772005.7	7095760.7	772007.055	7095759.602	56	40	772007.003	7095759.699	6.73	13.876	0.056976635	1.9008408	0.554480394	0.056432742	34	2174	-1	-1	41631.64912	Trial1	Trial1	1.96008502512274
22	83-0312	UME_081104_P47_WG03_3	3	UME_081104_P47_WG03	772003.7	7095760.7	772005.0539	7095759.645	54	40	772004.924	7095759.748	11.45	21.522	0.225536807	4.6874493	0.390732969	0.162758081	34	2173	-1	-1	113796.5142	Trial1	Trial1	2.3313541667443
2	81-0040	UME_081104_P47_WG04_1	1	UME_081104_P47_WG04	772097.7	7095756.7	772099.0193	7095753.617	148	36	772098.986	7095753.991	10.132	20.209	0.088083346	1.8550553	0.418445378	0.135997892	36	2428	3.781060231	72.725	83688.02076	Trial1	Trial1	1.93592917792135
2	81-0040	UME_081104_P47_WG04_2	2	UME_081104_P47_WG04	772095.7	7095756.7	772097.0182	7095753.66	146	36	772097.062	7095753.916	7.588	18.301	0.040327394	1.6937122	0.53265853	0.106325766	36	2424	-1	-1	76535.173	Trial1	Trial1	1.91017491670753
30	83-0420	UME_081104_P47_WG05_1	1	UME_081104_P47_WG05	771977.7	7095756.7	771978.9535	7095756.203	28	36	771978.672	7095756.188	8.735	25.568	0.059376404	1.683526	0.42579478	0.190964587	36	2305	8.033536954	107.9	139311.139	Trial1	Trial1	1.95609061965187
30	83-0420	UME_081104_P47_WG05_2	2	UME_081104_P47_WG05	771975.7	7095756.7	771976.9524	7095756.247	26	36	771976.527	7095756.342	7.406	12.913	0.044950917	1.6378279	0.501643331	0.048654304	36	2299	-1	-1	37648.82896	Trial1	Trial1	1.95402040238971
22	83-0290	UME_081104_P47_WG07_1	1	UME_081104_P47_WG07	772013.7	7095764.7	772015.1456	7095763.432	64	44	772015.145	7095763.611	12.694	22.792	0.059165889	2.1500558	0.466279289	0.241485428	34	2186	4.844795814	88	116804.962	Trial1	Trial1	2.00178568910148
22	83-0290	UME_081104_P47_WG07_2	2	UME_081104_P47_WG07	772011.7	7095764.7	772013.1445	7095763.475	62	44	772013.029	7095763.564	8.003	18.703	0.050682971	2.1898784	0.482677737	0.106130233	34	2181	-1	-1	81303.5247	Trial1	Trial1	2.00526866039633
22	83-0290	UME_081104_P47_WG07_3	3	UME_081104_P47_WG07	772009.7	7095764.7	772011.1435	7095763.518	60	44	772011.008	7095763.515	7.82	23.466	0.023556739	0.7429134	0.64964503	0.219708655	34	2180	-1	-1	130852.8679	Trial1	Trial1	1.81026730842986
30	83-0463	UME_081104_P47_WH01_1	1	UME_081104_P47_WH01	771965.7	7095752.7	771966.8607	7095752.46	16	32	771966.664	7095752.445	3.668	13.866	0.014334073	0.4518288	0.907878211	0.050283539	36	2291	-1	-1	44765.11226	Trial1	Trial1	1.8109537460141
30	83-0463	UME_081104_P47_WH01_2	2	UME_081104_P47_WH01	771963.7	7095752.7	771964.8596	7095752.503	14	32	771964.68	7095752.417	12.267	20.924	0.023445208	1.2995862	0.45933457	0.19375661	36	2287	-1	-1	104564.4399	Trial1	Trial1	1.92773383060814
30	83-0463	UME_081104_P47_WH01_3	3	UME_081104_P47_WH01	771961.7	7095752.7	771962.8585	7095752.546	12	32	771962.55	7095752.42	11.241	19.288	0.03007971	1.1126523	0.469888119	0.154340117	36	2283	4.356361218	72.625	90404.00265	Trial1	Trial1	1.9060041030775
10	83-0139	UME_081104_P47_WH02_1	1	UME_081104_P47_WH02	772055.7	7095748.7	772056.8239	7095746.518	106	28	772056.713	7095746.713	6.62	16.151	0.029113636	1.1242917	0.471320912	0.063925328	38	2529	-1	-1	55458.64735	Trial1	Trial1	1.83120419583181
10	83-0139	UME_081104_P47_WH02_2	2	UME_081104_P47_WH02	772053.7	7095748.7	772054.8228	7095746.561	104	28	772054.606	7095746.823	12.446	28.582	0.032067311	2.0833162	0.455394809	0.363650849	38	2526	-1	-1	206684.5543	Trial1	Trial1	1.95290274740353
10	83-0139	UME_081104_P47_WH02_3	3	UME_081104_P47_WH02	772051.7	7095748.7	772052.8217	7095746.604	102	28	772052.615	7095746.844	7.395	22.258	0.06947124	2.3312612	0.457233357	0.131566287	38	2522	5.461740836	108.9	114109.0592	Trial1	Trial1	1.97939979992675
30	83-0445	UME_081104_P47_WH03_1	1	UME_081104_P47_WH03	771971.7	7095756.7	771972.9502	7095756.333	22	36	771972.748	7095756.411	11.574	19.522	0.103776092	2.0970341	0.448010812	0.155201775	36	2297	4.217264296	77.15	89455.9803	Trial1	Trial1	2.02335346620545
30	83-0445	UME_081104_P47_WH03_2	2	UME_081104_P47_WH03	771969.7	7095756.7	771970.9491	7095756.376	20	36	771970.837	7095756.424	6.677	15.963	0.009250251	0.4019985	0.51169531	0.068374034	36	2296	-1	-1	53909.01836	Trial1	Trial1	1.80071998703062
30	83-0445	UME_081104_P47_WH03_3	3	UME_081104_P47_WH03	771967.7	7095756.7	771968.948	7095756.419	18	36	771968.784	7095756.424	5.179	13.343	0.011814675	0.4128856	0.721950695	0.052278063	36	2295	-1	-1	41827.55844	Trial1	Trial1	1.8058616833097
10	83-0135	UME_081104_P47_WH04_1	1	UME_081104_P47_WH04	772055.7	7095764.7	772057.1687	7095762.527	106	44	772057.127	7095762.822	10.875	32.328	0.080809711	7.9242955	0.22275133	0.19883252	34	2229	-1	-1	120840.7116	Trial1	Trial1	2.68466077641559
10	83-0135	UME_081104_P47_WH04_2	2	UME_081104_P47_WH04	772053.7	7095764.7	772055.1676	7095762.57	104	44	772055.119	7095762.89	12.027	22.777	0.021251794	0.9996081	0.459515336	0.225181447	34	2226	4.532636052	80.9	122580.2515	Trial1	Trial1	1.75627208392795
10	83-0135	UME_081104_P47_WH04_3	3	UME_081104_P47_WH04	772051.7	7095764.7	772053.1665	7095762.613	102	44	772053.103	7095762.889	9.545	19.03	0.075798849	3.5150704	0.422836484	0.114788919	34	2221	-1	-1	64375.56243	Trial1	Trial1	2.08915583008052
14	83-0179	UME_081104_P47_WH05_1	1	UME_081104_P47_WH05	772043.7	7095764.7	772045.1621	7095762.785	94	44	772045.073	7095763.014	12.684	23.361	0.126332565	4.7756932	0.356971201	0.194073097	34	2217	4.345381588	83.175	95678.0061	Trial1	Trial1	2.3552926702655
14	83-0179	UME_081104_P47_WH05_2	2	UME_081104_P47_WH05	772041.7	7095764.7	772043.161	7095762.828	92	44	772043.047	7095762.964	10.685	20.581	0.023229687	0.9026251	0.426808589	0.151713364	34	2211	-1	-1	94422.97272	Trial1	Trial1	1.83404662174144
14	83-0179	UME_081104_P47_WH05_3	3	UME_081104_P47_WH05	772039.7	7095764.7	772041.1599	7095762.872	90	44	772041.072	7095762.968	6.437	20.798	0.096204771	3.8116593	0.718272464	0.157076127	34	2210	-1	-1	139825.3233	Trial1	Trial1	2.21897661607375
2	81-0042	UME_081104_P47_WH06_1	1	UME_081104_P47_WH06	772097.7	7095764.7	772099.1917	7095761.621	148	44	772098.581	7095761.991	0.763	4.329	0.006686077	0.5634202	2.773813693	0.003114066	34	2267	-1	-1	3070.778603	Trial1	Trial1	1.71329914793409
10	83-0112	UME_081104_P47_WH07_3	3	UME_081104_P47_WH07	772057.7	7095756.7	772058.9974	7095754.479	108	36	772058.799	7095754.71	8.325	20.111	0.03307429	2.4050912	0.444376572	0.11751633	36	2382	5.545706367	75.475	84419.62236	Trial1	Trial1	1.97968059980233
25	83-0368	UME_081104_P71_WA06_1	1	UME_081104_P71_WA06	771989.7	7095724.7	771990.2704	7095723.927	40	4	771990.218	7095723.892	11.43	23.512	0.062149033	3.2183292	0.41033197	0.203625745	44	2914	5.932357318	89.4	126156.8924	Trial1	Trial1	2.08712229735329
25	83-0368	UME_081104_P71_WA06_2	2	UME_081104_P71_WA06	771987.7	7095724.7	771988.2693	7095723.97	38	4	771988.192	7095723.921	7.73	16.535	0.029047459	1.4935977	0.47142787	0.078248354	44	2913	-1	-1	59850.42919	Trial1	Trial1	1.85854308879769
25	83-0368	UME_081104_P71_WA06_3	3	UME_081104_P71_WA06	771985.7	7095724.7	771986.2682	7095724.013	36	4	771985.995	7095724.097	6.968	17.651	0.012663894	0.6160664	0.588159193	0.100287455	44	2911	-1	-1	76379.07459	Trial1	Trial1	1.7439583378095
21	83-0322	UME_081104_P71_WE04_2	2	UME_081104_P71_WE04	772005.7	7095720.7	772006.1929	7095719.58	56	0	772005.787	7095719.703	4.507	14.821	0.025989486	0.8986722	0.771500561	0.059985832	44	2932	-1	-1	50233.19954	Trial1	Trial1	1.81115529322907
21	83-0322	UME_081104_P71_WE04_1	1	UME_081104_P71_WE04	772007.7	7095720.7	772008.194	7095719.537	58	0	772007.806	7095719.63	11.008	19.545	0.015856916	0.746764	0.462440802	0.152733823	44	2931	4.399088593	68.875	90905.11793	Trial1	Trial1	1.79634350316395
21	83-0322	UME_081104_P71_WE04_3	3	UME_081104_P71_WE04	772003.7	7095720.7	772004.1918	7095719.623	54	0	772003.732	7095719.762	8.506	18.027	0.044571078	1.4532619	0.53657541	0.116494146	44	2925	-1	-1	73263.81365	Trial1	Trial1	1.88035925535447
14	83-0153	UME_081104_P71_WF04_1	1	UME_081104_P71_WF04	772049.7	7095744.7	772050.7343	7095742.645	100	24	772050.448	7095742.943	12.504	23.318	0.090262173	2.8274265	0.344727116	0.184073631	38	2524	4.364126839	79	125850.7407	Trial1	Trial1	2.16114433265309
14	83-0153	UME_081104_P71_WF04_3	3	UME_081104_P71_WF04	772045.7	7095744.7	772046.7322	7095742.731	96	24	772046.611	7095742.976	11.008	18.76	0.058205265	1.1618756	0.423543622	0.128870492	38	2523	-1	-1	79828.09127	Trial1	Trial1	1.92260557057496
27	83-0395	UME_081104_P71_WG04_1	1	UME_081104_P71_WG04	771983.7	7095780.7	771985.474	7095780.087	34	60	771985.379	7095779.958	8.228	22.167	0.033197025	1.2447838	0.552855766	0.175552233	30	1846	-1	-1	122439.9433	Trial1	Trial1	1.82239092604934
27	83-0395	UME_081104_P71_WG04_2	2	UME_081104_P71_WG04	771981.7	7095780.7	771983.4729	7095780.13	32	60	771983.362	7095780.068	3.852	16.724	0.016261192	0.514138	0.891296057	0.075417456	30	1845	-1	-1	65766.91443	Trial1	Trial1	1.72709874194032
27	83-0395	UME_081104_P71_WG04_3	3	UME_081104_P71_WG04	771979.7	7095780.7	771981.4718	7095780.174	30	60	771981.421	7095780.028	8.685	19.296	0.056709319	1.7586683	0.631010236	0.16026622	30	1844	4.401520489	74.525	89608.63572	Trial1	Trial1	1.89559167212458
53	83-0822	UME_081104_P80_WA08_1	1	UME_081104_P80_WA08	772025.7	7095818.7	772028.3161	7095817.203	76	98	772028.315	7095817.301	7.21	12.588	0.020789786	0.757228	0.582471848	0.0522628	20	1151	-1	-1	36492.25768	Trial1	Trial1	1.75096226753664
53	83-0822	UME_081104_P80_WA08_3	3	UME_081104_P80_WA08	772021.7	7095818.7	772024.3139	7095817.289	72	98	772024.416	7095817.312	11.338	29.3	0.087278029	1.5349048	0.449031283	0.343263885	20	1149	-1	-1	197975.0871	Trial1	Trial1	1.86063689118343
53	83-0822	UME_081104_P80_WA08_2	2	UME_081104_P80_WA08	772023.7	7095818.7	772026.315	7095817.246	74	98	772026.299	7095817.277	11.872	21.45	0.209546805	6.7738309	0.280352658	0.120274875	20	1145	4.732414267	87.95	110088.2251	Trial1	Trial1	2.55781552236738
33	83-0500	UME_081104_P80_WA10_1	1	UME_081104_P80_WA10	771953.7	7095724.7	771954.2506	7095724.703	4	4	771953.74	7095724.755	7.753	19.322	0.030071822	1.1321913	0.525167622	0.119388106	44	2878	5.438820912	87.15	88422.48148	Trial1	Trial1	1.73985627799701
66	83-1041	UME_081104_P80_WB07_1	1	UME_081104_P80_WB07	771971.7	7095842.7	771974.8037	7095842.38	22	122	771974.992	7095842.191	10.642	19.24	0.017918136	0.3734381	0.501608383	0.155191537	14	695	4.585952614	66.85	92499.12556	Trial1	Trial1	1.79029636407616
66	83-1041	UME_081104_P80_WB07_2	2	UME_081104_P80_WB07	771969.7	7095842.7	771972.8026	7095842.423	20	122	771972.919	7095842.305	12.531	24.141	0.027844198	1.232679	0.479349004	0.27495111	14	692	-1	-1	150132.2887	Trial1	Trial1	1.90064070151746
42	83-0598	UME_081104_P80_WB09_1	1	UME_081104_P80_WB09	772085.7	7095842.7	772088.8663	7095839.923	136	122	772089.05	7095840.077	8.518	24.006	0.03605088	0.9922805	0.523262718	0.201745761	14	806	-1	-1	133339.9315	Trial1	Trial1	1.85186250111894
42	83-0598	UME_081104_P80_WB09_2	2	UME_081104_P80_WB09	772083.7	7095842.7	772086.8652	7095839.966	134	122	772086.961	7095840.047	9.655	19.636	0.028214544	1.0133558	0.456069458	0.133350055	14	798	-1	-1	87238.09872	Trial1	Trial1	1.85699447395034
42	83-0598	UME_081104_P80_WB09_3	3	UME_081104_P80_WB09	772081.7	7095842.7	772084.8641	7095840.009	132	122	772085.028	7095840.217	11.293	21.72	0.007849907	0.3620813	0.555930822	0.23261572	14	791	4.23962813	87.7	116357.6365	Trial1	Trial1	1.77223205623069
46	83-0693	UME_081104_P80_WB10_1	1	UME_081104_P80_WB10	772061.7	7095854.7	772065.1117	7095852.447	112	134	772064.98	7095851.96	2.442	16.841	0.01037103	4.6942999	0.799116522	0.043469175	12	629	-1	-1	40780.71943	Trial1	Trial1	2.33391002760268
41	83-0593	UME_081104_P80_WC07_1	1	UME_081104_P80_WC07	772085.7	7095822.7	772088.4352	7095819.912	136	102	772088.346	7095819.999	11.32	19.952	0.022560435	0.9196093	0.421112461	0.149041722	20	1209	-1	-1	84153.19451	Trial1	Trial1	1.83343784716757
41	83-0593	UME_081104_P80_WC07_3	3	UME_081104_P80_WC07	772081.7	7095822.7	772084.433	7095819.998	132	102	772084.189	7095820.145	8.325	11.103	0.057402347	1.5920405	0.704667927	0.056796052	20	1207	-1	-1	33085.64568	Trial1	Trial1	1.92632642737042
41	83-0593	UME_081104_P80_WC07_2	2	UME_081104_P80_WC07	772083.7	7095822.7	772086.4341	7095819.955	134	102	772086.253	7095820.246	10.901	16.446	0.015998194	0.7072181	0.559546723	0.129571609	20	1206	3.691215528	70.575	67852.72182	Trial1	Trial1	1.80655649566325
9	83-0099	UME_081104_P80_WC08_2	2	UME_081104_P80_WC08	772065.7	7095732.7	772066.4845	7095730.294	116	12	772066.223	7095730.685	10.833	21.394	0.068942627	2.0381507	0.541843471	0.21100926	42	2848	5.391424771	82.1	108128.5743	Trial1	Trial1	1.93609212029895
9	83-0099	UME_081104_P80_WC08_1	1	UME_081104_P80_WC08	772067.7	7095732.7	772068.4856	7095730.251	118	12	772068.238	7095730.703	5.686	13.032	0.037569315	1.7138467	0.796361913	0.060397344	42	2845	-1	-1	42443.26568	Trial1	Trial1	1.90127058648986
9	83-0099	UME_081104_P80_WC08_3	3	UME_081104_P80_WC08	772063.7	7095732.7	772064.4834	7095730.337	114	12	772064.367	7095730.564	6.393	10.703	0.047551187	2.1983354	0.654838512	0.037665076	42	2840	-1	-1	30175.43949	Trial1	Trial1	1.94858338745102
58	83-0919	UME_081104_P80_WC09_1	1	UME_081104_P80_WC09	772001.7	7095838.7	772004.734	7095837.731	52	118	772005.224	7095837.822	10.496	21.177	0.277502841	5.7155758	0.461496267	0.170608435	16	858	4.646546466	85.75	103181.1512	Trial1	Trial1	2.34394795290955
58	83-0919	UME_081104_P80_WC09_3	3	UME_081104_P80_WC09	771997.7	7095838.7	772000.7318	7095837.817	48	118	772001.179	7095837.884	7.445	17.044	0.057293756	2.4433595	0.475073673	0.080696249	16	857	-1	-1	62393.92442	Trial1	Trial1	1.77424647258941
54	83-0919	UME_081104_P80_WC09_3	3	UME_081104_P80_WC09	772015.7	7095850.7	772019.0003	7095849.436	66	130	772019.155	7095849.565	9.368	12.904	0.051514798	0.9305967	0.516020428	0.06322532	12	592	-1	-1	37571.61854	Trial1	Trial1	1.77424647258941
1	83-0011	UME_081104_P80_WC10_2	2	UME_081104_P80_WC10	772089.7	7095732.7	772090.4977	7095729.776	140	12	772090.161	7095730.2	10.805	17.716	0.053131174	1.0145508	0.468655251	0.12482709	42	2868	-1	-1	74832.97501	Trial1	Trial1	1.79364165562934
1	83-0011	UME_081104_P80_WC10_3	3	UME_081104_P80_WC10	772087.7	7095732.7	772088.4966	7095729.819	138	12	772088.269	7095730.226	9.937	16.35	0.0492724	1.2587342	0.491178123	0.102476212	42	2867	-1	-1	57881.03648	Trial1	Trial1	1.81910113090445
1	83-0011	UME_081104_P80_WC10_1	1	UME_081104_P80_WC10	772091.7	7095732.7	772092.4988	7095729.733	142	12	772092.148	7095730.106	9.824	19.83	0.029539974	1.1544079	0.475456778	0.144258362	42	2866	4.316387244	75.3	90392.7807	Trial1	Trial1	1.81958058381786
31	83-0425	UME_081104_P80_WD07_1	1	UME_081104_P80_WD07	771977.7	7095776.7	771979.3845	7095776.214	28	56	771979.169	7095776.095	12.743	23.232	0.092295276	1.424278	0.379990166	0.205266897	30	1842	-1	-1	128312.6827	Trial1	Trial1	1.86398549554482
31	83-0425	UME_081104_P80_WD07_2	2	UME_081104_P80_WD07	771975.7	7095776.7	771977.3834	7095776.258	26	56	771977.246	7095776.143	11.844	28.224	0.078654667	1.3504576	0.425424112	0.31523572	30	1839	6.293861412	102.35	190893.6868	Trial1	Trial1	1.8564806094606
17	83-0238	UME_081104_P80_WD08_1	1	UME_081104_P80_WD08	772025.7	7095732.7	772026.4625	7095731.156	76	12	772026.113	7095731.262	7.736	15.425	0.017440149	1.0908154	0.486455385	0.070323292	42	2805	-1	-1	51837.42549	Trial1	Trial1	1.84136568188483
17	83-0238	UME_081104_P80_WD08_2	2	UME_081104_P80_WD08	772023.7	7095732.7	772024.4614	7095731.199	74	12	772024.132	7095731.251	5.641	18.52	0.033259138	1.6165676	0.48552036	0.073780471	42	2801	-1	-1	63354.94552	Trial1	Trial1	1.90400270172063
17	83-0238	UME_081104_P80_WD08_3	3	UME_081104_P80_WD08	772021.7	7095732.7	772022.4603	7095731.242	72	12	772022.103	7095731.322	9.398	18.344	0.025763007	1.0341444	0.663678892	0.164845469	42	2797	3.858732497	73.725	87326.81528	Trial1	Trial1	1.8189494118102
16	83-0169	UME_081104_P80_WD10_1	1	UME_081104_P80_WD10	772043.7	7095804.7	772046.0242	7095802.807	94	84	772045.926	7095803.012	6.882	15.686	0.052825808	2.0056245	0.623966757	0.082979736	24	1454	5.308451123	61.25	61168.55714	Trial1	Trial1	2.00166256202055
16	83-0169	UME_081104_P80_WD10_2	2	UME_081104_P80_WD10	772041.7	7095804.7	772044.0231	7095802.85	92	84	772043.969	7095802.971	11.123	22.12	0.053918355	2.202922	0.455814032	0.19483086	24	1453	-1	-1	116173.7108	Trial1	Trial1	2.03024618031419
16	83-0169	UME_081104_P80_WD10_3	3	UME_081104_P80_WD10	772039.7	7095804.7	772042.022	7095802.894	90	84	772042.03	7095803.032	11.155	21.848	0.044407402	1.8361791	0.404520187	0.16917494	24	1452	-1	-1	106554.2724	Trial1	Trial1	1.9834652176136
34	83-0488	UME_081104_P80_WE02_2	2	UME_081104_P80_WE02	771957.7	7095760.7	771959.0287	7095760.637	8	40	771958.856	7095760.528	11.981	22.209	0.185658771	2.7050385	0.461980357	0.214409539	34	2131	4.307941434	79.675	120192.0671	Trial1	Trial1	2.09674904498443
34	83-0488	UME_081104_P80_WE02_3	3	UME_081104_P80_WE02	771955.7	7095760.7	771957.0276	7095760.68	6	40	771956.753	7095760.631	10.196	18.677	0.021530116	0.8453116	0.528028324	0.147489177	34	2129	-1	-1	81889.09155	Trial1	Trial1	1.85044067933718
31	83-0346	UME_081104_P80_WE07_2	2	UME_081104_P80_WE07	771969.7	7095780.7	771971.4663	7095780.389	20	60	771971.72	7095780.365	6.769	11.525	0.084857625	4.5870142	0.597169856	0.042172992	30	1834	-1	-1	31734.26722	Trial1	Trial1	2.0392253191345
31	83-0346	UME_081104_P80_WE07_1	1	UME_081104_P80_WE07	771971.7	7095780.7	771973.4674	7095780.346	22	60	771973.068	7095780.221	8.1	12.622	0.024972401	1.0923426	0.51907551	0.052614445	30	1833	4.042707922	47.1	37107.86849	Trial1	Trial1	1.60940680207333
31	83-0346	UME_081104_P80_WE07_3	3	UME_081104_P80_WE07	771967.7	7095780.7	771969.4652	7095780.432	18	60	771969.484	7095780.352	7.713	6.454	0.030787781	1.5281491	0.525607567	0.01326484	30	1832	-1	-1	10578.56458	Trial1	Trial1	1.88651578468447
28	83-0346	UME_081104_P80_WE07_1	1	UME_081104_P80_WE07	771995.7	7095800.7	771997.9117	7095799.84	46	80	771997.917	7095799.843	11.159	24.623	0.016194509	0.6497971	0.572690376	0.30430966	24	1403	4.042707922	47.1	153865.4075	Trial1	Trial1	1.60940680207333
28	83-0346	UME_081104_P80_WE07_2	2	UME_081104_P80_WE07	771993.7	7095800.7	771995.9106	7095799.883	44	80	771995.925	7095799.909	8.2	14.671	0.023122496	0.7801358	0.75637065	0.104846848	24	1396	-1	-1	52398.16096	Trial1	Trial1	2.0392253191345
22	83-0286	UME_081104_P80_WE08_1	1	UME_081104_P80_WE08	772013.7	7095748.7	772014.8008	7095747.423	64	28	772014.596	7095747.589	10.751	19.183	0.103443629	1.7264342	0.504163625	0.156652611	38	2492	4.711139192	79.825	84938.78012	Trial1	Trial1	1.9398275225467
22	83-0286	UME_081104_P80_WE08_3	3	UME_081104_P80_WE08	772009.7	7095748.7	772010.7986	7095747.509	60	28	772010.736	7095747.74	10.174	17.517	0.112568421	2.4836606	0.536911781	0.131648844	38	2489	-1	-1	72742.13766	Trial1	Trial1	2.03414233450352
22	83-0286	UME_081104_P80_WE08_2	2	UME_081104_P80_WE08	772011.7	7095748.7	772012.7997	7095747.466	62	28	772012.662	7095747.845	4.776	16.855	0.029200171	1.2510868	0.707146397	0.075355064	38	2485	-1	-1	66911.27974	Trial1	Trial1	1.87275376209382
21	83-0319	UME_081104_P80_WE09_1	1	UME_081104_P80_WE09	772007.7	7095732.7	772008.4527	7095731.544	58	12	772008.016	7095731.593	8.472	20.658	0.040023587	1.3184331	0.609061587	0.17294669	42	2785	4.773270477	83.275	104878.3914	Trial1	Trial1	1.88369187144954
21	83-0319	UME_081104_P80_WE09_2	2	UME_081104_P80_WE09	772005.7	7095732.7	772006.4516	7095731.587	56	12	772006.064	7095731.687	7.01	18.208	0.029521524	2.2466923	0.427010351	0.077946022	42	2781	-1	-1	62158.27033	Trial1	Trial1	2.00350366791038
21	83-0319	UME_081104_P80_WE09_3	3	UME_081104_P80_WE09	772003.7	7095732.7	772004.4505	7095731.63	54	12	772004.037	7095731.867	7.875	13.977	0.106345626	3.305818	0.68882042	0.083233754	42	2780	-1	-1	61176.31746	Trial1	Trial1	2.141321428438
57	83-0912	UME_081104_P80_WF08_1	1	UME_081104_P80_WF08	772001.7	7095810.7	772004.1305	7095809.716	52	90	772004.193	7095809.601	7.569	23.078	0.032029597	1.0111505	0.568647489	0.18003792	22	1281	-1	-1	120514.6513	Trial1	Trial1	1.84888353887054
57	83-0912	UME_081104_P80_WF08_2	2	UME_081104_P80_WF08	771999.7	7095810.7	772002.1294	7095809.759	50	90	772002.179	7095809.716	11.315	31.594	0.222328278	7.7903965	0.357503993	0.317135039	22	1280	-1	-1	225567.2563	Trial1	Trial1	2.7556658907575
57	83-0912	UME_081104_P80_WF08_3	3	UME_081104_P80_WF08	771997.7	7095810.7	772000.1283	7095809.802	48	90	772000.266	7095809.769	9.4	22.015	0.018189238	0.6585271	0.510629186	0.182706506	22	1279	5.547394597	84.075	114476.4413	Trial1	Trial1	1.80345646441481
5	83-0018	UME_081104_P80_WF10_1	1	UME_081104_P80_WF10	772085.7	7095732.7	772086.4955	7095729.863	136	12	772086.255	7095730.346	6.642	11.743	0.033747948	1.6847357	1.053143245	0.07575652	42	2865	-1	-1	41783.21179	Trial1	Trial1	1.89627208977691
5	83-0018	UME_081104_P80_WF10_2	2	UME_081104_P80_WF10	772083.7	7095732.7	772084.4944	7095729.906	134	12	772084.291	7095730.287	7.507	11.388	0.040190679	1.7770678	0.551628781	0.0421769	42	2859	-1	-1	32442.64172	Trial1	Trial1	1.9015691318257
5	83-0018	UME_081104_P80_WF10_3	3	UME_081104_P80_WF10	772081.7	7095732.7	772082.4933	7095729.949	132	12	772082.224	7095730.499	11.233	20.766	0.078981871	3.3491573	0.412094629	0.156783611	42	2857	6.008937072	88.625	92057.41325	Trial1	Trial1	2.10468231990044
1	83-0010	UME_081104_P80_WG07_1	1	UME_081104_P80_WG07	772091.7	7095736.7	772092.585	7095733.735	142	16	772092.335	7095734.327	11.323	19.695	0.066946761	1.5732884	0.420919548	0.145205072	40	2717	3.538667588	72.25	92969.15587	Trial1	Trial1	1.84762260276693
1	83-0010	UME_081104_P80_WG07_2	2	UME_081104_P80_WG07	772089.7	7095736.7	772090.5839	7095733.779	140	16	772090.355	7095734.374	9.172	16.883	0.145174615	4.5365575	0.407110512	0.083588089	40	2716	-1	-1	68517.65964	Trial1	Trial1	2.23693903709715
1	83-0010	UME_081104_P80_WG07_3	3	UME_081104_P80_WG07	772087.7	7095736.7	772088.5828	7095733.822	138	16	772088.411	7095734.226	11.408	18.532	0.091924408	2.3759845	0.523153419	0.16097453	40	2715	-1	-1	82188.47289	Trial1	Trial1	1.94170507322566
17	83-0233	UME_081104_P80_WG09_2	2	UME_081104_P80_WG09	772029.7	7095724.7	772030.2923	7095723.065	80	4	772030.033	7095723.376	9.976	22.615	0.03703321	1.5165564	0.516297882	0.206884213	44	2957	-1	-1	123140.8183	Trial1	Trial1	1.92012119351451
17	83-0233	UME_081104_P80_WG09_1	1	UME_081104_P80_WG09	772031.7	7095724.7	772032.2934	7095723.022	82	4	772031.947	7095723.276	9.553	18.621	0.063123651	2.1300043	0.597237319	0.155377685	44	2956	4.397307227	73.575	88140.48278	Trial1	Trial1	2.01261471394194
17	83-0233	UME_081104_P80_WG09_3	3	UME_081104_P80_WG09	772027.7	7095724.7	772028.2912	7095723.108	78	4	772027.85	7095723.304	5.101	17.664	0.227143545	7.3417959	0.636003117	0.079506965	44	2955	-1	-1	73287.72079	Trial1	Trial1	2.68846298858495
15	83-0175	UME_081104_P80_WG10_1	1	UME_081104_P80_WG10	772043.7	7095780.7	772045.507	7095778.794	94	60	772045.385	7095778.882	4.855	19.663	0.03900428	1.273197	0.834925356	0.123100919	30	1904	-1	-1	104382.3048	Trial1	Trial1	1.87765559648584
15	83-0175	UME_081104_P80_WG10_2	2	UME_081104_P80_WG10	772041.7	7095780.7	772043.5059	7095778.837	92	60	772043.363	7095778.888	8.903	22.963	0.03247938	1.1664556	0.62016884	0.228672604	30	1901	4.376241719	95.1	133780.2372	Trial1	Trial1	1.86254826669336
15	83-0175	UME_081104_P80_WG10_3	3	UME_081104_P80_WG10	772039.7	7095780.7	772041.5048	7095778.88	90	60	772041.389	7095778.981	3.739	11.708	0.029933382	0.9675176	0.957343901	0.038540192	30	1900	-1	-1	33919.91673	Trial1	Trial1	1.83506665695115
5	83-0055	UME_081104_P80_WH07_1	1	UME_081104_P80_WH07	772079.7	7095732.7	772080.4922	7095729.992	130	12	772080.019	7095730.343	8.045	14.068	0.021369918	1.2955436	0.453008237	0.056651491	42	2856	4.897159128	61.625	42944.44377	Trial1	Trial1	1.82338273229108
5	83-0055	UME_081104_P80_WH07_2	2	UME_081104_P80_WH07	772077.7	7095732.7	772078.4911	7095730.035	128	12	772078.272	7095730.248	9.531	17.916	0.064437079	2.9499841	0.409163474	0.098313763	42	2855	-1	-1	60093.3309	Trial1	Trial1	2.03753282892931
5	83-0055	UME_081104_P80_WH07_3	3	UME_081104_P80_WH07	772075.7	7095732.7	772076.49	7095730.078	126	12	772076.052	7095730.467	8.408	12.592	0.046392789	2.2612463	0.517258761	0.054162148	42	2850	-1	-1	40369.65511	Trial1	Trial1	1.93850730889463
27	83-0352	UME_081104_P80_WH08_1	1	UME_081104_P80_WH08	771995.7	7095776.7	771997.3944	7095775.826	46	56	771997.299	7095775.869	12.677	24.154	0.141556234	2.4682018	0.442520401	0.257040314	30	1860	4.83925499	90.35	156244.7627	Trial1	Trial1	1.96955460905803
27	83-0352	UME_081104_P80_WH08_2	2	UME_081104_P80_WH08	771993.7	7095776.7	771995.3933	7095775.87	44	56	771995.214	7095775.755	7.148	15.615	0.050499193	0.8659395	0.782007981	0.107044396	30	1856	-1	-1	58084.52622	Trial1	Trial1	1.75765463573195
27	83-0352	UME_081104_P80_WH08_3	3	UME_081104_P80_WH08	771991.7	7095776.7	771993.3922	7095775.913	42	56	771993.17	7095775.723	11.733	20.473	0.233602532	3.8669228	0.381702757	0.147426165	30	1852	-1	-1	101872.8852	Trial1	Trial1	2.16111196136284
49	83-0729	UME_081104_P80_WH09_2	2	UME_081104_P80_WH09	772047.7	7095814.7	772050.2419	7095812.727	98	94	772050.282	7095812.786	8.853	16.252	0.023613332	0.4711991	0.588217828	0.108034576	22	1314	-1	-1	65829.87689	Trial1	Trial1	1.77960179435256
49	83-0729	UME_081104_P80_WH09_3	3	UME_081104_P80_WH09	772045.7	7095814.7	772048.2409	7095812.77	96	94	772048.114	7095812.873	11.969	16.592	0.047175064	0.9857178	0.499841244	0.129352194	22	1313	3.526532836	59.975	70530.28143	Trial1	Trial1	1.85135269964013
7	83-0247	UME_081104_P80_WH10_1	1	UME_081104_P80_WH10	772085.7	7095772.7	772087.3576	7095769.885	136	52	772087.12	7095770.353	6.068	7.829	0.011020034	0.4640529	0.552600231	0.016143661	32	2099	-1	-1	13681.25864	Trial1	Trial1	1.83397553463396
7	83-0247	UME_081104_P80_WH10_2	2	UME_081104_P80_WH10	772083.7	7095772.7	772085.3565	7095769.928	134	52	772085.145	7095770.373	5.891	7.747	0.021952433	0.8251438	0.562035319	0.015604584	32	2095	-1	-1	13144.52013	Trial1	Trial1	2.18954034420401
19	83-0247	UME_081104_P80_WH10_2	2	UME_081104_P80_WH10	772023.7	7095768.7	772025.2373	7095767.219	74	48	772025.148	7095767.225	6.621	18.353	0.125596623	3.8966974	0.592915426	0.103857534	32	2036	-1	-1	85029.84217	Trial1	Trial1	2.18954034420401
19	83-0247	UME_081104_P80_WH10_1	1	UME_081104_P80_WH10	772025.7	7095768.7	772027.2384	7095767.175	76	48	772027.131	7095767.182	6.798	21.725	0.034132099	1.2103655	0.593702401	0.149608367	32	2035	-1	-1	109222.5055	Trial1	Trial1	1.83397553463396
19	83-0247	UME_081104_P80_WH10_3	3	UME_081104_P80_WH10	772021.7	7095768.7	772023.2362	7095767.262	72	48	772023.091	7095767.262	8.568	21.967	0.126495128	2.7958234	0.454953942	0.147731643	32	2034	4.293984678	88.55	112515.3365	Trial1	Trial1	2.14388027086628
29	83-0449	UME_081104_P88_WF07_1	1	UME_081104_P88_WF07	771971.7	7095740.7	771972.6053	7095740.324	22	20	771972.343	7095740.411	12.009	17.956	0.056528471	1.6936667	0.721795912	0.219501047	40	2603	4.187550507	63.95	93819.55879	Trial1	Trial1	1.97444123889735
29	83-0449	UME_081104_P88_WF07_2	2	UME_081104_P88_WF07	771969.7	7095740.7	771970.6042	7095740.367	20	20	771970.309	7095740.483	5.644	16.825	0.0365457	1.1630528	0.764299117	0.09590923	40	2602	-1	-1	71425.88913	Trial1	Trial1	1.90835173412693
29	83-0449	UME_081104_P88_WF07_3	3	UME_081104_P88_WF07	771967.7	7095740.7	771968.6031	7095740.41	18	20	771968.295	7095740.485	13.072	18.318	0.053691935	1.3955038	0.436383889	0.150328238	40	2601	-1	-1	84297.63157	Trial1	Trial1	1.94408439981035
27	83-0350	UME_081104_P88_WG07_1	1	UME_081104_P88_WG07	771995.7	7095784.7	771997.5668	7095783.831	46	64	771997.511	7095783.743	11.38	23.375	0.048886117	2.0900865	0.586750972	0.286548192	28	1711	-1	-1	136213.2049	Trial1	Trial1	1.92424144323546
27	83-0350	UME_081104_P88_WG07_2	2	UME_081104_P88_WG07	771993.7	7095784.7	771995.5657	7095783.874	44	64	771995.524	7095783.839	12.187	20.562	0.064929761	1.2241004	0.504796203	0.204282385	28	1710	4.4739441	86.875	102302.2937	Trial1	Trial1	1.81050881314957
33	83-0502	UME_081104_P90_WE03_1	1	UME_081104_P90_WE03	771953.7	7095732.7	771954.423	7095732.708	4	12	771954.028	7095732.665	9.849	25.544	0.049093388	2.0603257	0.7369596	0.371963751	42	2734	5.85798079	102.3	170576.2038	Trial1	Trial1	1.87303518910806
33	83-0502	UME_081104_P90_WE03_2	2	UME_081104_P90_WE03	771951.7	7095732.7	771952.4219	7095732.751	2	12	771952.143	7095732.597	4.961	22.161	0.033517678	1.1368256	0.685619662	0.131190572	42	2733	-1	-1	116974.3937	Trial1	Trial1	1.75339121844124
33	83-0502	UME_081104_P90_WE03_3	3	UME_081104_P90_WE03	771949.7	7095732.7	771950.4208	7095732.794	0	12	771950.012	7095732.686	9.615	27.39	0.019810223	0.8061944	0.587456666	0.332799603	42	2732	-1	-1	179943.205	Trial1	Trial1	1.71297441974382
